-- 來源：frontend/data/commerce/camp-bookings.json；固定展示預訂不建立租借庫存保留或庫存異動。
INSERT INTO public.bookings (id, customer_id, campground_id, campground_name_snapshot, region_snapshot, check_in, check_out, guest_count, weekday_count, holiday_count, zone_total, rental_total, applied_discount, final_amount, payment_method, payment_status, paid_at, status, created_at, updated_at)
VALUES
    ('1', 'U022', 'C009', '台中武陵溪流野營', '中部', DATE '2026-03-31', DATE '2026-04-02', 5, 2, 0, 1900.00, 1800.00, 0.00, 3700.00, 'ecpay-credit', 'refunded', TIMESTAMPTZ '2026-03-02T17:26:48+08:00', 'cancelled', TIMESTAMPTZ '2026-03-02T17:26:48+08:00', TIMESTAMPTZ '2026-03-07T17:26:48+08:00'),
    ('2', 'U019', 'C007', '阿里山雲霧繚繞營地', '南部', DATE '2026-03-26', DATE '2026-03-27', 6, 1, 0, 1100.00, 0.00, 59.00, 1041.00, 'ecpay-credit', 'paid', TIMESTAMPTZ '2026-03-03T13:32:46+08:00', 'completed', TIMESTAMPTZ '2026-03-03T13:32:46+08:00', TIMESTAMPTZ '2026-03-12T13:32:46+08:00'),
    ('3', 'U027', 'C008', '宜蘭礁溪湯泉露營', '北部', DATE '2026-03-24', DATE '2026-03-25', 5, 1, 0, 1500.00, 300.00, 0.00, 1800.00, 'ecpay-credit', 'paid', TIMESTAMPTZ '2026-03-03T14:08:38+08:00', 'completed', TIMESTAMPTZ '2026-03-03T14:08:38+08:00', TIMESTAMPTZ '2026-03-14T14:08:38+08:00'),
    ('4', 'U025', 'C004', '太平山森林豪華露營', '北部', DATE '2026-03-26', DATE '2026-03-29', 2, 1, 2, 27000.00, 0.00, 62.00, 26938.00, 'ecpay-credit', 'paid', TIMESTAMPTZ '2026-03-09T16:21:53+08:00', 'pending', TIMESTAMPTZ '2026-03-09T16:21:53+08:00', TIMESTAMPTZ '2026-03-09T16:21:53+08:00'),
    ('5', 'U029', 'C008', '宜蘭礁溪湯泉露營', '北部', DATE '2026-03-21', DATE '2026-03-23', 6, 1, 1, 3700.00, 3000.00, 0.00, 6700.00, 'ecpay-credit', 'paid', TIMESTAMPTZ '2026-03-09T19:21:19+08:00', 'pending', TIMESTAMPTZ '2026-03-09T19:21:19+08:00', TIMESTAMPTZ '2026-03-09T19:21:19+08:00'),
    ('6', 'U023', 'C002', '雲海仙境露營區', '北部', DATE '2026-03-29', DATE '2026-03-31', 2, 2, 0, 2400.00, 0.00, 71.00, 2329.00, 'ecpay-credit', 'paid', TIMESTAMPTZ '2026-03-11T14:58:48+08:00', 'completed', TIMESTAMPTZ '2026-03-11T14:58:48+08:00', TIMESTAMPTZ '2026-03-17T14:58:48+08:00'),
    ('7', 'U020', 'C004', '太平山森林豪華露營', '北部', DATE '2026-04-15', DATE '2026-04-17', 2, 2, 0, 7000.00, 0.00, 0.00, 7000.00, 'ecpay-credit', 'paid', TIMESTAMPTZ '2026-03-17T14:43:51+08:00', 'completed', TIMESTAMPTZ '2026-03-17T14:43:51+08:00', TIMESTAMPTZ '2026-03-22T14:43:51+08:00'),
    ('8', 'U011', 'C007', '阿里山雲霧繚繞營地', '南部', DATE '2026-03-28', DATE '2026-03-31', 6, 2, 1, 3900.00, 1800.00, 81.00, 5619.00, 'ecpay-credit', 'paid', TIMESTAMPTZ '2026-03-17T17:31:43+08:00', 'confirmed', TIMESTAMPTZ '2026-03-17T17:31:43+08:00', TIMESTAMPTZ '2026-03-17T18:23:43+08:00'),
    ('9', 'U041', 'C002', '雲海仙境露營區', '北部', DATE '2026-03-30', DATE '2026-03-31', 6, 1, 0, 1000.00, 1100.00, 0.00, 2100.00, 'ecpay-credit', 'paid', TIMESTAMPTZ '2026-03-18T08:08:13+08:00', 'completed', TIMESTAMPTZ '2026-03-18T08:08:13+08:00', TIMESTAMPTZ '2026-03-31T08:08:13+08:00'),
    ('10', 'U035', 'C003', '溪谷秘境野營地', '中部', DATE '2026-04-02', DATE '2026-04-04', 2, 1, 1, 2200.00, 850.00, 87.00, 2963.00, 'ecpay-credit', 'paid', TIMESTAMPTZ '2026-03-19T17:20:06+08:00', 'completed', TIMESTAMPTZ '2026-03-19T17:20:06+08:00', TIMESTAMPTZ '2026-03-23T17:20:06+08:00'),
    ('11', 'U015', 'C004', '太平山森林豪華露營', '北部', DATE '2026-04-06', DATE '2026-04-08', 5, 2, 0, 14000.00, 0.00, 0.00, 14000.00, 'ecpay-credit', 'paid', TIMESTAMPTZ '2026-03-21T19:02:22+08:00', 'completed', TIMESTAMPTZ '2026-03-21T19:02:22+08:00', TIMESTAMPTZ '2026-03-25T19:02:22+08:00'),
    ('12', 'U046', 'C002', '雲海仙境露營區', '北部', DATE '2026-03-28', DATE '2026-03-31', 3, 2, 1, 7000.00, 3600.00, 135.00, 10465.00, 'ecpay-credit', 'paid', TIMESTAMPTZ '2026-03-23T10:30:33+08:00', 'confirmed', TIMESTAMPTZ '2026-03-23T10:30:33+08:00', TIMESTAMPTZ '2026-03-23T14:48:33+08:00'),
    ('13', 'U034', 'C003', '溪谷秘境野營地', '中部', DATE '2026-04-19', DATE '2026-04-21', 2, 2, 0, 1600.00, 700.00, 0.00, 2300.00, 'ecpay-credit', 'paid', TIMESTAMPTZ '2026-03-25T14:58:02+08:00', 'confirmed', TIMESTAMPTZ '2026-03-25T14:58:02+08:00', TIMESTAMPTZ '2026-03-25T16:25:02+08:00'),
    ('14', 'U009', 'C002', '雲海仙境露營區', '北部', DATE '2026-04-22', DATE '2026-04-25', 6, 2, 1, 4200.00, 0.00, 0.00, 4200.00, 'ecpay-credit', 'paid', TIMESTAMPTZ '2026-04-06T10:16:20+08:00', 'pending', TIMESTAMPTZ '2026-04-06T10:16:20+08:00', TIMESTAMPTZ '2026-04-06T10:16:20+08:00'),
    ('15', 'U033', 'C009', '台中武陵溪流野營', '中部', DATE '2026-05-09', DATE '2026-05-12', 3, 2, 1, 3350.00, 0.00, 0.00, 3350.00, 'ecpay-credit', 'paid', TIMESTAMPTZ '2026-04-10T15:02:43+08:00', 'pending', TIMESTAMPTZ '2026-04-10T15:02:43+08:00', TIMESTAMPTZ '2026-04-10T15:02:43+08:00'),
    ('16', 'U047', 'C007', '阿里山雲霧繚繞營地', '南部', DATE '2026-05-05', DATE '2026-05-08', 2, 3, 0, 6600.00, 1500.00, 0.00, 8100.00, 'ecpay-credit', 'paid', TIMESTAMPTZ '2026-04-11T21:06:18+08:00', 'completed', TIMESTAMPTZ '2026-04-11T21:06:18+08:00', TIMESTAMPTZ '2026-04-24T21:06:18+08:00'),
    ('17', 'U017', 'C004', '太平山森林豪華露營', '北部', DATE '2026-04-24', DATE '2026-04-26', 6, 0, 2, 20000.00, 0.00, 63.00, 19937.00, 'ecpay-credit', 'paid', TIMESTAMPTZ '2026-04-12T13:07:22+08:00', 'completed', TIMESTAMPTZ '2026-04-12T13:07:22+08:00', TIMESTAMPTZ '2026-04-19T13:07:22+08:00'),
    ('18', 'U032', 'C005', '南台灣星空草原營地', '南部', DATE '2026-04-27', DATE '2026-04-29', 2, 2, 0, 2800.00, 800.00, 0.00, 3600.00, 'ecpay-credit', 'paid', TIMESTAMPTZ '2026-04-12T18:00:58+08:00', 'completed', TIMESTAMPTZ '2026-04-12T18:00:58+08:00', TIMESTAMPTZ '2026-04-23T18:00:58+08:00'),
    ('19', 'U004', 'C003', '溪谷秘境野營地', '中部', DATE '2026-04-26', DATE '2026-04-28', 2, 2, 0, 1600.00, 0.00, 0.00, 1600.00, 'ecpay-credit', 'paid', TIMESTAMPTZ '2026-04-12T21:33:31+08:00', 'completed', TIMESTAMPTZ '2026-04-12T21:33:31+08:00', TIMESTAMPTZ '2026-04-16T21:33:31+08:00'),
    ('20', 'U005', 'C005', '南台灣星空草原營地', '南部', DATE '2026-05-09', DATE '2026-05-10', 4, 0, 1, 2200.00, 2400.00, 0.00, 4600.00, 'ecpay-credit', 'paid', TIMESTAMPTZ '2026-04-20T15:30:59+08:00', 'pending', TIMESTAMPTZ '2026-04-20T15:30:59+08:00', TIMESTAMPTZ '2026-04-20T15:30:59+08:00'),
    ('21', 'U050', 'C002', '雲海仙境露營區', '北部', DATE '2026-05-13', DATE '2026-05-15', 3, 2, 0, 2000.00, 0.00, 0.00, 2000.00, 'ecpay-credit', 'refunded', TIMESTAMPTZ '2026-04-21T13:31:16+08:00', 'cancelled', TIMESTAMPTZ '2026-04-21T13:31:16+08:00', TIMESTAMPTZ '2026-04-26T13:31:16+08:00'),
    ('22', 'U049', 'C009', '台中武陵溪流野營', '中部', DATE '2026-05-15', DATE '2026-05-17', 4, 0, 2, 5800.00, 2800.00, 166.00, 8434.00, 'ecpay-credit', 'paid', TIMESTAMPTZ '2026-04-21T18:10:07+08:00', 'confirmed', TIMESTAMPTZ '2026-04-21T18:10:07+08:00', TIMESTAMPTZ '2026-04-21T23:26:07+08:00'),
    ('23', 'U028', 'C008', '宜蘭礁溪湯泉露營', '北部', DATE '2026-05-19', DATE '2026-05-22', 5, 3, 0, 4500.00, 1800.00, 0.00, 6300.00, 'ecpay-credit', 'paid', TIMESTAMPTZ '2026-04-22T19:19:09+08:00', 'completed', TIMESTAMPTZ '2026-04-22T19:19:09+08:00', TIMESTAMPTZ '2026-04-27T19:19:09+08:00'),
    ('24', 'U013', 'C009', '台中武陵溪流野營', '中部', DATE '2026-05-10', DATE '2026-05-13', 3, 3, 0, 5700.00, 5400.00, 131.00, 10969.00, 'ecpay-credit', 'paid', TIMESTAMPTZ '2026-04-23T10:11:58+08:00', 'completed', TIMESTAMPTZ '2026-04-23T10:11:58+08:00', TIMESTAMPTZ '2026-04-26T10:11:58+08:00'),
    ('25', 'U001', 'C008', '宜蘭礁溪湯泉露營', '北部', DATE '2026-05-13', DATE '2026-05-15', 4, 2, 0, 6000.00, 1200.00, 82.00, 7118.00, 'ecpay-credit', 'refunded', TIMESTAMPTZ '2026-04-24T10:20:45+08:00', 'cancelled', TIMESTAMPTZ '2026-04-24T10:20:45+08:00', TIMESTAMPTZ '2026-04-29T10:20:45+08:00'),
    ('26', 'U044', 'C005', '南台灣星空草原營地', '南部', DATE '2026-05-03', DATE '2026-05-05', 5, 2, 0, 2800.00, 800.00, 0.00, 3600.00, 'ecpay-credit', 'paid', TIMESTAMPTZ '2026-04-25T16:34:44+08:00', 'confirmed', TIMESTAMPTZ '2026-04-25T16:34:44+08:00', TIMESTAMPTZ '2026-04-25T21:21:44+08:00'),
    ('27', 'U042', 'C007', '阿里山雲霧繚繞營地', '南部', DATE '2026-05-01', DATE '2026-05-03', 4, 0, 2, 6800.00, 0.00, 82.00, 6718.00, 'ecpay-credit', 'refunded', TIMESTAMPTZ '2026-04-26T12:51:05+08:00', 'cancelled', TIMESTAMPTZ '2026-04-26T12:51:05+08:00', TIMESTAMPTZ '2026-04-30T12:51:05+08:00'),
    ('28', 'U036', 'C005', '南台灣星空草原營地', '南部', DATE '2026-05-04', DATE '2026-05-06', 4, 2, 0, 1400.00, 2400.00, 0.00, 3800.00, 'ecpay-credit', 'paid', TIMESTAMPTZ '2026-04-28T09:35:03+08:00', 'confirmed', TIMESTAMPTZ '2026-04-28T09:35:03+08:00', TIMESTAMPTZ '2026-04-28T10:18:03+08:00'),
    ('29', 'U030', 'C004', '太平山森林豪華露營', '北部', DATE '2026-05-27', DATE '2026-05-29', 3, 2, 0, 14000.00, 0.00, 0.00, 14000.00, 'ecpay-credit', 'paid', TIMESTAMPTZ '2026-05-03T18:42:51+08:00', 'pending', TIMESTAMPTZ '2026-05-03T18:42:51+08:00', TIMESTAMPTZ '2026-05-03T18:42:51+08:00'),
    ('30', 'U010', 'C006', '花蓮海岸風露營區', '東部', DATE '2026-05-23', DATE '2026-05-24', 5, 0, 1, 2800.00, 0.00, 0.00, 2800.00, 'ecpay-credit', 'paid', TIMESTAMPTZ '2026-05-04T08:41:45+08:00', 'completed', TIMESTAMPTZ '2026-05-04T08:41:45+08:00', TIMESTAMPTZ '2026-05-12T08:41:45+08:00'),
    ('31', 'U008', 'C008', '宜蘭礁溪湯泉露營', '北部', DATE '2026-06-04', DATE '2026-06-05', 2, 1, 0, 3000.00, 600.00, 151.00, 3449.00, 'ecpay-credit', 'paid', TIMESTAMPTZ '2026-05-11T14:22:43+08:00', 'confirmed', TIMESTAMPTZ '2026-05-11T14:22:43+08:00', TIMESTAMPTZ '2026-05-11T17:55:43+08:00'),
    ('32', 'U002', 'C004', '太平山森林豪華露營', '北部', DATE '2026-05-24', DATE '2026-05-25', 3, 1, 0, 7000.00, 0.00, 76.00, 6924.00, 'ecpay-credit', 'paid', TIMESTAMPTZ '2026-05-17T10:29:32+08:00', 'confirmed', TIMESTAMPTZ '2026-05-17T10:29:32+08:00', TIMESTAMPTZ '2026-05-17T17:44:32+08:00'),
    ('33', 'U018', 'C008', '宜蘭礁溪湯泉露營', '北部', DATE '2026-06-10', DATE '2026-06-12', 5, 2, 0, 3000.00, 600.00, 0.00, 3600.00, 'ecpay-credit', 'paid', TIMESTAMPTZ '2026-05-21T13:19:25+08:00', 'completed', TIMESTAMPTZ '2026-05-21T13:19:25+08:00', TIMESTAMPTZ '2026-05-28T13:19:25+08:00'),
    ('34', 'U014', 'C009', '台中武陵溪流野營', '中部', DATE '2026-06-14', DATE '2026-06-15', 4, 1, 0, 1900.00, 0.00, 0.00, 1900.00, 'ecpay-credit', 'paid', TIMESTAMPTZ '2026-05-23T18:32:26+08:00', 'pending', TIMESTAMPTZ '2026-05-23T18:32:26+08:00', TIMESTAMPTZ '2026-05-23T18:32:26+08:00'),
    ('35', 'U021', 'C007', '阿里山雲霧繚繞營地', '南部', DATE '2026-06-16', DATE '2026-06-19', 3, 3, 0, 3300.00, 0.00, 0.00, 3300.00, 'ecpay-credit', 'paid', TIMESTAMPTZ '2026-05-23T19:31:34+08:00', 'confirmed', TIMESTAMPTZ '2026-05-23T19:31:34+08:00', TIMESTAMPTZ '2026-05-23T22:37:34+08:00'),
    ('36', 'U007', 'C003', '溪谷秘境野營地', '中部', DATE '2026-06-13', DATE '2026-06-15', 5, 1, 1, 4400.00, 1400.00, 0.00, 5800.00, 'ecpay-credit', 'refunded', TIMESTAMPTZ '2026-05-26T19:32:25+08:00', 'cancelled', TIMESTAMPTZ '2026-05-26T19:32:25+08:00', TIMESTAMPTZ '2026-05-30T19:32:25+08:00'),
    ('37', 'U016', 'C006', '花蓮海岸風露營區', '東部', DATE '2026-06-26', DATE '2026-06-28', 3, 0, 2, 5600.00, 0.00, 0.00, 5600.00, 'ecpay-credit', 'refunded', TIMESTAMPTZ '2026-05-27T09:26:20+08:00', 'cancelled', TIMESTAMPTZ '2026-05-27T09:26:20+08:00', TIMESTAMPTZ '2026-05-31T09:26:20+08:00'),
    ('38', 'U043', 'C007', '阿里山雲霧繚繞營地', '南部', DATE '2026-06-11', DATE '2026-06-13', 5, 1, 1, 2800.00, 650.00, 0.00, 3450.00, 'ecpay-credit', 'paid', TIMESTAMPTZ '2026-05-27T17:24:22+08:00', 'completed', TIMESTAMPTZ '2026-05-27T17:24:22+08:00', TIMESTAMPTZ '2026-06-05T17:24:22+08:00'),
    ('39', 'U045', 'C009', '台中武陵溪流野營', '中部', DATE '2026-06-05', DATE '2026-06-07', 6, 0, 2, 2900.00, 2800.00, 0.00, 5700.00, 'ecpay-credit', 'paid', TIMESTAMPTZ '2026-05-29T19:27:30+08:00', 'completed', TIMESTAMPTZ '2026-05-29T19:27:30+08:00', TIMESTAMPTZ '2026-06-09T19:27:30+08:00'),
    ('40', 'U038', 'C004', '太平山森林豪華露營', '北部', DATE '2026-06-17', DATE '2026-06-19', 3, 2, 0, 14000.00, 0.00, 0.00, 14000.00, 'ecpay-credit', 'paid', TIMESTAMPTZ '2026-05-31T14:59:17+08:00', 'pending', TIMESTAMPTZ '2026-05-31T14:59:17+08:00', TIMESTAMPTZ '2026-05-31T14:59:17+08:00'),
    ('41', 'U040', 'C003', '溪谷秘境野營地', '中部', DATE '2026-06-09', DATE '2026-06-11', 6, 2, 0, 1800.00, 0.00, 0.00, 1800.00, 'ecpay-credit', 'paid', TIMESTAMPTZ '2026-06-03T12:04:19+08:00', 'completed', TIMESTAMPTZ '2026-06-03T12:04:19+08:00', TIMESTAMPTZ '2026-06-13T12:04:19+08:00'),
    ('42', 'U048', 'C009', '台中武陵溪流野營', '中部', DATE '2026-06-20', DATE '2026-06-22', 3, 1, 1, 4800.00, 2300.00, 0.00, 7100.00, 'ecpay-credit', 'paid', TIMESTAMPTZ '2026-06-03T14:16:51+08:00', 'completed', TIMESTAMPTZ '2026-06-03T14:16:51+08:00', TIMESTAMPTZ '2026-06-12T14:16:51+08:00'),
    ('43', 'U012', 'C002', '雲海仙境露營區', '北部', DATE '2026-06-13', DATE '2026-06-15', 6, 1, 1, 2500.00, 1500.00, 0.00, 4000.00, 'ecpay-credit', 'paid', TIMESTAMPTZ '2026-06-04T14:53:50+08:00', 'completed', TIMESTAMPTZ '2026-06-04T14:53:50+08:00', TIMESTAMPTZ '2026-06-13T14:53:50+08:00'),
    ('44', 'U037', 'C008', '宜蘭礁溪湯泉露營', '北部', DATE '2026-07-06', DATE '2026-07-09', 2, 3, 0, 4500.00, 0.00, 0.00, 4500.00, 'ecpay-credit', 'paid', TIMESTAMPTZ '2026-06-07T15:08:54+08:00', 'completed', TIMESTAMPTZ '2026-06-07T15:08:54+08:00', TIMESTAMPTZ '2026-06-12T15:08:54+08:00'),
    ('45', 'U031', 'C004', '太平山森林豪華露營', '北部', DATE '2026-07-07', DATE '2026-07-09', 2, 2, 0, 7000.00, 0.00, 0.00, 7000.00, 'ecpay-credit', 'paid', TIMESTAMPTZ '2026-06-13T14:22:11+08:00', 'confirmed', TIMESTAMPTZ '2026-06-13T14:22:11+08:00', TIMESTAMPTZ '2026-06-13T16:07:11+08:00'),
    ('46', 'U026', 'C004', '太平山森林豪華露營', '北部', DATE '2026-06-20', DATE '2026-06-21', 3, 0, 1, 10000.00, 0.00, 0.00, 10000.00, 'ecpay-credit', 'refunded', TIMESTAMPTZ '2026-06-13T17:06:45+08:00', 'cancelled', TIMESTAMPTZ '2026-06-13T17:06:45+08:00', TIMESTAMPTZ '2026-06-16T17:06:45+08:00'),
    ('47', 'U024', 'C009', '台中武陵溪流野營', '中部', DATE '2026-07-06', DATE '2026-07-09', 2, 3, 0, 5700.00, 0.00, 0.00, 5700.00, 'ecpay-credit', 'paid', TIMESTAMPTZ '2026-06-21T09:39:57+08:00', 'confirmed', TIMESTAMPTZ '2026-06-21T09:39:57+08:00', TIMESTAMPTZ '2026-06-21T12:11:57+08:00'),
    ('48', 'U006', 'C007', '阿里山雲霧繚繞營地', '南部', DATE '2026-07-24', DATE '2026-07-26', 3, 0, 2, 6800.00, 1600.00, 129.00, 8271.00, 'ecpay-credit', 'paid', TIMESTAMPTZ '2026-06-27T10:23:35+08:00', 'confirmed', TIMESTAMPTZ '2026-06-27T10:23:35+08:00', TIMESTAMPTZ '2026-06-27T15:38:35+08:00'),
    ('49', 'U003', 'C008', '宜蘭礁溪湯泉露營', '北部', DATE '2026-07-13', DATE '2026-07-14', 6, 1, 0, 1500.00, 900.00, 57.00, 2343.00, 'ecpay-credit', 'paid', TIMESTAMPTZ '2026-06-27T17:58:27+08:00', 'confirmed', TIMESTAMPTZ '2026-06-27T17:58:27+08:00', TIMESTAMPTZ '2026-06-27T22:11:27+08:00'),
    ('50', 'U039', 'C009', '台中武陵溪流野營', '中部', DATE '2026-07-06', DATE '2026-07-09', 2, 3, 0, 5700.00, 5400.00, 0.00, 11100.00, 'ecpay-credit', 'paid', TIMESTAMPTZ '2026-06-28T17:08:20+08:00', 'pending', TIMESTAMPTZ '2026-06-28T17:08:20+08:00', TIMESTAMPTZ '2026-06-28T17:08:20+08:00'),
    ('51', 'U003', 'C002', '雲海仙境露營區', '北部', DATE '2026-07-17', DATE '2026-07-19', 2, 0, 2, 9000.00, 0.00, 0.00, 9000.00, 'ecpay-credit', 'paid', TIMESTAMPTZ '2026-07-09T00:00:00+08:00', 'confirmed', TIMESTAMPTZ '2026-07-09T00:00:00+08:00', TIMESTAMPTZ '2026-07-09T00:00:00+08:00'),
    ('52', 'U007', 'C002', '雲海仙境露營區', '北部', DATE '2026-07-17', DATE '2026-07-19', 2, 0, 2, 9000.00, 0.00, 0.00, 9000.00, 'ecpay-credit', 'paid', TIMESTAMPTZ '2026-07-09T00:00:00+08:00', 'confirmed', TIMESTAMPTZ '2026-07-09T00:00:00+08:00', TIMESTAMPTZ '2026-07-09T00:00:00+08:00'),
    ('53', 'U011', 'C002', '雲海仙境露營區', '北部', DATE '2026-07-17', DATE '2026-07-19', 2, 0, 2, 9000.00, 0.00, 0.00, 9000.00, 'ecpay-credit', 'paid', TIMESTAMPTZ '2026-07-09T00:00:00+08:00', 'confirmed', TIMESTAMPTZ '2026-07-09T00:00:00+08:00', TIMESTAMPTZ '2026-07-09T00:00:00+08:00'),
    ('54', 'U015', 'C002', '雲海仙境露營區', '北部', DATE '2026-07-17', DATE '2026-07-19', 2, 0, 2, 15000.00, 0.00, 0.00, 15000.00, 'ecpay-credit', 'refunded', TIMESTAMPTZ '2026-07-09T00:00:00+08:00', 'cancelled', TIMESTAMPTZ '2026-07-09T00:00:00+08:00', TIMESTAMPTZ '2026-07-09T00:00:00+08:00'),
    ('55', 'U001', 'C008', '宜蘭礁溪湯泉露營', '北部', DATE '2026-07-16', DATE '2026-07-19', 2, 1, 2, 11800.00, 0.00, 0.00, 11800.00, 'ecpay-credit', 'paid', TIMESTAMPTZ '2026-07-09T00:00:00+08:00', 'confirmed', TIMESTAMPTZ '2026-07-09T00:00:00+08:00', TIMESTAMPTZ '2026-07-09T00:00:00+08:00'),
    ('56', 'U019', 'C008', '宜蘭礁溪湯泉露營', '北部', DATE '2026-07-25', DATE '2026-07-27', 2, 1, 1, 10000.00, 0.00, 0.00, 10000.00, 'ecpay-credit', 'paid', TIMESTAMPTZ '2026-07-09T00:00:00+08:00', 'confirmed', TIMESTAMPTZ '2026-07-09T00:00:00+08:00', TIMESTAMPTZ '2026-07-09T00:00:00+08:00'),
    ('57', 'U022', 'C004', '太平山森林豪華露營', '北部', DATE '2026-07-29', DATE '2026-07-31', 2, 2, 0, 7000.00, 0.00, 0.00, 7000.00, 'ecpay-credit', 'paid', TIMESTAMPTZ '2026-07-09T00:00:00+08:00', 'confirmed', TIMESTAMPTZ '2026-07-09T00:00:00+08:00', TIMESTAMPTZ '2026-07-09T00:00:00+08:00'),
    ('58', 'U025', 'C003', '溪谷秘境野營地', '中部', DATE '2026-07-12', DATE '2026-07-14', 2, 2, 0, 3200.00, 0.00, 0.00, 3200.00, 'ecpay-credit', 'paid', TIMESTAMPTZ '2026-07-09T00:00:00+08:00', 'confirmed', TIMESTAMPTZ '2026-07-09T00:00:00+08:00', TIMESTAMPTZ '2026-07-09T00:00:00+08:00'),
    ('59', 'U029', 'C003', '溪谷秘境野營地', '中部', DATE '2026-08-03', DATE '2026-08-06', 2, 3, 0, 2700.00, 0.00, 0.00, 2700.00, 'ecpay-credit', 'paid', TIMESTAMPTZ '2026-07-09T00:00:00+08:00', 'confirmed', TIMESTAMPTZ '2026-07-09T00:00:00+08:00', TIMESTAMPTZ '2026-07-09T00:00:00+08:00'),
    ('60', 'U012', 'C007', '阿里山雲霧繚繞營地', '南部', DATE '2026-07-23', DATE '2026-07-25', 2, 1, 1, 5600.00, 0.00, 0.00, 5600.00, 'ecpay-credit', 'paid', TIMESTAMPTZ '2026-07-09T00:00:00+08:00', 'pending', TIMESTAMPTZ '2026-07-09T00:00:00+08:00', TIMESTAMPTZ '2026-07-09T00:00:00+08:00'),
    ('61', 'U018', 'C009', '台中武陵溪流野營', '中部', DATE '2026-08-10', DATE '2026-08-12', 2, 2, 0, 1900.00, 0.00, 0.00, 1900.00, 'ecpay-credit', 'paid', TIMESTAMPTZ '2026-07-09T00:00:00+08:00', 'pending', TIMESTAMPTZ '2026-07-09T00:00:00+08:00', TIMESTAMPTZ '2026-07-09T00:00:00+08:00'),
    ('62', 'U002', 'C002', '雲海仙境露營區', '北部', DATE '2026-07-13', DATE '2026-07-15', 2, 2, 0, 2400.00, 0.00, 0.00, 2400.00, 'ecpay-credit', 'paid', TIMESTAMPTZ '2026-07-09T00:00:00+08:00', 'confirmed', TIMESTAMPTZ '2026-07-09T00:00:00+08:00', TIMESTAMPTZ '2026-07-09T00:00:00+08:00'),
    ('63', 'U004', 'C005', '南台灣星空草原營地', '南部', DATE '2026-07-15', DATE '2026-07-17', 2, 2, 0, 1400.00, 0.00, 0.00, 1400.00, 'ecpay-credit', 'paid', TIMESTAMPTZ '2026-07-09T00:00:00+08:00', 'confirmed', TIMESTAMPTZ '2026-07-09T00:00:00+08:00', TIMESTAMPTZ '2026-07-09T00:00:00+08:00'),
    ('64', 'U006', 'C006', '花蓮海岸風露營區', '東部', DATE '2026-07-20', DATE '2026-07-22', 2, 2, 0, 1800.00, 0.00, 0.00, 1800.00, 'ecpay-credit', 'paid', TIMESTAMPTZ '2026-07-09T00:00:00+08:00', 'confirmed', TIMESTAMPTZ '2026-07-09T00:00:00+08:00', TIMESTAMPTZ '2026-07-09T00:00:00+08:00'),
    ('65', 'U008', 'C006', '花蓮海岸風露營區', '東部', DATE '2026-07-22', DATE '2026-07-24', 2, 2, 0, 2200.00, 0.00, 0.00, 2200.00, 'ecpay-credit', 'paid', TIMESTAMPTZ '2026-07-09T00:00:00+08:00', 'confirmed', TIMESTAMPTZ '2026-07-09T00:00:00+08:00', TIMESTAMPTZ '2026-07-09T00:00:00+08:00'),
    ('66', 'U010', 'C009', '台中武陵溪流野營', '中部', DATE '2026-08-04', DATE '2026-08-06', 2, 2, 0, 1900.00, 0.00, 0.00, 1900.00, 'ecpay-credit', 'paid', TIMESTAMPTZ '2026-07-09T00:00:00+08:00', 'confirmed', TIMESTAMPTZ '2026-07-09T00:00:00+08:00', TIMESTAMPTZ '2026-07-09T00:00:00+08:00'),
    ('67', 'U013', 'C009', '台中武陵溪流野營', '中部', DATE '2026-07-18', DATE '2026-07-20', 2, 1, 1, 2650.00, 0.00, 0.00, 2650.00, 'ecpay-credit', 'paid', TIMESTAMPTZ '2026-07-09T00:00:00+08:00', 'confirmed', TIMESTAMPTZ '2026-07-09T00:00:00+08:00', TIMESTAMPTZ '2026-07-09T00:00:00+08:00'),
    ('68', 'U004', 'C005', '南台灣星空草原營地', '南部', DATE '2026-06-28', DATE '2026-06-30', 2, 2, 0, 1400.00, 0.00, 0.00, 1400.00, 'ecpay-credit', 'paid', TIMESTAMPTZ '2026-06-26T11:00:00+08:00', 'completed', TIMESTAMPTZ '2026-06-26T11:00:00+08:00', TIMESTAMPTZ '2026-06-26T11:00:00+08:00'),
    ('69', 'U005', 'C006', '花蓮海岸風露營區', '東部', DATE '2026-07-01', DATE '2026-07-03', 2, 2, 0, 1800.00, 0.00, 0.00, 1800.00, 'ecpay-credit', 'paid', TIMESTAMPTZ '2026-06-27T15:20:00+08:00', 'completed', TIMESTAMPTZ '2026-06-27T15:20:00+08:00', TIMESTAMPTZ '2026-06-27T15:20:00+08:00'),
    ('70', 'U006', 'C008', '宜蘭礁溪湯泉露營', '北部', DATE '2026-07-02', DATE '2026-07-04', 2, 1, 1, 10000.00, 0.00, 0.00, 10000.00, 'ecpay-credit', 'paid', TIMESTAMPTZ '2026-06-30T09:45:00+08:00', 'completed', TIMESTAMPTZ '2026-06-30T09:45:00+08:00', TIMESTAMPTZ '2026-06-30T09:45:00+08:00'),
    ('71', 'U008', 'C002', '雲海仙境露營區', '北部', DATE '2026-07-10', DATE '2026-07-12', 2, 0, 2, 3600.00, 0.00, 0.00, 3600.00, 'ecpay-credit', 'paid', TIMESTAMPTZ '2026-07-03T10:15:00+08:00', 'confirmed', TIMESTAMPTZ '2026-07-03T10:15:00+08:00', TIMESTAMPTZ '2026-07-03T10:15:00+08:00'),
    ('72', 'U009', 'C003', '溪谷秘境野營地', '中部', DATE '2026-07-11', DATE '2026-07-13', 2, 1, 1, 2200.00, 550.00, 0.00, 2750.00, 'ecpay-credit', 'paid', TIMESTAMPTZ '2026-07-04T16:30:00+08:00', 'confirmed', TIMESTAMPTZ '2026-07-04T16:30:00+08:00', TIMESTAMPTZ '2026-07-04T16:30:00+08:00'),
    ('73', 'U010', 'C007', '阿里山雲霧繚繞營地', '南部', DATE '2026-07-14', DATE '2026-07-16', 2, 2, 0, 2200.00, 0.00, 0.00, 2200.00, 'ecpay-credit', 'paid', TIMESTAMPTZ '2026-07-05T11:00:00+08:00', 'confirmed', TIMESTAMPTZ '2026-07-05T11:00:00+08:00', TIMESTAMPTZ '2026-07-05T11:00:00+08:00'),
    ('74', 'U014', 'C008', '宜蘭礁溪湯泉露營', '北部', DATE '2026-07-15', DATE '2026-07-17', 2, 2, 0, 3000.00, 600.00, 0.00, 3600.00, 'ecpay-credit', 'paid', TIMESTAMPTZ '2026-07-06T13:20:00+08:00', 'confirmed', TIMESTAMPTZ '2026-07-06T13:20:00+08:00', TIMESTAMPTZ '2026-07-06T13:20:00+08:00'),
    ('75', 'U017', 'C009', '台中武陵溪流野營', '中部', DATE '2026-07-18', DATE '2026-07-20', 2, 1, 1, 2650.00, 0.00, 0.00, 2650.00, 'ecpay-credit', 'paid', TIMESTAMPTZ '2026-07-07T09:00:00+08:00', 'confirmed', TIMESTAMPTZ '2026-07-07T09:00:00+08:00', TIMESTAMPTZ '2026-07-07T09:00:00+08:00'),
    ('76', 'U021', 'C005', '南台灣星空草原營地', '南部', DATE '2026-07-21', DATE '2026-07-23', 2, 2, 0, 1400.00, 800.00, 0.00, 2200.00, 'ecpay-credit', 'paid', TIMESTAMPTZ '2026-07-08T14:45:00+08:00', 'confirmed', TIMESTAMPTZ '2026-07-08T14:45:00+08:00', TIMESTAMPTZ '2026-07-08T14:45:00+08:00'),
    ('77', 'U023', 'C004', '太平山森林豪華露營', '北部', DATE '2026-07-22', DATE '2026-07-24', 2, 2, 0, 7000.00, 0.00, 0.00, 7000.00, 'ecpay-credit', 'paid', TIMESTAMPTZ '2026-07-10T10:00:00+08:00', 'confirmed', TIMESTAMPTZ '2026-07-10T10:00:00+08:00', TIMESTAMPTZ '2026-07-10T10:00:00+08:00'),
    ('78', 'U026', 'C002', '雲海仙境露營區', '北部', DATE '2026-07-26', DATE '2026-07-28', 2, 2, 0, 2000.00, 0.00, 0.00, 2000.00, 'ecpay-credit', 'paid', TIMESTAMPTZ '2026-07-12T11:30:00+08:00', 'confirmed', TIMESTAMPTZ '2026-07-12T11:30:00+08:00', TIMESTAMPTZ '2026-07-12T11:30:00+08:00'),
    ('79', 'U028', 'C003', '溪谷秘境野營地', '中部', DATE '2026-07-30', DATE '2026-08-01', 2, 1, 1, 2000.00, 0.00, 0.00, 2000.00, 'ecpay-credit', 'paid', TIMESTAMPTZ '2026-07-15T16:00:00+08:00', 'confirmed', TIMESTAMPTZ '2026-07-15T16:00:00+08:00', TIMESTAMPTZ '2026-07-15T16:00:00+08:00'),
    ('80', 'U031', 'C006', '花蓮海岸風露營區', '東部', DATE '2026-08-05', DATE '2026-08-07', 2, 2, 0, 2200.00, 0.00, 0.00, 2200.00, 'ecpay-credit', 'paid', TIMESTAMPTZ '2026-07-20T10:00:00+08:00', 'confirmed', TIMESTAMPTZ '2026-07-20T10:00:00+08:00', TIMESTAMPTZ '2026-07-20T10:00:00+08:00'),
    ('81', 'U033', 'C007', '阿里山雲霧繚繞營地', '南部', DATE '2026-08-08', DATE '2026-08-10', 2, 1, 1, 2800.00, 0.00, 0.00, 2800.00, 'ecpay-credit', 'paid', TIMESTAMPTZ '2026-07-25T14:00:00+08:00', 'confirmed', TIMESTAMPTZ '2026-07-25T14:00:00+08:00', TIMESTAMPTZ '2026-07-25T14:00:00+08:00'),
    ('82', 'U035', 'C008', '宜蘭礁溪湯泉露營', '北部', DATE '2026-08-12', DATE '2026-08-14', 2, 2, 0, 8000.00, 600.00, 0.00, 8600.00, 'ecpay-credit', 'paid', TIMESTAMPTZ '2026-08-01T09:30:00+08:00', 'confirmed', TIMESTAMPTZ '2026-08-01T09:30:00+08:00', TIMESTAMPTZ '2026-08-01T09:30:00+08:00'),
    ('83', 'U038', 'C005', '南台灣星空草原營地', '南部', DATE '2026-08-15', DATE '2026-08-17', 2, 1, 1, 1800.00, 0.00, 0.00, 1800.00, 'ecpay-credit', 'paid', TIMESTAMPTZ '2026-08-03T11:00:00+08:00', 'confirmed', TIMESTAMPTZ '2026-08-03T11:00:00+08:00', TIMESTAMPTZ '2026-08-03T11:00:00+08:00'),
    ('84', 'U040', 'C009', '台中武陵溪流野營', '中部', DATE '2026-08-20', DATE '2026-08-22', 2, 1, 1, 2400.00, 0.00, 0.00, 2400.00, 'ecpay-credit', 'paid', TIMESTAMPTZ '2026-08-05T15:20:00+08:00', 'confirmed', TIMESTAMPTZ '2026-08-05T15:20:00+08:00', TIMESTAMPTZ '2026-08-05T15:20:00+08:00'),
    ('85', 'U042', 'C002', '雲海仙境露營區', '北部', DATE '2026-08-25', DATE '2026-08-27', 2, 2, 0, 2400.00, 0.00, 0.00, 2400.00, 'ecpay-credit', 'paid', TIMESTAMPTZ '2026-08-10T10:45:00+08:00', 'confirmed', TIMESTAMPTZ '2026-08-10T10:45:00+08:00', TIMESTAMPTZ '2026-08-10T10:45:00+08:00'),
    ('86', 'U044', 'C003', '溪谷秘境野營地', '中部', DATE '2026-09-05', DATE '2026-09-07', 2, 1, 1, 2200.00, 0.00, 0.00, 2200.00, 'ecpay-credit', 'paid', TIMESTAMPTZ '2026-08-20T10:00:00+08:00', 'confirmed', TIMESTAMPTZ '2026-08-20T10:00:00+08:00', TIMESTAMPTZ '2026-08-20T10:00:00+08:00'),
    ('87', 'U046', 'C004', '太平山森林豪華露營', '北部', DATE '2026-09-10', DATE '2026-09-12', 2, 1, 1, 8500.00, 0.00, 0.00, 8500.00, 'ecpay-credit', 'paid', TIMESTAMPTZ '2026-08-25T14:30:00+08:00', 'confirmed', TIMESTAMPTZ '2026-08-25T14:30:00+08:00', TIMESTAMPTZ '2026-08-25T14:30:00+08:00'),
    ('88', 'U048', 'C006', '花蓮海岸風露營區', '東部', DATE '2026-09-15', DATE '2026-09-17', 2, 2, 0, 1800.00, 1200.00, 0.00, 3000.00, 'ecpay-credit', 'paid', TIMESTAMPTZ '2026-09-01T09:00:00+08:00', 'confirmed', TIMESTAMPTZ '2026-09-01T09:00:00+08:00', TIMESTAMPTZ '2026-09-01T09:00:00+08:00'),
    ('89', 'U050', 'C007', '阿里山雲霧繚繞營地', '南部', DATE '2026-09-20', DATE '2026-09-22', 2, 2, 0, 2200.00, 0.00, 0.00, 2200.00, 'ecpay-credit', 'paid', TIMESTAMPTZ '2026-09-05T11:15:00+08:00', 'confirmed', TIMESTAMPTZ '2026-09-05T11:15:00+08:00', TIMESTAMPTZ '2026-09-05T11:15:00+08:00'),
    ('90', 'U002', 'C008', '宜蘭礁溪湯泉露營', '北部', DATE '2026-09-25', DATE '2026-09-27', 2, 0, 2, 4400.00, 0.00, 0.00, 4400.00, 'ecpay-credit', 'paid', TIMESTAMPTZ '2026-09-08T16:00:00+08:00', 'confirmed', TIMESTAMPTZ '2026-09-08T16:00:00+08:00', TIMESTAMPTZ '2026-09-08T16:00:00+08:00')
ON CONFLICT (id) DO UPDATE SET
    customer_id = EXCLUDED.customer_id,
    campground_id = EXCLUDED.campground_id,
    campground_name_snapshot = EXCLUDED.campground_name_snapshot,
    region_snapshot = EXCLUDED.region_snapshot,
    check_in = EXCLUDED.check_in,
    check_out = EXCLUDED.check_out,
    guest_count = EXCLUDED.guest_count,
    weekday_count = EXCLUDED.weekday_count,
    holiday_count = EXCLUDED.holiday_count,
    zone_total = EXCLUDED.zone_total,
    rental_total = EXCLUDED.rental_total,
    applied_discount = EXCLUDED.applied_discount,
    final_amount = EXCLUDED.final_amount,
    payment_method = EXCLUDED.payment_method,
    payment_status = EXCLUDED.payment_status,
    paid_at = EXCLUDED.paid_at,
    status = EXCLUDED.status,
    created_at = EXCLUDED.created_at,
    updated_at = EXCLUDED.updated_at;

INSERT INTO public.booking_selected_zones (id, booking_id, zone_id, zone_type_snapshot, price_weekday_snapshot, price_holiday_snapshot, quantity) OVERRIDING SYSTEM VALUE
VALUES
    (700011, '1', 'Z012', '碎石區', 950.00, 1450.00, 1),
    (700021, '2', 'Z009', '棧板區', 1100.00, 1700.00, 1),
    (700031, '3', 'Z010', '草皮區', 1500.00, 2200.00, 1),
    (700041, '4', 'Z005', '免搭帳／豪華露營 (Glamping)', 3500.00, 5000.00, 2),
    (700051, '5', 'Z010', '草皮區', 1500.00, 2200.00, 1),
    (700061, '6', 'Z002', '雨棚區', 1200.00, 1800.00, 1),
    (700071, '7', 'Z005', '免搭帳／豪華露營 (Glamping)', 3500.00, 5000.00, 1),
    (700081, '8', 'Z009', '棧板區', 1100.00, 1700.00, 1),
    (700091, '9', 'Z001', '草皮區', 1000.00, 1500.00, 1),
    (700101, '10', 'Z004', '棧板區', 900.00, 1300.00, 1),
    (700111, '11', 'Z005', '免搭帳／豪華露營 (Glamping)', 3500.00, 5000.00, 2),
    (700121, '12', 'Z001', '草皮區', 1000.00, 1500.00, 2),
    (700131, '13', 'Z003', '碎石區', 800.00, 1200.00, 1),
    (700141, '14', 'Z002', '雨棚區', 1200.00, 1800.00, 1),
    (700151, '15', 'Z012', '碎石區', 950.00, 1450.00, 1),
    (700161, '16', 'Z009', '棧板區', 1100.00, 1700.00, 2),
    (700171, '17', 'Z005', '免搭帳／豪華露營 (Glamping)', 3500.00, 5000.00, 2),
    (700181, '18', 'Z006', '草皮區', 700.00, 1100.00, 2),
    (700191, '19', 'Z003', '碎石區', 800.00, 1200.00, 1),
    (700201, '20', 'Z006', '草皮區', 700.00, 1100.00, 2),
    (700211, '21', 'Z001', '草皮區', 1000.00, 1500.00, 1),
    (700221, '22', 'Z012', '碎石區', 950.00, 1450.00, 2),
    (700231, '23', 'Z010', '草皮區', 1500.00, 2200.00, 1),
    (700241, '24', 'Z012', '碎石區', 950.00, 1450.00, 2),
    (700251, '25', 'Z010', '草皮區', 1500.00, 2200.00, 2),
    (700261, '26', 'Z006', '草皮區', 700.00, 1100.00, 2),
    (700271, '27', 'Z009', '棧板區', 1100.00, 1700.00, 2),
    (700281, '28', 'Z006', '草皮區', 700.00, 1100.00, 1),
    (700291, '29', 'Z005', '免搭帳／豪華露營 (Glamping)', 3500.00, 5000.00, 2),
    (700301, '30', 'Z007', '草皮區', 900.00, 1400.00, 2),
    (700311, '31', 'Z010', '草皮區', 1500.00, 2200.00, 2),
    (700321, '32', 'Z005', '免搭帳／豪華露營 (Glamping)', 3500.00, 5000.00, 2),
    (700331, '33', 'Z010', '草皮區', 1500.00, 2200.00, 1),
    (700341, '34', 'Z012', '碎石區', 950.00, 1450.00, 2),
    (700351, '35', 'Z009', '棧板區', 1100.00, 1700.00, 1),
    (700361, '36', 'Z004', '棧板區', 900.00, 1300.00, 2),
    (700371, '37', 'Z007', '草皮區', 900.00, 1400.00, 2),
    (700381, '38', 'Z009', '棧板區', 1100.00, 1700.00, 1),
    (700391, '39', 'Z012', '碎石區', 950.00, 1450.00, 1),
    (700401, '40', 'Z005', '免搭帳／豪華露營 (Glamping)', 3500.00, 5000.00, 2),
    (700411, '41', 'Z004', '棧板區', 900.00, 1300.00, 1),
    (700421, '42', 'Z012', '碎石區', 950.00, 1450.00, 2),
    (700431, '43', 'Z001', '草皮區', 1000.00, 1500.00, 1),
    (700441, '44', 'Z010', '草皮區', 1500.00, 2200.00, 1),
    (700451, '45', 'Z005', '免搭帳／豪華露營 (Glamping)', 3500.00, 5000.00, 1),
    (700461, '46', 'Z005', '免搭帳／豪華露營 (Glamping)', 3500.00, 5000.00, 2),
    (700471, '47', 'Z012', '碎石區', 950.00, 1450.00, 2),
    (700481, '48', 'Z009', '棧板區', 1100.00, 1700.00, 2),
    (700491, '49', 'Z010', '草皮區', 1500.00, 2200.00, 1),
    (700501, '50', 'Z012', '碎石區', 950.00, 1450.00, 2),
    (700511, '51', 'Z001', '草皮區', 1000.00, 1500.00, 3),
    (700521, '52', 'Z001', '草皮區', 1000.00, 1500.00, 3),
    (700531, '53', 'Z001', '草皮區', 1000.00, 1500.00, 3),
    (700541, '54', 'Z001', '草皮區', 1000.00, 1500.00, 5),
    (700551, '55', 'Z010', '草皮區', 1500.00, 2200.00, 2),
    (700561, '56', 'Z011', '免搭帳／豪華露營 (Glamping)', 4000.00, 6000.00, 1),
    (700571, '57', 'Z005', '免搭帳／豪華露營 (Glamping)', 3500.00, 5000.00, 1),
    (700581, '58', 'Z003', '碎石區', 800.00, 1200.00, 2),
    (700591, '59', 'Z004', '棧板區', 900.00, 1300.00, 1),
    (700601, '60', 'Z009', '棧板區', 1100.00, 1700.00, 2),
    (700611, '61', 'Z012', '碎石區', 950.00, 1450.00, 1),
    (700621, '62', 'Z002', '雨棚區', 1200.00, 1800.00, 1),
    (700631, '63', 'Z006', '草皮區', 700.00, 1100.00, 1),
    (700641, '64', 'Z007', '草皮區', 900.00, 1400.00, 1),
    (700651, '65', 'Z008', '雨棚區', 1100.00, 1600.00, 1),
    (700661, '66', 'Z012', '碎石區', 950.00, 1450.00, 1),
    (700671, '67', 'Z013', '棧板區', 1050.00, 1600.00, 1),
    (700681, '68', 'Z006', '草皮區', 700.00, 1100.00, 1),
    (700691, '69', 'Z007', '草皮區', 900.00, 1400.00, 1),
    (700701, '70', 'Z011', '免搭帳／豪華露營 (Glamping)', 4000.00, 6000.00, 1),
    (700711, '71', 'Z002', '雨棚區', 1200.00, 1800.00, 1),
    (700721, '72', 'Z004', '棧板區', 900.00, 1300.00, 1),
    (700731, '73', 'Z009', '棧板區', 1100.00, 1700.00, 1),
    (700741, '74', 'Z010', '草皮區', 1500.00, 2200.00, 1),
    (700751, '75', 'Z013', '棧板區', 1050.00, 1600.00, 1),
    (700761, '76', 'Z006', '草皮區', 700.00, 1100.00, 1),
    (700771, '77', 'Z005', '免搭帳／豪華露營 (Glamping)', 3500.00, 5000.00, 1),
    (700781, '78', 'Z001', '草皮區', 1000.00, 1500.00, 1),
    (700791, '79', 'Z003', '碎石區', 800.00, 1200.00, 1),
    (700801, '80', 'Z008', '雨棚區', 1100.00, 1600.00, 1),
    (700811, '81', 'Z009', '棧板區', 1100.00, 1700.00, 1),
    (700821, '82', 'Z011', '免搭帳／豪華露營 (Glamping)', 4000.00, 6000.00, 1),
    (700831, '83', 'Z006', '草皮區', 700.00, 1100.00, 1),
    (700841, '84', 'Z012', '碎石區', 950.00, 1450.00, 1),
    (700851, '85', 'Z002', '雨棚區', 1200.00, 1800.00, 1),
    (700861, '86', 'Z004', '棧板區', 900.00, 1300.00, 1),
    (700871, '87', 'Z005', '免搭帳／豪華露營 (Glamping)', 3500.00, 5000.00, 1),
    (700881, '88', 'Z007', '草皮區', 900.00, 1400.00, 1),
    (700891, '89', 'Z009', '棧板區', 1100.00, 1700.00, 1),
    (700901, '90', 'Z010', '草皮區', 1500.00, 2200.00, 1)
ON CONFLICT (id) DO UPDATE SET
    booking_id = EXCLUDED.booking_id,
    zone_id = EXCLUDED.zone_id,
    zone_type_snapshot = EXCLUDED.zone_type_snapshot,
    price_weekday_snapshot = EXCLUDED.price_weekday_snapshot,
    price_holiday_snapshot = EXCLUDED.price_holiday_snapshot,
    quantity = EXCLUDED.quantity;

INSERT INTO public.booking_selected_rentals (id, booking_id, rental_listing_id, rental_sku_variant_id, sku_snapshot, name_snapshot, specification_snapshot, price_weekday_snapshot, price_holiday_snapshot, discount_snapshot, quantity) OVERRIDING SYSTEM VALUE
VALUES
    (710011, '1', 'E022', 'RSV-R008-01', 'RSV-R008-01', '折疊桌椅組', '鋁合金輕量版', 450.00, 700.00, 0.00, 2),
    (710031, '3', 'E023', 'RSV-R005-01', 'RSV-R005-01', '羽絨睡袋', '-10°C', 300.00, 450.00, 0.00, 1),
    (710051, '5', 'E025', 'RSV-R005-03', 'RSV-R005-03', '羽絨睡袋', '0°C', 300.00, 450.00, 0.00, 2),
    (710052, '5', 'E023', 'RSV-R005-01', 'RSV-R005-01', '羽絨睡袋', '-10°C', 300.00, 450.00, 0.00, 2),
    (710081, '8', 'E021', 'RSV-R007-01', 'RSV-R007-01', 'Snow Peak 鈦合金杯組', '鈦金屬原色', 250.00, 400.00, 0.00, 2),
    (710091, '9', 'E013', 'RSV-R002-01', 'RSV-R002-01', 'MSR 超輕量帳篷', '沙漠卡其', 300.00, 450.00, 0.00, 2),
    (710092, '9', 'E011', 'RSV-R001-02', 'RSV-R001-02', 'Coleman 六人帳篷', '沙漠棕', 500.00, 800.00, 0.00, 1),
    (710101, '10', 'E015', 'RSV-R004-01', 'RSV-R004-01', '四季保暖睡袋', '深藍 / M', 350.00, 500.00, 0.00, 1),
    (710121, '12', 'E010', 'RSV-R001-01', 'RSV-R001-01', 'Coleman 六人帳篷', '深橄欖綠', 500.00, 800.00, 0.00, 2),
    (710131, '13', 'E016', 'RSV-R004-02', 'RSV-R004-02', '四季保暖睡袋', '深藍 / L', 350.00, 500.00, 0.00, 1),
    (710161, '16', 'E021', 'RSV-R007-01', 'RSV-R007-01', 'Snow Peak 鈦合金杯組', '鈦金屬原色', 250.00, 400.00, 0.00, 2),
    (710181, '18', 'E017', 'RSV-R005-01', 'RSV-R005-01', '羽絨睡袋', '-10°C', 400.00, 600.00, 0.00, 1),
    (710201, '20', 'E019', 'RSV-R005-03', 'RSV-R005-03', '羽絨睡袋', '0°C', 400.00, 600.00, 0.00, 2),
    (710202, '20', 'E017', 'RSV-R005-01', 'RSV-R005-01', '羽絨睡袋', '-10°C', 400.00, 600.00, 0.00, 2),
    (710221, '22', 'E022', 'RSV-R008-01', 'RSV-R008-01', '折疊桌椅組', '鋁合金輕量版', 450.00, 700.00, 0.00, 2),
    (710231, '23', 'E025', 'RSV-R005-03', 'RSV-R005-03', '羽絨睡袋', '0°C', 300.00, 450.00, 0.00, 2),
    (710241, '24', 'E022', 'RSV-R008-01', 'RSV-R008-01', '折疊桌椅組', '鋁合金輕量版', 450.00, 700.00, 0.00, 2),
    (710242, '24', 'E022', 'RSV-R008-01', 'RSV-R008-01', '折疊桌椅組', '鋁合金輕量版', 450.00, 700.00, 0.00, 2),
    (710251, '25', 'E024', 'RSV-R005-02', 'RSV-R005-02', '羽絨睡袋', '-5°C', 300.00, 450.00, 0.00, 2),
    (710261, '26', 'E019', 'RSV-R005-03', 'RSV-R005-03', '羽絨睡袋', '0°C', 400.00, 600.00, 0.00, 1),
    (710281, '28', 'E018', 'RSV-R005-02', 'RSV-R005-02', '羽絨睡袋', '-5°C', 400.00, 600.00, 0.00, 1),
    (710282, '28', 'E019', 'RSV-R005-03', 'RSV-R005-03', '羽絨睡袋', '0°C', 400.00, 600.00, 0.00, 2),
    (710311, '31', 'E024', 'RSV-R005-02', 'RSV-R005-02', '羽絨睡袋', '-5°C', 300.00, 450.00, 0.00, 2),
    (710331, '33', 'E023', 'RSV-R005-01', 'RSV-R005-01', '羽絨睡袋', '-10°C', 300.00, 450.00, 0.00, 1),
    (710361, '36', 'E014', 'RSV-R003-01', 'RSV-R003-01', 'Snow Peak 客廳帳', '象牙白', 200.00, 350.00, 0.00, 1),
    (710362, '36', 'E016', 'RSV-R004-02', 'RSV-R004-02', '四季保暖睡袋', '深藍 / L', 350.00, 500.00, 0.00, 1),
    (710381, '38', 'E021', 'RSV-R007-01', 'RSV-R007-01', 'Snow Peak 鈦合金杯組', '鈦金屬原色', 250.00, 400.00, 0.00, 1),
    (710391, '39', 'E022', 'RSV-R008-01', 'RSV-R008-01', '折疊桌椅組', '鋁合金輕量版', 450.00, 700.00, 0.00, 2),
    (710421, '42', 'E022', 'RSV-R008-01', 'RSV-R008-01', '折疊桌椅組', '鋁合金輕量版', 450.00, 700.00, 0.00, 2),
    (710431, '43', 'E013', 'RSV-R002-01', 'RSV-R002-01', 'MSR 超輕量帳篷', '沙漠卡其', 300.00, 450.00, 0.00, 2),
    (710481, '48', 'E021', 'RSV-R007-01', 'RSV-R007-01', 'Snow Peak 鈦合金杯組', '鈦金屬原色', 250.00, 400.00, 0.00, 2),
    (710491, '49', 'E024', 'RSV-R005-02', 'RSV-R005-02', '羽絨睡袋', '-5°C', 300.00, 450.00, 0.00, 1),
    (710492, '49', 'E025', 'RSV-R005-03', 'RSV-R005-03', '羽絨睡袋', '0°C', 300.00, 450.00, 0.00, 2),
    (710501, '50', 'E022', 'RSV-R008-01', 'RSV-R008-01', '折疊桌椅組', '鋁合金輕量版', 450.00, 700.00, 0.00, 2),
    (710502, '50', 'E022', 'RSV-R008-01', 'RSV-R008-01', '折疊桌椅組', '鋁合金輕量版', 450.00, 700.00, 0.00, 2),
    (710721, '72', 'E014', 'RSV-R003-01', 'RSV-R003-01', 'Snow Peak 客廳帳', '象牙白', 200.00, 350.00, 0.00, 1),
    (710741, '74', 'E024', 'RSV-R005-02', 'RSV-R005-02', '羽絨睡袋', '-5°C', 300.00, 450.00, 0.00, 1),
    (710761, '76', 'E017', 'RSV-R005-01', 'RSV-R005-01', '羽絨睡袋', '-10°C', 400.00, 600.00, 0.00, 1),
    (710821, '82', 'E025', 'RSV-R005-03', 'RSV-R005-03', '羽絨睡袋', '0°C', 300.00, 450.00, 0.00, 1),
    (710881, '88', 'E020', 'RSV-R006-01', 'RSV-R006-01', 'Coleman 氣化爐', '標準版', 600.00, 900.00, 0.00, 1)
ON CONFLICT (id) DO UPDATE SET
    booking_id = EXCLUDED.booking_id,
    rental_listing_id = EXCLUDED.rental_listing_id,
    rental_sku_variant_id = EXCLUDED.rental_sku_variant_id,
    sku_snapshot = EXCLUDED.sku_snapshot,
    name_snapshot = EXCLUDED.name_snapshot,
    specification_snapshot = EXCLUDED.specification_snapshot,
    price_weekday_snapshot = EXCLUDED.price_weekday_snapshot,
    price_holiday_snapshot = EXCLUDED.price_holiday_snapshot,
    discount_snapshot = EXCLUDED.discount_snapshot,
    quantity = EXCLUDED.quantity;

INSERT INTO public.booking_status_history (id, booking_id, status, occurred_at, actor_id, note) OVERRIDING SYSTEM VALUE
VALUES
    (720011, '1', 'pending', TIMESTAMPTZ '2026-03-02T17:26:48+08:00', NULL, '預約單已送出'),
    (720012, '1', 'cancelled', TIMESTAMPTZ '2026-03-07T17:26:48+08:00', NULL, '已取消（原因：顧客臨時有事）'),
    (720021, '2', 'pending', TIMESTAMPTZ '2026-03-03T13:32:46+08:00', NULL, '預約單已送出'),
    (720022, '2', 'confirmed', TIMESTAMPTZ '2026-03-03T19:23:46+08:00', NULL, '已確認預約'),
    (720023, '2', 'completed', TIMESTAMPTZ '2026-03-12T13:32:46+08:00', NULL, '已完成'),
    (720031, '3', 'pending', TIMESTAMPTZ '2026-03-03T14:08:38+08:00', NULL, '預約單已送出'),
    (720032, '3', 'confirmed', TIMESTAMPTZ '2026-03-03T14:51:38+08:00', NULL, '已確認預約'),
    (720033, '3', 'completed', TIMESTAMPTZ '2026-03-14T14:08:38+08:00', NULL, '已完成'),
    (720041, '4', 'pending', TIMESTAMPTZ '2026-03-09T16:21:53+08:00', NULL, '預約單已送出'),
    (720051, '5', 'pending', TIMESTAMPTZ '2026-03-09T19:21:19+08:00', NULL, '預約單已送出'),
    (720061, '6', 'pending', TIMESTAMPTZ '2026-03-11T14:58:48+08:00', NULL, '預約單已送出'),
    (720062, '6', 'confirmed', TIMESTAMPTZ '2026-03-11T16:33:48+08:00', NULL, '已確認預約'),
    (720063, '6', 'completed', TIMESTAMPTZ '2026-03-17T14:58:48+08:00', NULL, '已完成'),
    (720071, '7', 'pending', TIMESTAMPTZ '2026-03-17T14:43:51+08:00', NULL, '預約單已送出'),
    (720072, '7', 'confirmed', TIMESTAMPTZ '2026-03-17T22:11:51+08:00', NULL, '已確認預約'),
    (720073, '7', 'completed', TIMESTAMPTZ '2026-03-22T14:43:51+08:00', NULL, '已完成'),
    (720081, '8', 'pending', TIMESTAMPTZ '2026-03-17T17:31:43+08:00', NULL, '預約單已送出'),
    (720082, '8', 'confirmed', TIMESTAMPTZ '2026-03-17T18:23:43+08:00', NULL, '已確認預約'),
    (720091, '9', 'pending', TIMESTAMPTZ '2026-03-18T08:08:13+08:00', NULL, '預約單已送出'),
    (720092, '9', 'confirmed', TIMESTAMPTZ '2026-03-18T13:03:13+08:00', NULL, '已確認預約'),
    (720093, '9', 'completed', TIMESTAMPTZ '2026-03-31T08:08:13+08:00', NULL, '已完成'),
    (720101, '10', 'pending', TIMESTAMPTZ '2026-03-19T17:20:06+08:00', NULL, '預約單已送出'),
    (720102, '10', 'confirmed', TIMESTAMPTZ '2026-03-19T21:07:06+08:00', NULL, '已確認預約'),
    (720103, '10', 'completed', TIMESTAMPTZ '2026-03-23T17:20:06+08:00', NULL, '已完成'),
    (720111, '11', 'pending', TIMESTAMPTZ '2026-03-21T19:02:22+08:00', NULL, '預約單已送出'),
    (720112, '11', 'confirmed', TIMESTAMPTZ '2026-03-21T20:13:22+08:00', NULL, '已確認預約'),
    (720113, '11', 'completed', TIMESTAMPTZ '2026-03-25T19:02:22+08:00', NULL, '已完成'),
    (720121, '12', 'pending', TIMESTAMPTZ '2026-03-23T10:30:33+08:00', NULL, '預約單已送出'),
    (720122, '12', 'confirmed', TIMESTAMPTZ '2026-03-23T14:48:33+08:00', NULL, '已確認預約'),
    (720131, '13', 'pending', TIMESTAMPTZ '2026-03-25T14:58:02+08:00', NULL, '預約單已送出'),
    (720132, '13', 'confirmed', TIMESTAMPTZ '2026-03-25T16:25:02+08:00', NULL, '已確認預約'),
    (720141, '14', 'pending', TIMESTAMPTZ '2026-04-06T10:16:20+08:00', NULL, '預約單已送出'),
    (720151, '15', 'pending', TIMESTAMPTZ '2026-04-10T15:02:43+08:00', NULL, '預約單已送出'),
    (720161, '16', 'pending', TIMESTAMPTZ '2026-04-11T21:06:18+08:00', NULL, '預約單已送出'),
    (720162, '16', 'confirmed', TIMESTAMPTZ '2026-04-12T04:29:18+08:00', NULL, '已確認預約'),
    (720163, '16', 'completed', TIMESTAMPTZ '2026-04-24T21:06:18+08:00', NULL, '已完成'),
    (720171, '17', 'pending', TIMESTAMPTZ '2026-04-12T13:07:22+08:00', NULL, '預約單已送出'),
    (720172, '17', 'confirmed', TIMESTAMPTZ '2026-04-12T20:41:22+08:00', NULL, '已確認預約'),
    (720173, '17', 'completed', TIMESTAMPTZ '2026-04-19T13:07:22+08:00', NULL, '已完成'),
    (720181, '18', 'pending', TIMESTAMPTZ '2026-04-12T18:00:58+08:00', NULL, '預約單已送出'),
    (720182, '18', 'confirmed', TIMESTAMPTZ '2026-04-12T20:09:58+08:00', NULL, '已確認預約'),
    (720183, '18', 'completed', TIMESTAMPTZ '2026-04-23T18:00:58+08:00', NULL, '已完成'),
    (720191, '19', 'pending', TIMESTAMPTZ '2026-04-12T21:33:31+08:00', NULL, '預約單已送出'),
    (720192, '19', 'confirmed', TIMESTAMPTZ '2026-04-13T04:58:31+08:00', NULL, '已確認預約'),
    (720193, '19', 'completed', TIMESTAMPTZ '2026-04-16T21:33:31+08:00', NULL, '已完成'),
    (720201, '20', 'pending', TIMESTAMPTZ '2026-04-20T15:30:59+08:00', NULL, '預約單已送出'),
    (720211, '21', 'pending', TIMESTAMPTZ '2026-04-21T13:31:16+08:00', NULL, '預約單已送出'),
    (720212, '21', 'cancelled', TIMESTAMPTZ '2026-04-26T13:31:16+08:00', NULL, '已取消（原因：遇颱風警報）'),
    (720221, '22', 'pending', TIMESTAMPTZ '2026-04-21T18:10:07+08:00', NULL, '預約單已送出'),
    (720222, '22', 'confirmed', TIMESTAMPTZ '2026-04-21T23:26:07+08:00', NULL, '已確認預約'),
    (720231, '23', 'pending', TIMESTAMPTZ '2026-04-22T19:19:09+08:00', NULL, '預約單已送出'),
    (720232, '23', 'confirmed', TIMESTAMPTZ '2026-04-23T00:46:09+08:00', NULL, '已確認預約'),
    (720233, '23', 'completed', TIMESTAMPTZ '2026-04-27T19:19:09+08:00', NULL, '已完成'),
    (720241, '24', 'pending', TIMESTAMPTZ '2026-04-23T10:11:58+08:00', NULL, '預約單已送出'),
    (720242, '24', 'confirmed', TIMESTAMPTZ '2026-04-23T13:20:58+08:00', NULL, '已確認預約'),
    (720243, '24', 'completed', TIMESTAMPTZ '2026-04-26T10:11:58+08:00', NULL, '已完成'),
    (720251, '25', 'pending', TIMESTAMPTZ '2026-04-24T10:20:45+08:00', NULL, '預約單已送出'),
    (720252, '25', 'cancelled', TIMESTAMPTZ '2026-04-26T10:20:45+08:00', NULL, '已取消（原因：顧客臨時有事）'),
    (720261, '26', 'pending', TIMESTAMPTZ '2026-04-25T16:34:44+08:00', NULL, '預約單已送出'),
    (720262, '26', 'confirmed', TIMESTAMPTZ '2026-04-25T21:21:44+08:00', NULL, '已確認預約'),
    (720271, '27', 'pending', TIMESTAMPTZ '2026-04-26T12:51:05+08:00', NULL, '預約單已送出'),
    (720272, '27', 'cancelled', TIMESTAMPTZ '2026-04-30T12:51:05+08:00', NULL, '已取消（原因：遇颱風警報）'),
    (720281, '28', 'pending', TIMESTAMPTZ '2026-04-28T09:35:03+08:00', NULL, '預約單已送出'),
    (720282, '28', 'confirmed', TIMESTAMPTZ '2026-04-28T10:18:03+08:00', NULL, '已確認預約'),
    (720291, '29', 'pending', TIMESTAMPTZ '2026-05-03T18:42:51+08:00', NULL, '預約單已送出'),
    (720301, '30', 'pending', TIMESTAMPTZ '2026-05-04T08:41:45+08:00', NULL, '預約單已送出'),
    (720302, '30', 'confirmed', TIMESTAMPTZ '2026-05-04T14:35:45+08:00', NULL, '已確認預約'),
    (720303, '30', 'completed', TIMESTAMPTZ '2026-05-12T08:41:45+08:00', NULL, '已完成'),
    (720311, '31', 'pending', TIMESTAMPTZ '2026-05-11T14:22:43+08:00', NULL, '預約單已送出'),
    (720312, '31', 'confirmed', TIMESTAMPTZ '2026-05-11T17:55:43+08:00', NULL, '已確認預約'),
    (720321, '32', 'pending', TIMESTAMPTZ '2026-05-17T10:29:32+08:00', NULL, '預約單已送出'),
    (720322, '32', 'confirmed', TIMESTAMPTZ '2026-05-17T17:44:32+08:00', NULL, '已確認預約'),
    (720331, '33', 'pending', TIMESTAMPTZ '2026-05-21T13:19:25+08:00', NULL, '預約單已送出'),
    (720332, '33', 'confirmed', TIMESTAMPTZ '2026-05-21T18:21:25+08:00', NULL, '已確認預約'),
    (720333, '33', 'completed', TIMESTAMPTZ '2026-05-28T13:19:25+08:00', NULL, '已完成'),
    (720341, '34', 'pending', TIMESTAMPTZ '2026-05-23T18:32:26+08:00', NULL, '預約單已送出'),
    (720351, '35', 'pending', TIMESTAMPTZ '2026-05-23T19:31:34+08:00', NULL, '預約單已送出'),
    (720352, '35', 'confirmed', TIMESTAMPTZ '2026-05-23T22:37:34+08:00', NULL, '已確認預約'),
    (720361, '36', 'pending', TIMESTAMPTZ '2026-05-26T19:32:25+08:00', NULL, '預約單已送出'),
    (720362, '36', 'cancelled', TIMESTAMPTZ '2026-05-28T19:32:25+08:00', NULL, '已取消（原因：行程變更）'),
    (720371, '37', 'pending', TIMESTAMPTZ '2026-05-27T09:26:20+08:00', NULL, '預約單已送出'),
    (720372, '37', 'cancelled', TIMESTAMPTZ '2026-05-28T09:26:20+08:00', NULL, '已取消（原因：顧客臨時有事）'),
    (720381, '38', 'pending', TIMESTAMPTZ '2026-05-27T17:24:22+08:00', NULL, '預約單已送出'),
    (720382, '38', 'confirmed', TIMESTAMPTZ '2026-05-27T21:47:22+08:00', NULL, '已確認預約'),
    (720383, '38', 'completed', TIMESTAMPTZ '2026-06-05T17:24:22+08:00', NULL, '已完成'),
    (720391, '39', 'pending', TIMESTAMPTZ '2026-05-29T19:27:30+08:00', NULL, '預約單已送出'),
    (720392, '39', 'confirmed', TIMESTAMPTZ '2026-05-29T21:21:30+08:00', NULL, '已確認預約'),
    (720393, '39', 'completed', TIMESTAMPTZ '2026-06-09T19:27:30+08:00', NULL, '已完成'),
    (720401, '40', 'pending', TIMESTAMPTZ '2026-05-31T14:59:17+08:00', NULL, '預約單已送出'),
    (720411, '41', 'pending', TIMESTAMPTZ '2026-06-03T12:04:19+08:00', NULL, '預約單已送出'),
    (720412, '41', 'confirmed', TIMESTAMPTZ '2026-06-03T14:58:19+08:00', NULL, '已確認預約'),
    (720413, '41', 'completed', TIMESTAMPTZ '2026-06-13T12:04:19+08:00', NULL, '已完成'),
    (720421, '42', 'pending', TIMESTAMPTZ '2026-06-03T14:16:51+08:00', NULL, '預約單已送出'),
    (720422, '42', 'confirmed', TIMESTAMPTZ '2026-06-03T17:22:51+08:00', NULL, '已確認預約'),
    (720423, '42', 'completed', TIMESTAMPTZ '2026-06-12T14:16:51+08:00', NULL, '已完成'),
    (720431, '43', 'pending', TIMESTAMPTZ '2026-06-04T14:53:50+08:00', NULL, '預約單已送出'),
    (720432, '43', 'confirmed', TIMESTAMPTZ '2026-06-04T21:10:50+08:00', NULL, '已確認預約'),
    (720433, '43', 'completed', TIMESTAMPTZ '2026-06-13T14:53:50+08:00', NULL, '已完成'),
    (720441, '44', 'pending', TIMESTAMPTZ '2026-06-07T15:08:54+08:00', NULL, '預約單已送出'),
    (720442, '44', 'confirmed', TIMESTAMPTZ '2026-06-07T22:04:54+08:00', NULL, '已確認預約'),
    (720443, '44', 'completed', TIMESTAMPTZ '2026-06-12T15:08:54+08:00', NULL, '已完成'),
    (720451, '45', 'pending', TIMESTAMPTZ '2026-06-13T14:22:11+08:00', NULL, '預約單已送出'),
    (720452, '45', 'confirmed', TIMESTAMPTZ '2026-06-13T16:07:11+08:00', NULL, '已確認預約'),
    (720461, '46', 'pending', TIMESTAMPTZ '2026-06-13T17:06:45+08:00', NULL, '預約單已送出'),
    (720462, '46', 'cancelled', TIMESTAMPTZ '2026-06-16T17:06:45+08:00', NULL, '已取消（原因：行程變更）'),
    (720471, '47', 'pending', TIMESTAMPTZ '2026-06-21T09:39:57+08:00', NULL, '預約單已送出'),
    (720472, '47', 'confirmed', TIMESTAMPTZ '2026-06-21T12:11:57+08:00', NULL, '已確認預約'),
    (720481, '48', 'pending', TIMESTAMPTZ '2026-06-27T10:23:35+08:00', NULL, '預約單已送出'),
    (720482, '48', 'confirmed', TIMESTAMPTZ '2026-06-27T15:38:35+08:00', NULL, '已確認預約'),
    (720491, '49', 'pending', TIMESTAMPTZ '2026-06-27T17:58:27+08:00', NULL, '預約單已送出'),
    (720492, '49', 'confirmed', TIMESTAMPTZ '2026-06-27T22:11:27+08:00', NULL, '已確認預約'),
    (720501, '50', 'pending', TIMESTAMPTZ '2026-06-28T17:08:20+08:00', NULL, '預約單已送出'),
    (720511, '51', 'pending', TIMESTAMPTZ '2026-07-09T00:00:00+08:00', NULL, '預約單已送出'),
    (720512, '51', 'confirmed', TIMESTAMPTZ '2026-07-09T00:00:00+08:00', NULL, '前端快照目前狀態'),
    (720521, '52', 'pending', TIMESTAMPTZ '2026-07-09T00:00:00+08:00', NULL, '預約單已送出'),
    (720522, '52', 'confirmed', TIMESTAMPTZ '2026-07-09T00:00:00+08:00', NULL, '前端快照目前狀態'),
    (720531, '53', 'pending', TIMESTAMPTZ '2026-07-09T00:00:00+08:00', NULL, '預約單已送出'),
    (720532, '53', 'confirmed', TIMESTAMPTZ '2026-07-09T00:00:00+08:00', NULL, '前端快照目前狀態'),
    (720541, '54', 'pending', TIMESTAMPTZ '2026-07-09T00:00:00+08:00', NULL, '預約單已送出'),
    (720542, '54', 'cancelled', TIMESTAMPTZ '2026-07-09T00:00:00+08:00', NULL, '前端快照目前狀態'),
    (720551, '55', 'pending', TIMESTAMPTZ '2026-07-09T00:00:00+08:00', NULL, '預約單已送出'),
    (720552, '55', 'confirmed', TIMESTAMPTZ '2026-07-09T00:00:00+08:00', NULL, '前端快照目前狀態'),
    (720561, '56', 'pending', TIMESTAMPTZ '2026-07-09T00:00:00+08:00', NULL, '預約單已送出'),
    (720562, '56', 'confirmed', TIMESTAMPTZ '2026-07-09T00:00:00+08:00', NULL, '前端快照目前狀態'),
    (720571, '57', 'pending', TIMESTAMPTZ '2026-07-09T00:00:00+08:00', NULL, '預約單已送出'),
    (720572, '57', 'confirmed', TIMESTAMPTZ '2026-07-09T00:00:00+08:00', NULL, '前端快照目前狀態'),
    (720581, '58', 'pending', TIMESTAMPTZ '2026-07-09T00:00:00+08:00', NULL, '預約單已送出'),
    (720582, '58', 'confirmed', TIMESTAMPTZ '2026-07-09T00:00:00+08:00', NULL, '前端快照目前狀態'),
    (720591, '59', 'pending', TIMESTAMPTZ '2026-07-09T00:00:00+08:00', NULL, '預約單已送出'),
    (720592, '59', 'confirmed', TIMESTAMPTZ '2026-07-09T00:00:00+08:00', NULL, '前端快照目前狀態'),
    (720601, '60', 'pending', TIMESTAMPTZ '2026-07-09T00:00:00+08:00', NULL, '預約單已送出'),
    (720611, '61', 'pending', TIMESTAMPTZ '2026-07-09T00:00:00+08:00', NULL, '預約單已送出'),
    (720621, '62', 'pending', TIMESTAMPTZ '2026-07-09T00:00:00+08:00', NULL, '預約單已送出'),
    (720622, '62', 'confirmed', TIMESTAMPTZ '2026-07-09T00:00:00+08:00', NULL, '前端快照目前狀態'),
    (720631, '63', 'pending', TIMESTAMPTZ '2026-07-09T00:00:00+08:00', NULL, '預約單已送出'),
    (720632, '63', 'confirmed', TIMESTAMPTZ '2026-07-09T00:00:00+08:00', NULL, '前端快照目前狀態'),
    (720641, '64', 'pending', TIMESTAMPTZ '2026-07-09T00:00:00+08:00', NULL, '預約單已送出'),
    (720642, '64', 'confirmed', TIMESTAMPTZ '2026-07-09T00:00:00+08:00', NULL, '前端快照目前狀態'),
    (720651, '65', 'pending', TIMESTAMPTZ '2026-07-09T00:00:00+08:00', NULL, '預約單已送出'),
    (720652, '65', 'confirmed', TIMESTAMPTZ '2026-07-09T00:00:00+08:00', NULL, '前端快照目前狀態'),
    (720661, '66', 'pending', TIMESTAMPTZ '2026-07-09T00:00:00+08:00', NULL, '預約單已送出'),
    (720662, '66', 'confirmed', TIMESTAMPTZ '2026-07-09T00:00:00+08:00', NULL, '前端快照目前狀態'),
    (720671, '67', 'pending', TIMESTAMPTZ '2026-07-09T00:00:00+08:00', NULL, '預約單已送出'),
    (720672, '67', 'confirmed', TIMESTAMPTZ '2026-07-09T00:00:00+08:00', NULL, '前端快照目前狀態'),
    (720681, '68', 'pending', TIMESTAMPTZ '2026-06-26T11:00:00+08:00', NULL, '預約單已送出'),
    (720682, '68', 'completed', TIMESTAMPTZ '2026-06-26T11:00:00+08:00', NULL, '前端快照目前狀態'),
    (720691, '69', 'pending', TIMESTAMPTZ '2026-06-27T15:20:00+08:00', NULL, '預約單已送出'),
    (720692, '69', 'completed', TIMESTAMPTZ '2026-06-27T15:20:00+08:00', NULL, '前端快照目前狀態'),
    (720701, '70', 'pending', TIMESTAMPTZ '2026-06-30T09:45:00+08:00', NULL, '預約單已送出'),
    (720702, '70', 'completed', TIMESTAMPTZ '2026-06-30T09:45:00+08:00', NULL, '前端快照目前狀態'),
    (720711, '71', 'pending', TIMESTAMPTZ '2026-07-03T10:15:00+08:00', NULL, '預約單已送出'),
    (720712, '71', 'confirmed', TIMESTAMPTZ '2026-07-03T10:15:00+08:00', NULL, '前端快照目前狀態'),
    (720721, '72', 'pending', TIMESTAMPTZ '2026-07-04T16:30:00+08:00', NULL, '預約單已送出'),
    (720722, '72', 'confirmed', TIMESTAMPTZ '2026-07-04T16:30:00+08:00', NULL, '前端快照目前狀態'),
    (720731, '73', 'pending', TIMESTAMPTZ '2026-07-05T11:00:00+08:00', NULL, '預約單已送出'),
    (720732, '73', 'confirmed', TIMESTAMPTZ '2026-07-05T11:00:00+08:00', NULL, '前端快照目前狀態'),
    (720741, '74', 'pending', TIMESTAMPTZ '2026-07-06T13:20:00+08:00', NULL, '預約單已送出'),
    (720742, '74', 'confirmed', TIMESTAMPTZ '2026-07-06T13:20:00+08:00', NULL, '前端快照目前狀態'),
    (720751, '75', 'pending', TIMESTAMPTZ '2026-07-07T09:00:00+08:00', NULL, '預約單已送出'),
    (720752, '75', 'confirmed', TIMESTAMPTZ '2026-07-07T09:00:00+08:00', NULL, '前端快照目前狀態'),
    (720761, '76', 'pending', TIMESTAMPTZ '2026-07-08T14:45:00+08:00', NULL, '預約單已送出'),
    (720762, '76', 'confirmed', TIMESTAMPTZ '2026-07-08T14:45:00+08:00', NULL, '前端快照目前狀態'),
    (720771, '77', 'pending', TIMESTAMPTZ '2026-07-10T10:00:00+08:00', NULL, '預約單已送出'),
    (720772, '77', 'confirmed', TIMESTAMPTZ '2026-07-10T10:00:00+08:00', NULL, '前端快照目前狀態'),
    (720781, '78', 'pending', TIMESTAMPTZ '2026-07-12T11:30:00+08:00', NULL, '預約單已送出'),
    (720782, '78', 'confirmed', TIMESTAMPTZ '2026-07-12T11:30:00+08:00', NULL, '前端快照目前狀態'),
    (720791, '79', 'pending', TIMESTAMPTZ '2026-07-15T16:00:00+08:00', NULL, '預約單已送出'),
    (720792, '79', 'confirmed', TIMESTAMPTZ '2026-07-15T16:00:00+08:00', NULL, '前端快照目前狀態'),
    (720801, '80', 'pending', TIMESTAMPTZ '2026-07-20T10:00:00+08:00', NULL, '預約單已送出'),
    (720802, '80', 'confirmed', TIMESTAMPTZ '2026-07-20T10:00:00+08:00', NULL, '前端快照目前狀態'),
    (720811, '81', 'pending', TIMESTAMPTZ '2026-07-25T14:00:00+08:00', NULL, '預約單已送出'),
    (720812, '81', 'confirmed', TIMESTAMPTZ '2026-07-25T14:00:00+08:00', NULL, '前端快照目前狀態'),
    (720821, '82', 'pending', TIMESTAMPTZ '2026-08-01T09:30:00+08:00', NULL, '預約單已送出'),
    (720822, '82', 'confirmed', TIMESTAMPTZ '2026-08-01T09:30:00+08:00', NULL, '前端快照目前狀態'),
    (720831, '83', 'pending', TIMESTAMPTZ '2026-08-03T11:00:00+08:00', NULL, '預約單已送出'),
    (720832, '83', 'confirmed', TIMESTAMPTZ '2026-08-03T11:00:00+08:00', NULL, '前端快照目前狀態'),
    (720841, '84', 'pending', TIMESTAMPTZ '2026-08-05T15:20:00+08:00', NULL, '預約單已送出'),
    (720842, '84', 'confirmed', TIMESTAMPTZ '2026-08-05T15:20:00+08:00', NULL, '前端快照目前狀態'),
    (720851, '85', 'pending', TIMESTAMPTZ '2026-08-10T10:45:00+08:00', NULL, '預約單已送出'),
    (720852, '85', 'confirmed', TIMESTAMPTZ '2026-08-10T10:45:00+08:00', NULL, '前端快照目前狀態'),
    (720861, '86', 'pending', TIMESTAMPTZ '2026-08-20T10:00:00+08:00', NULL, '預約單已送出'),
    (720862, '86', 'confirmed', TIMESTAMPTZ '2026-08-20T10:00:00+08:00', NULL, '前端快照目前狀態'),
    (720871, '87', 'pending', TIMESTAMPTZ '2026-08-25T14:30:00+08:00', NULL, '預約單已送出'),
    (720872, '87', 'confirmed', TIMESTAMPTZ '2026-08-25T14:30:00+08:00', NULL, '前端快照目前狀態'),
    (720881, '88', 'pending', TIMESTAMPTZ '2026-09-01T09:00:00+08:00', NULL, '預約單已送出'),
    (720882, '88', 'confirmed', TIMESTAMPTZ '2026-09-01T09:00:00+08:00', NULL, '前端快照目前狀態'),
    (720891, '89', 'pending', TIMESTAMPTZ '2026-09-05T11:15:00+08:00', NULL, '預約單已送出'),
    (720892, '89', 'confirmed', TIMESTAMPTZ '2026-09-05T11:15:00+08:00', NULL, '前端快照目前狀態'),
    (720901, '90', 'pending', TIMESTAMPTZ '2026-09-08T16:00:00+08:00', NULL, '預約單已送出'),
    (720902, '90', 'confirmed', TIMESTAMPTZ '2026-09-08T16:00:00+08:00', NULL, '前端快照目前狀態')
ON CONFLICT (id) DO UPDATE SET
    booking_id = EXCLUDED.booking_id,
    status = EXCLUDED.status,
    occurred_at = EXCLUDED.occurred_at,
    actor_id = EXCLUDED.actor_id,
    note = EXCLUDED.note;

SELECT setval('public.booking_selected_zones_id_seq', GREATEST((SELECT max(id) FROM public.booking_selected_zones), 1), true);
SELECT setval('public.booking_selected_rentals_id_seq', GREATEST((SELECT max(id) FROM public.booking_selected_rentals), 1), true);
SELECT setval('public.booking_status_history_id_seq', GREATEST((SELECT max(id) FROM public.booking_status_history), 1), true);
