-- P3 backfill generated from the frozen rental fixture set on 2026-07-14.
-- Applied migrations are immutable: future fixture changes require a new migration.

INSERT INTO migration.p3_rental_sku_source (rental_sku_id, payload) VALUES
  ('R001', '{"id":"R001","productId":"P001","image":"/assets/images/products/P001-1.jpg","name":"Coleman 六人帳篷","category":"帳篷","brand":"Coleman","camp":[{"campgroundId":"C001","name":"租借主倉","quantity":0},{"campgroundId":"C002","name":"雲海仙境露營區","quantity":1},{"campgroundId":"C003","name":"溪谷秘境野營地","quantity":3},{"campgroundId":"C004","name":"太平山森林豪華露營","quantity":4},{"campgroundId":"C005","name":"南台灣星空草原營地","quantity":3},{"campgroundId":"C006","name":"花蓮海岸風露營區","quantity":4},{"campgroundId":"C007","name":"阿里山雲霧繚繞營地","quantity":1},{"campgroundId":"C008","name":"宜蘭礁溪湯泉露營","quantity":1},{"campgroundId":"C009","name":"台中武陵溪流野營","quantity":1}],"variants":[{"id":"v-P001-0","color":"深橄欖綠","size":"","label":"深橄欖綠","camp":{"C001":0,"C002":0,"C003":1,"C004":2,"C005":1,"C006":2,"C007":0,"C008":0,"C009":0},"total":6},{"id":"v-P001-1","color":"沙漠棕","size":"","label":"沙漠棕","camp":{"C001":0,"C002":0,"C003":1,"C004":1,"C005":1,"C006":1,"C007":0,"C008":0,"C009":0},"total":4},{"id":"v-P001-2","color":"太空灰","size":"","label":"太空灰","camp":{"C001":0,"C002":1,"C003":1,"C004":1,"C005":1,"C006":1,"C007":1,"C008":1,"C009":1},"total":8}]}'::jsonb),
  ('R002', '{"id":"R002","productId":"P002","image":"/assets/images/products/P002-1.jpg","name":"MSR 超輕量帳篷","category":"帳篷","brand":"MSR","camp":[{"campgroundId":"C001","name":"租借主倉","quantity":0},{"campgroundId":"C002","name":"雲海仙境露營區","quantity":4},{"campgroundId":"C003","name":"溪谷秘境野營地","quantity":5},{"campgroundId":"C004","name":"太平山森林豪華露營","quantity":2},{"campgroundId":"C005","name":"南台灣星空草原營地","quantity":3},{"campgroundId":"C006","name":"花蓮海岸風露營區","quantity":5},{"campgroundId":"C007","name":"阿里山雲霧繚繞營地","quantity":1},{"campgroundId":"C008","name":"宜蘭礁溪湯泉露營","quantity":1},{"campgroundId":"C009","name":"台中武陵溪流野營","quantity":1}],"variants":[{"id":"v-P002-0","color":"沙漠卡其","size":"","label":"沙漠卡其","camp":{"C001":0,"C002":4,"C003":5,"C004":2,"C005":3,"C006":5,"C007":1,"C008":1,"C009":1},"total":22}]}'::jsonb),
  ('R018', '{"id":"R018","productId":"P003","image":"/assets/images/products/P003-1.jpg","name":"充氣式睡墊","category":"睡袋","brand":"Yuruicamp","camp":[{"campgroundId":"C001","name":"租借主倉","quantity":0},{"campgroundId":"C002","name":"雲海仙境露營區","quantity":5},{"campgroundId":"C003","name":"溪谷秘境野營地","quantity":5},{"campgroundId":"C004","name":"太平山森林豪華露營","quantity":1},{"campgroundId":"C005","name":"南台灣星空草原營地","quantity":5},{"campgroundId":"C006","name":"花蓮海岸風露營區","quantity":4},{"campgroundId":"C007","name":"阿里山雲霧繚繞營地","quantity":1},{"campgroundId":"C008","name":"宜蘭礁溪湯泉露營","quantity":1},{"campgroundId":"C009","name":"台中武陵溪流野營","quantity":1}],"variants":[{"id":"v-P003-0","color":"","size":"S","label":"S","camp":{"C001":0,"C002":2,"C003":2,"C004":0,"C005":2,"C006":1,"C007":0,"C008":0,"C009":0},"total":7},{"id":"v-P003-1","color":"","size":"M","label":"M","camp":{"C001":0,"C002":2,"C003":2,"C004":0,"C005":2,"C006":1,"C007":0,"C008":0,"C009":0},"total":7},{"id":"v-P003-2","color":"","size":"L","label":"L","camp":{"C001":0,"C002":1,"C003":1,"C004":1,"C005":1,"C006":2,"C007":1,"C008":1,"C009":1},"total":9}]}'::jsonb),
  ('R005', '{"id":"R005","productId":"P004","image":"/assets/images/products/P004-1.jpg","name":"羽絨睡袋","category":"睡袋","brand":"Yuruicamp","camp":[{"campgroundId":"C001","name":"租借主倉","quantity":0},{"campgroundId":"C002","name":"雲海仙境露營區","quantity":2},{"campgroundId":"C003","name":"溪谷秘境野營地","quantity":3},{"campgroundId":"C004","name":"太平山森林豪華露營","quantity":3},{"campgroundId":"C005","name":"南台灣星空草原營地","quantity":2},{"campgroundId":"C006","name":"花蓮海岸風露營區","quantity":4},{"campgroundId":"C007","name":"阿里山雲霧繚繞營地","quantity":1},{"campgroundId":"C008","name":"宜蘭礁溪湯泉露營","quantity":1},{"campgroundId":"C009","name":"台中武陵溪流野營","quantity":1}],"variants":[{"id":"v-P004-0","color":"","size":"-10°C","label":"-10°C","camp":{"C001":0,"C002":1,"C003":1,"C004":1,"C005":1,"C006":2,"C007":0,"C008":0,"C009":0},"total":6},{"id":"v-P004-1","color":"","size":"-5°C","label":"-5°C","camp":{"C001":0,"C002":0,"C003":1,"C004":1,"C005":0,"C006":1,"C007":0,"C008":0,"C009":0},"total":3},{"id":"v-P004-2","color":"","size":"0°C","label":"0°C","camp":{"C001":0,"C002":1,"C003":1,"C004":1,"C005":1,"C006":1,"C007":1,"C008":1,"C009":1},"total":8}]}'::jsonb),
  ('R006', '{"id":"R006","productId":"P005","image":"/assets/images/products/P005-1.jpg","name":"Coleman 氣化爐","category":"炊具","brand":"Coleman","camp":[{"campgroundId":"C001","name":"租借主倉","quantity":0},{"campgroundId":"C002","name":"雲海仙境露營區","quantity":4},{"campgroundId":"C003","name":"溪谷秘境野營地","quantity":4},{"campgroundId":"C004","name":"太平山森林豪華露營","quantity":5},{"campgroundId":"C005","name":"南台灣星空草原營地","quantity":4},{"campgroundId":"C006","name":"花蓮海岸風露營區","quantity":5},{"campgroundId":"C007","name":"阿里山雲霧繚繞營地","quantity":1},{"campgroundId":"C008","name":"宜蘭礁溪湯泉露營","quantity":1},{"campgroundId":"C009","name":"台中武陵溪流野營","quantity":1}],"variants":[{"id":"v-P005-0","color":"標準版","size":"","label":"標準版","camp":{"C001":0,"C002":4,"C003":4,"C004":5,"C005":4,"C006":5,"C007":1,"C008":1,"C009":1},"total":25}]}'::jsonb),
  ('R007', '{"id":"R007","productId":"P006","image":"/assets/images/products/P006-1.jpg","name":"Snow Peak 鈦合金杯組","category":"炊具","brand":"Snow Peak","camp":[{"campgroundId":"C001","name":"租借主倉","quantity":0},{"campgroundId":"C002","name":"雲海仙境露營區","quantity":3},{"campgroundId":"C003","name":"溪谷秘境野營地","quantity":4},{"campgroundId":"C004","name":"太平山森林豪華露營","quantity":4},{"campgroundId":"C005","name":"南台灣星空草原營地","quantity":2},{"campgroundId":"C006","name":"花蓮海岸風露營區","quantity":1},{"campgroundId":"C007","name":"阿里山雲霧繚繞營地","quantity":1},{"campgroundId":"C008","name":"宜蘭礁溪湯泉露營","quantity":1},{"campgroundId":"C009","name":"台中武陵溪流野營","quantity":1}],"variants":[{"id":"v-P006-0","color":"鈦金屬原色","size":"","label":"鈦金屬原色","camp":{"C001":0,"C002":3,"C003":4,"C004":4,"C005":2,"C006":1,"C007":1,"C008":1,"C009":1},"total":17}]}'::jsonb),
  ('R011', '{"id":"R011","productId":"P007","image":"/assets/images/products/P007-1.jpg","name":"LED 露營燈","category":"燈具","brand":"Yuruicamp","camp":[{"campgroundId":"C001","name":"租借主倉","quantity":0},{"campgroundId":"C002","name":"雲海仙境露營區","quantity":2},{"campgroundId":"C003","name":"溪谷秘境野營地","quantity":3},{"campgroundId":"C004","name":"太平山森林豪華露營","quantity":1},{"campgroundId":"C005","name":"南台灣星空草原營地","quantity":3},{"campgroundId":"C006","name":"花蓮海岸風露營區","quantity":2},{"campgroundId":"C007","name":"阿里山雲霧繚繞營地","quantity":1},{"campgroundId":"C008","name":"宜蘭礁溪湯泉露營","quantity":1},{"campgroundId":"C009","name":"台中武陵溪流野營","quantity":1}],"variants":[{"id":"v-P007-0","color":"暖白光","size":"","label":"暖白光","camp":{"C001":0,"C002":1,"C003":1,"C004":0,"C005":1,"C006":1,"C007":0,"C008":0,"C009":0},"total":4},{"id":"v-P007-1","color":"冷白光","size":"","label":"冷白光","camp":{"C001":0,"C002":1,"C003":2,"C004":1,"C005":2,"C006":1,"C007":1,"C008":1,"C009":1},"total":10}]}'::jsonb),
  ('R013', '{"id":"R013","productId":"P008","image":"/assets/images/products/P008-1.jpg","name":"防水登山背包","category":"背包","brand":"Yuruicamp","camp":[{"campgroundId":"C001","name":"租借主倉","quantity":0},{"campgroundId":"C002","name":"雲海仙境露營區","quantity":3},{"campgroundId":"C003","name":"溪谷秘境野營地","quantity":3},{"campgroundId":"C004","name":"太平山森林豪華露營","quantity":1},{"campgroundId":"C005","name":"南台灣星空草原營地","quantity":4},{"campgroundId":"C006","name":"花蓮海岸風露營區","quantity":1},{"campgroundId":"C007","name":"阿里山雲霧繚繞營地","quantity":1},{"campgroundId":"C008","name":"宜蘭礁溪湯泉露營","quantity":1},{"campgroundId":"C009","name":"台中武陵溪流野營","quantity":1}],"variants":[{"id":"v-P008-0","color":"森林綠","size":"35L","label":"森林綠 / 35L","camp":{"C001":0,"C002":1,"C003":1,"C004":0,"C005":1,"C006":0,"C007":0,"C008":0,"C009":0},"total":3},{"id":"v-P008-1","color":"森林綠","size":"45L","label":"森林綠 / 45L","camp":{"C001":0,"C002":2,"C003":2,"C004":1,"C005":3,"C006":1,"C007":1,"C008":1,"C009":1},"total":12}]}'::jsonb),
  ('R008', '{"id":"R008","productId":"P009","image":"/assets/images/products/P009-1.jpg","name":"折疊桌椅組","category":"其他","brand":"Yuruicamp","camp":[{"campgroundId":"C001","name":"租借主倉","quantity":0},{"campgroundId":"C002","name":"雲海仙境露營區","quantity":4},{"campgroundId":"C003","name":"溪谷秘境野營地","quantity":5},{"campgroundId":"C004","name":"太平山森林豪華露營","quantity":1},{"campgroundId":"C005","name":"南台灣星空草原營地","quantity":5},{"campgroundId":"C006","name":"花蓮海岸風露營區","quantity":1},{"campgroundId":"C007","name":"阿里山雲霧繚繞營地","quantity":1},{"campgroundId":"C008","name":"宜蘭礁溪湯泉露營","quantity":1},{"campgroundId":"C009","name":"台中武陵溪流野營","quantity":1}],"variants":[{"id":"v-P009-0","color":"鋁合金輕量版","size":"","label":"鋁合金輕量版","camp":{"C001":0,"C002":4,"C003":5,"C004":1,"C005":5,"C006":1,"C007":1,"C008":1,"C009":1},"total":19}]}'::jsonb),
  ('R003', '{"id":"R003","productId":"P011","image":"/assets/images/products/P011-1.jpg","name":"Snow Peak 客廳帳","category":"帳篷","brand":"Snow Peak","camp":[{"campgroundId":"C001","name":"租借主倉","quantity":0},{"campgroundId":"C002","name":"雲海仙境露營區","quantity":1},{"campgroundId":"C003","name":"溪谷秘境野營地","quantity":3},{"campgroundId":"C004","name":"太平山森林豪華露營","quantity":4},{"campgroundId":"C005","name":"南台灣星空草原營地","quantity":2},{"campgroundId":"C006","name":"花蓮海岸風露營區","quantity":2},{"campgroundId":"C007","name":"阿里山雲霧繚繞營地","quantity":1},{"campgroundId":"C008","name":"宜蘭礁溪湯泉露營","quantity":1},{"campgroundId":"C009","name":"台中武陵溪流野營","quantity":1}],"variants":[{"id":"v-P011-0","color":"象牙白","size":"","label":"象牙白","camp":{"C001":0,"C002":1,"C003":3,"C004":4,"C005":2,"C006":2,"C007":1,"C008":1,"C009":1},"total":15}]}'::jsonb),
  ('R004', '{"id":"R004","productId":"P012","image":"/assets/images/products/P012-1.jpg","name":"四季保暖睡袋","category":"睡袋","brand":"Yuruicamp","camp":[{"campgroundId":"C001","name":"租借主倉","quantity":0},{"campgroundId":"C002","name":"雲海仙境露營區","quantity":4},{"campgroundId":"C003","name":"溪谷秘境野營地","quantity":4},{"campgroundId":"C004","name":"太平山森林豪華露營","quantity":1},{"campgroundId":"C005","name":"南台灣星空草原營地","quantity":1},{"campgroundId":"C006","name":"花蓮海岸風露營區","quantity":4},{"campgroundId":"C007","name":"阿里山雲霧繚繞營地","quantity":1},{"campgroundId":"C008","name":"宜蘭礁溪湯泉露營","quantity":1},{"campgroundId":"C009","name":"台中武陵溪流野營","quantity":1}],"variants":[{"id":"v-P012-0","color":"深藍","size":"M","label":"深藍 / M","camp":{"C001":0,"C002":2,"C003":2,"C004":0,"C005":0,"C006":2,"C007":0,"C008":0,"C009":0},"total":6},{"id":"v-P012-1","color":"深藍","size":"L","label":"深藍 / L","camp":{"C001":0,"C002":2,"C003":2,"C004":1,"C005":1,"C006":2,"C007":1,"C008":1,"C009":1},"total":11}]}'::jsonb),
  ('R009', '{"id":"R009","productId":"P013","image":"/assets/images/products/P013-1.jpg","name":"折疊蛋捲桌","category":"其他","brand":"Yuruicamp","camp":[{"campgroundId":"C001","name":"租借主倉","quantity":0},{"campgroundId":"C002","name":"雲海仙境露營區","quantity":4},{"campgroundId":"C003","name":"溪谷秘境野營地","quantity":5},{"campgroundId":"C004","name":"太平山森林豪華露營","quantity":3},{"campgroundId":"C005","name":"南台灣星空草原營地","quantity":4},{"campgroundId":"C006","name":"花蓮海岸風露營區","quantity":5},{"campgroundId":"C007","name":"阿里山雲霧繚繞營地","quantity":1},{"campgroundId":"C008","name":"宜蘭礁溪湯泉露營","quantity":1},{"campgroundId":"C009","name":"台中武陵溪流野營","quantity":1}],"variants":[{"id":"v-P013-0","color":"胡桃木紋","size":"","label":"胡桃木紋","camp":{"C001":0,"C002":4,"C003":5,"C004":3,"C005":4,"C006":5,"C007":1,"C008":1,"C009":1},"total":24}]}'::jsonb),
  ('R010', '{"id":"R010","productId":"P014","image":"/assets/images/products/P014-1.jpg","name":"高背月亮椅","category":"其他","brand":"Yuruicamp","camp":[{"campgroundId":"C001","name":"租借主倉","quantity":0},{"campgroundId":"C002","name":"雲海仙境露營區","quantity":3},{"campgroundId":"C003","name":"溪谷秘境野營地","quantity":1},{"campgroundId":"C004","name":"太平山森林豪華露營","quantity":5},{"campgroundId":"C005","name":"南台灣星空草原營地","quantity":1},{"campgroundId":"C006","name":"花蓮海岸風露營區","quantity":5},{"campgroundId":"C007","name":"阿里山雲霧繚繞營地","quantity":1},{"campgroundId":"C008","name":"宜蘭礁溪湯泉露營","quantity":1},{"campgroundId":"C009","name":"台中武陵溪流野營","quantity":1}],"variants":[{"id":"v-P014-0","color":"軍綠","size":"","label":"軍綠","camp":{"C001":0,"C002":3,"C003":1,"C004":5,"C005":1,"C006":5,"C007":1,"C008":1,"C009":1},"total":18}]}'::jsonb),
  ('R012', '{"id":"R012","productId":"P015","image":"/assets/images/products/P015-1.jpg","name":"充電式頭燈","category":"燈具","brand":"Yuruicamp","camp":[{"campgroundId":"C001","name":"租借主倉","quantity":0},{"campgroundId":"C002","name":"雲海仙境露營區","quantity":4},{"campgroundId":"C003","name":"溪谷秘境野營地","quantity":1},{"campgroundId":"C004","name":"太平山森林豪華露營","quantity":5},{"campgroundId":"C005","name":"南台灣星空草原營地","quantity":4},{"campgroundId":"C006","name":"花蓮海岸風露營區","quantity":5},{"campgroundId":"C007","name":"阿里山雲霧繚繞營地","quantity":1},{"campgroundId":"C008","name":"宜蘭礁溪湯泉露營","quantity":1},{"campgroundId":"C009","name":"台中武陵溪流野營","quantity":1}],"variants":[{"id":"v-P015-0","color":"USB-C","size":"","label":"USB-C","camp":{"C001":0,"C002":4,"C003":1,"C004":5,"C005":4,"C006":5,"C007":1,"C008":1,"C009":1},"total":22}]}'::jsonb),
  ('R014', '{"id":"R014","productId":"P016","image":"/assets/images/products/P016-1.jpg","name":"65L 重裝背包","category":"背包","brand":"Yuruicamp","camp":[{"campgroundId":"C001","name":"租借主倉","quantity":0},{"campgroundId":"C002","name":"雲海仙境露營區","quantity":4},{"campgroundId":"C003","name":"溪谷秘境野營地","quantity":5},{"campgroundId":"C004","name":"太平山森林豪華露營","quantity":2},{"campgroundId":"C005","name":"南台灣星空草原營地","quantity":2},{"campgroundId":"C006","name":"花蓮海岸風露營區","quantity":3},{"campgroundId":"C007","name":"阿里山雲霧繚繞營地","quantity":1},{"campgroundId":"C008","name":"宜蘭礁溪湯泉露營","quantity":1},{"campgroundId":"C009","name":"台中武陵溪流野營","quantity":1}],"variants":[{"id":"v-P016-0","color":"岩石灰","size":"","label":"岩石灰","camp":{"C001":0,"C002":4,"C003":5,"C004":2,"C005":2,"C006":3,"C007":1,"C008":1,"C009":1},"total":19}]}'::jsonb),
  ('R015', '{"id":"R015","productId":"P017","image":"/assets/images/products/P017-1.jpg","name":"露營拖車","category":"其他","brand":"Yuruicamp","camp":[{"campgroundId":"C001","name":"租借主倉","quantity":0},{"campgroundId":"C002","name":"雲海仙境露營區","quantity":4},{"campgroundId":"C003","name":"溪谷秘境野營地","quantity":1},{"campgroundId":"C004","name":"太平山森林豪華露營","quantity":4},{"campgroundId":"C005","name":"南台灣星空草原營地","quantity":1},{"campgroundId":"C006","name":"花蓮海岸風露營區","quantity":5},{"campgroundId":"C007","name":"阿里山雲霧繚繞營地","quantity":1},{"campgroundId":"C008","name":"宜蘭礁溪湯泉露營","quantity":1},{"campgroundId":"C009","name":"台中武陵溪流野營","quantity":1}],"variants":[{"id":"v-P017-0","color":"折疊式","size":"","label":"折疊式","camp":{"C001":0,"C002":4,"C003":1,"C004":4,"C005":1,"C006":5,"C007":1,"C008":1,"C009":1},"total":18}]}'::jsonb),
  ('R016', '{"id":"R016","productId":"P018","image":"/assets/images/products/P018-1.jpg","name":"大型天幕","category":"帳篷","brand":"Yuruicamp","camp":[{"campgroundId":"C001","name":"租借主倉","quantity":0},{"campgroundId":"C002","name":"雲海仙境露營區","quantity":2},{"campgroundId":"C003","name":"溪谷秘境野營地","quantity":4},{"campgroundId":"C004","name":"太平山森林豪華露營","quantity":3},{"campgroundId":"C005","name":"南台灣星空草原營地","quantity":5},{"campgroundId":"C006","name":"花蓮海岸風露營區","quantity":5},{"campgroundId":"C007","name":"阿里山雲霧繚繞營地","quantity":1},{"campgroundId":"C008","name":"宜蘭礁溪湯泉露營","quantity":1},{"campgroundId":"C009","name":"台中武陵溪流野營","quantity":1}],"variants":[{"id":"v-P018-0","color":"4x4m","size":"","label":"4x4m","camp":{"C001":0,"C002":2,"C003":4,"C004":3,"C005":5,"C006":5,"C007":1,"C008":1,"C009":1},"total":22}]}'::jsonb),
  ('R017', '{"id":"R017","productId":"P019","image":"/assets/images/products/P019-1.jpg","name":"營柱與營繩組","category":"其他","brand":"Yuruicamp","camp":[{"campgroundId":"C001","name":"租借主倉","quantity":0},{"campgroundId":"C002","name":"雲海仙境露營區","quantity":3},{"campgroundId":"C003","name":"溪谷秘境野營地","quantity":4},{"campgroundId":"C004","name":"太平山森林豪華露營","quantity":4},{"campgroundId":"C005","name":"南台灣星空草原營地","quantity":2},{"campgroundId":"C006","name":"花蓮海岸風露營區","quantity":3},{"campgroundId":"C007","name":"阿里山雲霧繚繞營地","quantity":1},{"campgroundId":"C008","name":"宜蘭礁溪湯泉露營","quantity":1},{"campgroundId":"C009","name":"台中武陵溪流野營","quantity":1}],"variants":[{"id":"v-P019-0","color":"標準套組","size":"","label":"標準套組","camp":{"C001":0,"C002":3,"C003":4,"C004":4,"C005":2,"C006":3,"C007":1,"C008":1,"C009":1},"total":19}]}'::jsonb),
  ('R019', '{"id":"R019","productId":"P020","image":"/assets/images/products/P020-1.jpg","name":"行動電源站","category":"其他","brand":"Yuruicamp","camp":[{"campgroundId":"C001","name":"租借主倉","quantity":0},{"campgroundId":"C002","name":"雲海仙境露營區","quantity":1},{"campgroundId":"C003","name":"溪谷秘境野營地","quantity":1},{"campgroundId":"C004","name":"太平山森林豪華露營","quantity":4},{"campgroundId":"C005","name":"南台灣星空草原營地","quantity":5},{"campgroundId":"C006","name":"花蓮海岸風露營區","quantity":1},{"campgroundId":"C007","name":"阿里山雲霧繚繞營地","quantity":1},{"campgroundId":"C008","name":"宜蘭礁溪湯泉露營","quantity":1},{"campgroundId":"C009","name":"台中武陵溪流野營","quantity":1}],"variants":[{"id":"v-P020-0","color":"500Wh","size":"","label":"500Wh","camp":{"C001":0,"C002":1,"C003":1,"C004":4,"C005":5,"C006":1,"C007":1,"C008":1,"C009":1},"total":15}]}'::jsonb),
  ('R020', '{"id":"R020","productId":"P021","image":"/assets/images/products/P021-1.jpg","name":"保冷冰桶 45L","category":"其他","brand":"Yuruicamp","camp":[{"campgroundId":"C001","name":"租借主倉","quantity":0},{"campgroundId":"C002","name":"雲海仙境露營區","quantity":4},{"campgroundId":"C003","name":"溪谷秘境野營地","quantity":1},{"campgroundId":"C004","name":"太平山森林豪華露營","quantity":3},{"campgroundId":"C005","name":"南台灣星空草原營地","quantity":4},{"campgroundId":"C006","name":"花蓮海岸風露營區","quantity":1},{"campgroundId":"C007","name":"阿里山雲霧繚繞營地","quantity":1},{"campgroundId":"C008","name":"宜蘭礁溪湯泉露營","quantity":1},{"campgroundId":"C009","name":"台中武陵溪流野營","quantity":1}],"variants":[{"id":"v-P021-0","color":"深藍","size":"","label":"深藍","camp":{"C001":0,"C002":4,"C003":1,"C004":3,"C005":4,"C006":1,"C007":1,"C008":1,"C009":1},"total":16}]}'::jsonb),
  ('R021', '{"id":"R021","productId":"P022","image":"/assets/images/products/P022-1.jpg","name":"雙層防風外套","category":"其他","brand":"Yuruicamp","camp":[{"campgroundId":"C001","name":"租借主倉","quantity":0},{"campgroundId":"C002","name":"雲海仙境露營區","quantity":5},{"campgroundId":"C003","name":"溪谷秘境野營地","quantity":1},{"campgroundId":"C004","name":"太平山森林豪華露營","quantity":1},{"campgroundId":"C005","name":"南台灣星空草原營地","quantity":5},{"campgroundId":"C006","name":"花蓮海岸風露營區","quantity":5},{"campgroundId":"C007","name":"阿里山雲霧繚繞營地","quantity":1},{"campgroundId":"C008","name":"宜蘭礁溪湯泉露營","quantity":1},{"campgroundId":"C009","name":"台中武陵溪流野營","quantity":1}],"variants":[{"id":"v-P022-0","color":"L號","size":"","label":"L號","camp":{"C001":0,"C002":5,"C003":1,"C004":1,"C005":5,"C006":5,"C007":1,"C008":1,"C009":1},"total":20}]}'::jsonb),
  ('R022', '{"id":"R022","productId":"P023","image":"/assets/images/products/P023-1.jpg","name":"快煮鍋 1.5L","category":"炊具","brand":"Yuruicamp","camp":[{"campgroundId":"C001","name":"租借主倉","quantity":0},{"campgroundId":"C002","name":"雲海仙境露營區","quantity":4},{"campgroundId":"C003","name":"溪谷秘境野營地","quantity":2},{"campgroundId":"C004","name":"太平山森林豪華露營","quantity":5},{"campgroundId":"C005","name":"南台灣星空草原營地","quantity":5},{"campgroundId":"C006","name":"花蓮海岸風露營區","quantity":2},{"campgroundId":"C007","name":"阿里山雲霧繚繞營地","quantity":1},{"campgroundId":"C008","name":"宜蘭礁溪湯泉露營","quantity":1},{"campgroundId":"C009","name":"台中武陵溪流野營","quantity":1}],"variants":[{"id":"v-P023-0","color":"不鏽鋼","size":"","label":"不鏽鋼","camp":{"C001":0,"C002":4,"C003":2,"C004":5,"C005":5,"C006":2,"C007":1,"C008":1,"C009":1},"total":21}]}'::jsonb),
  ('R023', '{"id":"R023","productId":"P024","image":"/assets/images/products/P024-1.jpg","name":"碳纖維登山杖","category":"其他","brand":"Yuruicamp","camp":[{"campgroundId":"C001","name":"租借主倉","quantity":0},{"campgroundId":"C002","name":"雲海仙境露營區","quantity":2},{"campgroundId":"C003","name":"溪谷秘境野營地","quantity":4},{"campgroundId":"C004","name":"太平山森林豪華露營","quantity":2},{"campgroundId":"C005","name":"南台灣星空草原營地","quantity":4},{"campgroundId":"C006","name":"花蓮海岸風露營區","quantity":2},{"campgroundId":"C007","name":"阿里山雲霧繚繞營地","quantity":1},{"campgroundId":"C008","name":"宜蘭礁溪湯泉露營","quantity":1},{"campgroundId":"C009","name":"台中武陵溪流野營","quantity":1}],"variants":[{"id":"v-P024-0","color":"一對","size":"","label":"一對","camp":{"C001":0,"C002":2,"C003":4,"C004":2,"C005":4,"C006":2,"C007":1,"C008":1,"C009":1},"total":17}]}'::jsonb),
  ('R024', '{"id":"R024","productId":"P025","image":"/assets/images/products/P025-1.jpg","name":"防水戶外手錶","category":"其他","brand":"Yuruicamp","camp":[{"campgroundId":"C001","name":"租借主倉","quantity":0},{"campgroundId":"C002","name":"雲海仙境露營區","quantity":2},{"campgroundId":"C003","name":"溪谷秘境野營地","quantity":2},{"campgroundId":"C004","name":"太平山森林豪華露營","quantity":3},{"campgroundId":"C005","name":"南台灣星空草原營地","quantity":3},{"campgroundId":"C006","name":"花蓮海岸風露營區","quantity":2},{"campgroundId":"C007","name":"阿里山雲霧繚繞營地","quantity":1},{"campgroundId":"C008","name":"宜蘭礁溪湯泉露營","quantity":1},{"campgroundId":"C009","name":"台中武陵溪流野營","quantity":1}],"variants":[{"id":"v-P025-0","color":"GPS版","size":"","label":"GPS版","camp":{"C001":0,"C002":2,"C003":2,"C004":3,"C005":3,"C006":2,"C007":1,"C008":1,"C009":1},"total":15}]}'::jsonb),
  ('R025', '{"id":"R025","productId":"P026","image":"/assets/images/products/P026-1.jpg","name":"輕量吊床","category":"其他","brand":"Yuruicamp","camp":[{"campgroundId":"C001","name":"租借主倉","quantity":0},{"campgroundId":"C002","name":"雲海仙境露營區","quantity":5},{"campgroundId":"C003","name":"溪谷秘境野營地","quantity":5},{"campgroundId":"C004","name":"太平山森林豪華露營","quantity":3},{"campgroundId":"C005","name":"南台灣星空草原營地","quantity":5},{"campgroundId":"C006","name":"花蓮海岸風露營區","quantity":6},{"campgroundId":"C007","name":"阿里山雲霧繚繞營地","quantity":1},{"campgroundId":"C008","name":"宜蘭礁溪湯泉露營","quantity":1},{"campgroundId":"C009","name":"台中武陵溪流野營","quantity":1}],"variants":[{"id":"v-P026-0","color":"雙人","size":"","label":"雙人","camp":{"C001":0,"C002":5,"C003":5,"C004":3,"C005":5,"C006":6,"C007":1,"C008":1,"C009":1},"total":27}]}'::jsonb),
  ('R026', '{"id":"R026","productId":"P027","image":"/assets/images/products/P027-1.jpg","name":"戶外淋浴袋","category":"其他","brand":"Yuruicamp","camp":[{"campgroundId":"C001","name":"租借主倉","quantity":0},{"campgroundId":"C002","name":"雲海仙境露營區","quantity":5},{"campgroundId":"C003","name":"溪谷秘境野營地","quantity":3},{"campgroundId":"C004","name":"太平山森林豪華露營","quantity":5},{"campgroundId":"C005","name":"南台灣星空草原營地","quantity":1},{"campgroundId":"C006","name":"花蓮海岸風露營區","quantity":1},{"campgroundId":"C007","name":"阿里山雲霧繚繞營地","quantity":1},{"campgroundId":"C008","name":"宜蘭礁溪湯泉露營","quantity":1},{"campgroundId":"C009","name":"台中武陵溪流野營","quantity":1}],"variants":[{"id":"v-P027-0","color":"20L","size":"","label":"20L","camp":{"C001":0,"C002":5,"C003":3,"C004":5,"C005":1,"C006":1,"C007":1,"C008":1,"C009":1},"total":18}]}'::jsonb),
  ('R027', '{"id":"R027","productId":"P028","image":"/assets/images/products/P028-1.jpg","name":"折疊式焚火台","category":"炊具","brand":"Yuruicamp","camp":[{"campgroundId":"C001","name":"租借主倉","quantity":0},{"campgroundId":"C002","name":"雲海仙境露營區","quantity":3},{"campgroundId":"C003","name":"溪谷秘境野營地","quantity":2},{"campgroundId":"C004","name":"太平山森林豪華露營","quantity":1},{"campgroundId":"C005","name":"南台灣星空草原營地","quantity":4},{"campgroundId":"C006","name":"花蓮海岸風露營區","quantity":5},{"campgroundId":"C007","name":"阿里山雲霧繚繞營地","quantity":1},{"campgroundId":"C008","name":"宜蘭礁溪湯泉露營","quantity":1},{"campgroundId":"C009","name":"台中武陵溪流野營","quantity":1}],"variants":[{"id":"v-P028-0","color":"不鏽鋼","size":"","label":"不鏽鋼","camp":{"C001":0,"C002":3,"C003":2,"C004":1,"C005":4,"C006":5,"C007":1,"C008":1,"C009":1},"total":18}]}'::jsonb),
  ('R028', '{"id":"R028","productId":"P029","image":"/assets/images/products/P029-1.jpg","name":"防蚊帳篷內帳","category":"帳篷","brand":"Yuruicamp","camp":[{"campgroundId":"C001","name":"租借主倉","quantity":0},{"campgroundId":"C002","name":"雲海仙境露營區","quantity":5},{"campgroundId":"C003","name":"溪谷秘境野營地","quantity":5},{"campgroundId":"C004","name":"太平山森林豪華露營","quantity":3},{"campgroundId":"C005","name":"南台灣星空草原營地","quantity":2},{"campgroundId":"C006","name":"花蓮海岸風露營區","quantity":5},{"campgroundId":"C007","name":"阿里山雲霧繚繞營地","quantity":1},{"campgroundId":"C008","name":"宜蘭礁溪湯泉露營","quantity":1},{"campgroundId":"C009","name":"台中武陵溪流野營","quantity":1}],"variants":[{"id":"v-P029-0","color":"通用型","size":"","label":"通用型","camp":{"C001":0,"C002":5,"C003":5,"C004":3,"C005":2,"C006":5,"C007":1,"C008":1,"C009":1},"total":23}]}'::jsonb)
ON CONFLICT (rental_sku_id) DO NOTHING;

INSERT INTO migration.p3_listing_source (listing_id, payload) VALUES
  ('E010', '{"equipmentId":"E010","rentalSkuId":"R001","productId":"P001","variantId":"v-P001-0","sku":"v-P001-0","campgroundId":"C002","name":"Coleman 六人帳篷","color":"深橄欖綠","size":"","specLabel":"深橄欖綠","imageUrl":"/assets/images/products/P001-1.jpg","terrainTag":"常降雨區推薦","description":"Coleman 六人帳篷 為 Yuruicamp 精選的帳篷商品，提供 深橄欖綠 、 沙漠棕 、 太空灰 三色可選。 適合露營、登山與戶外活動使用，後台可透過 Summernote 編輯器調整此描述。","pricing":{"pricePerDayWeekday":500,"pricePerDayHoliday":800,"discount":100},"stock":0}'::jsonb),
  ('E011', '{"equipmentId":"E011","rentalSkuId":"R001","productId":"P001","variantId":"v-P001-1","sku":"v-P001-1","campgroundId":"C002","name":"Coleman 六人帳篷","color":"沙漠棕","size":"","specLabel":"沙漠棕","imageUrl":"/assets/images/products/P001-1.jpg","terrainTag":"常降雨區推薦","description":"Coleman 六人帳篷 為 Yuruicamp 精選的帳篷商品，提供 深橄欖綠 、 沙漠棕 、 太空灰 三色可選。 適合露營、登山與戶外活動使用，後台可透過 Summernote 編輯器調整此描述。","pricing":{"pricePerDayWeekday":500,"pricePerDayHoliday":800,"discount":100},"stock":0}'::jsonb),
  ('E012', '{"equipmentId":"E012","rentalSkuId":"R001","productId":"P001","variantId":"v-P001-2","sku":"v-P001-2","campgroundId":"C002","name":"Coleman 六人帳篷","color":"太空灰","size":"","specLabel":"太空灰","imageUrl":"/assets/images/products/P001-1.jpg","terrainTag":"常降雨區推薦","description":"Coleman 六人帳篷 為 Yuruicamp 精選的帳篷商品，提供 深橄欖綠 、 沙漠棕 、 太空灰 三色可選。 適合露營、登山與戶外活動使用，後台可透過 Summernote 編輯器調整此描述。","pricing":{"pricePerDayWeekday":500,"pricePerDayHoliday":800,"discount":100},"stock":1}'::jsonb),
  ('E013', '{"equipmentId":"E013","rentalSkuId":"R002","productId":"P002","variantId":"v-P002-0","sku":"v-P002-0","campgroundId":"C002","name":"MSR 超輕量帳篷","color":"沙漠卡其","size":"","specLabel":"沙漠卡其","imageUrl":"/assets/images/products/P002-1.jpg","terrainTag":"高海拔必備","description":"MSR 超輕量帳篷 為 Yuruicamp 精選的帳篷商品，規格： 沙漠卡其 。 適合露營、登山與戶外活動使用，後台可透過 Summernote 編輯器調整此描述。","pricing":{"pricePerDayWeekday":300,"pricePerDayHoliday":450,"discount":0},"stock":4}'::jsonb),
  ('E014', '{"equipmentId":"E014","rentalSkuId":"R003","productId":"P011","variantId":"v-P011-0","sku":"v-P011-0","campgroundId":"C003","name":"Snow Peak 客廳帳","color":"象牙白","size":"","specLabel":"象牙白","imageUrl":"/assets/images/products/P011-1.jpg","terrainTag":"溪流旁野營推薦","description":"Snow Peak 客廳帳 為 Yuruicamp 精選的帳篷商品，規格： 象牙白 。 適合露營、登山與戶外活動使用，後台可透過 Summernote 編輯器調整此描述。","pricing":{"pricePerDayWeekday":200,"pricePerDayHoliday":350,"discount":50},"stock":3}'::jsonb),
  ('E015', '{"equipmentId":"E015","rentalSkuId":"R004","productId":"P012","variantId":"v-P012-0","sku":"v-P012-0","campgroundId":"C003","name":"四季保暖睡袋","color":"深藍","size":"M","specLabel":"深藍 / M","imageUrl":"/assets/images/products/P012-1.jpg","terrainTag":"野炊推薦","description":"四季保暖睡袋 為 Yuruicamp 精選的睡袋商品，提供 M / L 兩種尺寸（深藍）。 適合露營、登山與戶外活動使用，後台可透過 Summernote 編輯器調整此描述。","pricing":{"pricePerDayWeekday":350,"pricePerDayHoliday":500,"discount":0},"stock":2}'::jsonb),
  ('E016', '{"equipmentId":"E016","rentalSkuId":"R004","productId":"P012","variantId":"v-P012-1","sku":"v-P012-1","campgroundId":"C003","name":"四季保暖睡袋","color":"深藍","size":"L","specLabel":"深藍 / L","imageUrl":"/assets/images/products/P012-1.jpg","terrainTag":"野炊推薦","description":"四季保暖睡袋 為 Yuruicamp 精選的睡袋商品，提供 M / L 兩種尺寸（深藍）。 適合露營、登山與戶外活動使用，後台可透過 Summernote 編輯器調整此描述。","pricing":{"pricePerDayWeekday":350,"pricePerDayHoliday":500,"discount":0},"stock":2}'::jsonb),
  ('E017', '{"equipmentId":"E017","rentalSkuId":"R005","productId":"P004","variantId":"v-P004-0","sku":"v-P004-0","campgroundId":"C005","name":"羽絨睡袋","color":"","size":"-10°C","specLabel":"-10°C","imageUrl":"/assets/images/products/P004-1.jpg","terrainTag":"夜間觀星推薦","description":"羽絨睡袋 為 Yuruicamp 精選的睡袋商品，提供 -10°C / -5°C / 0°C 三種溫標可選。 適合露營、登山與戶外活動使用，後台可透過 Summernote 編輯器調整此描述。","pricing":{"pricePerDayWeekday":400,"pricePerDayHoliday":600,"discount":0},"stock":1}'::jsonb),
  ('E018', '{"equipmentId":"E018","rentalSkuId":"R005","productId":"P004","variantId":"v-P004-1","sku":"v-P004-1","campgroundId":"C005","name":"羽絨睡袋","color":"","size":"-5°C","specLabel":"-5°C","imageUrl":"/assets/images/products/P004-1.jpg","terrainTag":"夜間觀星推薦","description":"羽絨睡袋 為 Yuruicamp 精選的睡袋商品，提供 -10°C / -5°C / 0°C 三種溫標可選。 適合露營、登山與戶外活動使用，後台可透過 Summernote 編輯器調整此描述。","pricing":{"pricePerDayWeekday":400,"pricePerDayHoliday":600,"discount":0},"stock":0}'::jsonb),
  ('E019', '{"equipmentId":"E019","rentalSkuId":"R005","productId":"P004","variantId":"v-P004-2","sku":"v-P004-2","campgroundId":"C005","name":"羽絨睡袋","color":"","size":"0°C","specLabel":"0°C","imageUrl":"/assets/images/products/P004-1.jpg","terrainTag":"夜間觀星推薦","description":"羽絨睡袋 為 Yuruicamp 精選的睡袋商品，提供 -10°C / -5°C / 0°C 三種溫標可選。 適合露營、登山與戶外活動使用，後台可透過 Summernote 編輯器調整此描述。","pricing":{"pricePerDayWeekday":400,"pricePerDayHoliday":600,"discount":0},"stock":1}'::jsonb),
  ('E020', '{"equipmentId":"E020","rentalSkuId":"R006","productId":"P005","variantId":"v-P005-0","sku":"v-P005-0","campgroundId":"C006","name":"Coleman 氣化爐","color":"標準版","size":"","specLabel":"標準版","imageUrl":"/assets/images/products/P005-1.jpg","terrainTag":"海岸活動推薦","description":"Coleman 氣化爐 為 Yuruicamp 精選的炊具商品，規格： 標準版 。 適合露營、登山與戶外活動使用，後台可透過 Summernote 編輯器調整此描述。","pricing":{"pricePerDayWeekday":600,"pricePerDayHoliday":900,"discount":100},"stock":5}'::jsonb),
  ('E021', '{"equipmentId":"E021","rentalSkuId":"R007","productId":"P006","variantId":"v-P006-0","sku":"v-P006-0","campgroundId":"C007","name":"Snow Peak 鈦合金杯組","color":"鈦金屬原色","size":"","specLabel":"鈦金屬原色","imageUrl":"/assets/images/products/P006-1.jpg","terrainTag":"常降雨區推薦","description":"Snow Peak 鈦合金杯組 為 Yuruicamp 精選的炊具商品，規格： 鈦金屬原色 。 適合露營、登山與戶外活動使用，後台可透過 Summernote 編輯器調整此描述。","pricing":{"pricePerDayWeekday":250,"pricePerDayHoliday":400,"discount":0},"stock":1}'::jsonb),
  ('E022', '{"equipmentId":"E022","rentalSkuId":"R008","productId":"P009","variantId":"v-P009-0","sku":"v-P009-0","campgroundId":"C009","name":"折疊桌椅組","color":"鋁合金輕量版","size":"","specLabel":"鋁合金輕量版","imageUrl":"/assets/images/products/P009-1.jpg","terrainTag":"溪流旁野營推薦","description":"折疊桌椅組 為 Yuruicamp 精選的其他商品，規格： 鋁合金輕量版 。 適合露營、登山與戶外活動使用，後台可透過 Summernote 編輯器調整此描述。","pricing":{"pricePerDayWeekday":450,"pricePerDayHoliday":700,"discount":50},"stock":1}'::jsonb),
  ('E023', '{"equipmentId":"E023","rentalSkuId":"R005","productId":"P004","variantId":"v-P004-0","sku":"v-P004-0","campgroundId":"C008","name":"羽絨睡袋","color":"","size":"-10°C","specLabel":"-10°C","imageUrl":"/assets/images/products/P004-1.jpg","terrainTag":"溫泉露營推薦","description":"羽絨睡袋 為 Yuruicamp 精選的睡袋商品，提供 -10°C / -5°C / 0°C 三種溫標可選。 適合露營、登山與戶外活動使用，後台可透過 Summernote 編輯器調整此描述。","pricing":{"pricePerDayWeekday":300,"pricePerDayHoliday":450,"discount":0},"stock":0}'::jsonb),
  ('E024', '{"equipmentId":"E024","rentalSkuId":"R005","productId":"P004","variantId":"v-P004-1","sku":"v-P004-1","campgroundId":"C008","name":"羽絨睡袋","color":"","size":"-5°C","specLabel":"-5°C","imageUrl":"/assets/images/products/P004-1.jpg","terrainTag":"溫泉露營推薦","description":"羽絨睡袋 為 Yuruicamp 精選的睡袋商品，提供 -10°C / -5°C / 0°C 三種溫標可選。 適合露營、登山與戶外活動使用，後台可透過 Summernote 編輯器調整此描述。","pricing":{"pricePerDayWeekday":300,"pricePerDayHoliday":450,"discount":0},"stock":0}'::jsonb),
  ('E025', '{"equipmentId":"E025","rentalSkuId":"R005","productId":"P004","variantId":"v-P004-2","sku":"v-P004-2","campgroundId":"C008","name":"羽絨睡袋","color":"","size":"0°C","specLabel":"0°C","imageUrl":"/assets/images/products/P004-1.jpg","terrainTag":"溫泉露營推薦","description":"羽絨睡袋 為 Yuruicamp 精選的睡袋商品，提供 -10°C / -5°C / 0°C 三種溫標可選。 適合露營、登山與戶外活動使用，後台可透過 Summernote 編輯器調整此描述。","pricing":{"pricePerDayWeekday":300,"pricePerDayHoliday":450,"discount":0},"stock":1}'::jsonb)
ON CONFLICT (listing_id) DO NOTHING;

INSERT INTO migration.p3_rental_min_stock_source (rental_sku_id, location_id, quantity) VALUES
  ('R001', 'C001', 1),
  ('R001', 'C002', 1),
  ('R001', 'C003', 1),
  ('R001', 'C004', 1),
  ('R001', 'C005', 1),
  ('R001', 'C006', 1),
  ('R001', 'C007', 1),
  ('R001', 'C008', 1),
  ('R001', 'C009', 1),
  ('R002', 'C001', 1),
  ('R002', 'C002', 1),
  ('R002', 'C003', 1),
  ('R002', 'C004', 1),
  ('R002', 'C005', 1),
  ('R002', 'C006', 1),
  ('R002', 'C007', 1),
  ('R002', 'C008', 1),
  ('R002', 'C009', 1),
  ('R018', 'C001', 1),
  ('R018', 'C002', 1),
  ('R018', 'C003', 1),
  ('R018', 'C004', 1),
  ('R018', 'C005', 1),
  ('R018', 'C006', 1),
  ('R018', 'C007', 1),
  ('R018', 'C008', 1),
  ('R018', 'C009', 1),
  ('R005', 'C001', 1),
  ('R005', 'C002', 1),
  ('R005', 'C003', 1),
  ('R005', 'C004', 1),
  ('R005', 'C005', 1),
  ('R005', 'C006', 1),
  ('R005', 'C007', 1),
  ('R005', 'C008', 1),
  ('R005', 'C009', 1),
  ('R006', 'C001', 1),
  ('R006', 'C002', 1),
  ('R006', 'C003', 1),
  ('R006', 'C004', 1),
  ('R006', 'C005', 1),
  ('R006', 'C006', 1),
  ('R006', 'C007', 1),
  ('R006', 'C008', 1),
  ('R006', 'C009', 1),
  ('R007', 'C001', 1),
  ('R007', 'C002', 1),
  ('R007', 'C003', 1),
  ('R007', 'C004', 1),
  ('R007', 'C005', 1),
  ('R007', 'C006', 1),
  ('R007', 'C007', 1),
  ('R007', 'C008', 1),
  ('R007', 'C009', 1),
  ('R011', 'C001', 1),
  ('R011', 'C002', 1),
  ('R011', 'C003', 1),
  ('R011', 'C004', 1),
  ('R011', 'C005', 1),
  ('R011', 'C006', 1),
  ('R011', 'C007', 1),
  ('R011', 'C008', 1),
  ('R011', 'C009', 1),
  ('R013', 'C001', 1),
  ('R013', 'C002', 1),
  ('R013', 'C003', 1),
  ('R013', 'C004', 1),
  ('R013', 'C005', 1),
  ('R013', 'C006', 1),
  ('R013', 'C007', 1),
  ('R013', 'C008', 1),
  ('R013', 'C009', 1),
  ('R008', 'C001', 1),
  ('R008', 'C002', 1),
  ('R008', 'C003', 1),
  ('R008', 'C004', 1),
  ('R008', 'C005', 1),
  ('R008', 'C006', 1),
  ('R008', 'C007', 1),
  ('R008', 'C008', 1),
  ('R008', 'C009', 1),
  ('R003', 'C001', 1),
  ('R003', 'C002', 1),
  ('R003', 'C003', 1),
  ('R003', 'C004', 1),
  ('R003', 'C005', 1),
  ('R003', 'C006', 1),
  ('R003', 'C007', 1),
  ('R003', 'C008', 1),
  ('R003', 'C009', 1),
  ('R004', 'C001', 1),
  ('R004', 'C002', 1),
  ('R004', 'C003', 1),
  ('R004', 'C004', 1),
  ('R004', 'C005', 1),
  ('R004', 'C006', 1),
  ('R004', 'C007', 1),
  ('R004', 'C008', 1),
  ('R004', 'C009', 1),
  ('R009', 'C001', 1),
  ('R009', 'C002', 1),
  ('R009', 'C003', 1),
  ('R009', 'C004', 1),
  ('R009', 'C005', 1),
  ('R009', 'C006', 1),
  ('R009', 'C007', 1),
  ('R009', 'C008', 1),
  ('R009', 'C009', 1),
  ('R010', 'C001', 1),
  ('R010', 'C002', 1),
  ('R010', 'C003', 1),
  ('R010', 'C004', 1),
  ('R010', 'C005', 1),
  ('R010', 'C006', 1),
  ('R010', 'C007', 1),
  ('R010', 'C008', 1),
  ('R010', 'C009', 1),
  ('R012', 'C001', 1),
  ('R012', 'C002', 1),
  ('R012', 'C003', 1),
  ('R012', 'C004', 1),
  ('R012', 'C005', 1),
  ('R012', 'C006', 1),
  ('R012', 'C007', 1),
  ('R012', 'C008', 1),
  ('R012', 'C009', 1),
  ('R014', 'C001', 1),
  ('R014', 'C002', 1),
  ('R014', 'C003', 1),
  ('R014', 'C004', 1),
  ('R014', 'C005', 1),
  ('R014', 'C006', 1),
  ('R014', 'C007', 1),
  ('R014', 'C008', 1),
  ('R014', 'C009', 1),
  ('R015', 'C001', 1),
  ('R015', 'C002', 1),
  ('R015', 'C003', 1),
  ('R015', 'C004', 1),
  ('R015', 'C005', 1),
  ('R015', 'C006', 1),
  ('R015', 'C007', 1),
  ('R015', 'C008', 1),
  ('R015', 'C009', 1),
  ('R016', 'C001', 1),
  ('R016', 'C002', 1),
  ('R016', 'C003', 1),
  ('R016', 'C004', 1),
  ('R016', 'C005', 1),
  ('R016', 'C006', 1),
  ('R016', 'C007', 1),
  ('R016', 'C008', 1),
  ('R016', 'C009', 1),
  ('R017', 'C001', 1),
  ('R017', 'C002', 1),
  ('R017', 'C003', 1),
  ('R017', 'C004', 1),
  ('R017', 'C005', 1),
  ('R017', 'C006', 1),
  ('R017', 'C007', 1),
  ('R017', 'C008', 1),
  ('R017', 'C009', 1),
  ('R019', 'C001', 1),
  ('R019', 'C002', 1),
  ('R019', 'C003', 1),
  ('R019', 'C004', 1),
  ('R019', 'C005', 1),
  ('R019', 'C006', 1),
  ('R019', 'C007', 1),
  ('R019', 'C008', 1),
  ('R019', 'C009', 1),
  ('R020', 'C001', 1),
  ('R020', 'C002', 1),
  ('R020', 'C003', 1),
  ('R020', 'C004', 1),
  ('R020', 'C005', 1),
  ('R020', 'C006', 1),
  ('R020', 'C007', 1),
  ('R020', 'C008', 1),
  ('R020', 'C009', 1),
  ('R021', 'C001', 1),
  ('R021', 'C002', 1),
  ('R021', 'C003', 1),
  ('R021', 'C004', 1),
  ('R021', 'C005', 1),
  ('R021', 'C006', 1),
  ('R021', 'C007', 1),
  ('R021', 'C008', 1),
  ('R021', 'C009', 1),
  ('R022', 'C001', 1),
  ('R022', 'C002', 1),
  ('R022', 'C003', 1),
  ('R022', 'C004', 1),
  ('R022', 'C005', 1),
  ('R022', 'C006', 1),
  ('R022', 'C007', 1),
  ('R022', 'C008', 1),
  ('R022', 'C009', 1),
  ('R023', 'C001', 1),
  ('R023', 'C002', 1),
  ('R023', 'C003', 1),
  ('R023', 'C004', 1),
  ('R023', 'C005', 1),
  ('R023', 'C006', 1),
  ('R023', 'C007', 1),
  ('R023', 'C008', 1),
  ('R023', 'C009', 1),
  ('R024', 'C001', 1),
  ('R024', 'C002', 1),
  ('R024', 'C003', 1),
  ('R024', 'C004', 1),
  ('R024', 'C005', 1),
  ('R024', 'C006', 1),
  ('R024', 'C007', 1),
  ('R024', 'C008', 1),
  ('R024', 'C009', 1),
  ('R025', 'C001', 1),
  ('R025', 'C002', 1),
  ('R025', 'C003', 1),
  ('R025', 'C004', 1),
  ('R025', 'C005', 1),
  ('R025', 'C006', 1),
  ('R025', 'C007', 1),
  ('R025', 'C008', 1),
  ('R025', 'C009', 1),
  ('R026', 'C001', 1),
  ('R026', 'C002', 1),
  ('R026', 'C003', 1),
  ('R026', 'C004', 1),
  ('R026', 'C005', 1),
  ('R026', 'C006', 1),
  ('R026', 'C007', 1),
  ('R026', 'C008', 1),
  ('R026', 'C009', 1),
  ('R027', 'C001', 1),
  ('R027', 'C002', 1),
  ('R027', 'C003', 1),
  ('R027', 'C004', 1),
  ('R027', 'C005', 1),
  ('R027', 'C006', 1),
  ('R027', 'C007', 1),
  ('R027', 'C008', 1),
  ('R027', 'C009', 1),
  ('R028', 'C001', 1),
  ('R028', 'C002', 1),
  ('R028', 'C003', 1),
  ('R028', 'C004', 1),
  ('R028', 'C005', 1),
  ('R028', 'C006', 1),
  ('R028', 'C007', 1),
  ('R028', 'C008', 1),
  ('R028', 'C009', 1)
ON CONFLICT (rental_sku_id, location_id) DO NOTHING;

INSERT INTO rental_skus (
  id, product_id, image, name, category, brand, item_id, status
) VALUES
  ('R001', 'P001', '/assets/images/products/P001-1.jpg', 'Coleman 六人帳篷', '帳篷', 'Coleman', 'P001', 'active'),
  ('R002', 'P002', '/assets/images/products/P002-1.jpg', 'MSR 超輕量帳篷', '帳篷', 'MSR', 'P002', 'active'),
  ('R018', 'P003', '/assets/images/products/P003-1.jpg', '充氣式睡墊', '睡袋', 'Yuruicamp', 'P003', 'active'),
  ('R005', 'P004', '/assets/images/products/P004-1.jpg', '羽絨睡袋', '睡袋', 'Yuruicamp', 'P004', 'active'),
  ('R006', 'P005', '/assets/images/products/P005-1.jpg', 'Coleman 氣化爐', '炊具', 'Coleman', 'P005', 'active'),
  ('R007', 'P006', '/assets/images/products/P006-1.jpg', 'Snow Peak 鈦合金杯組', '炊具', 'Snow Peak', 'P006', 'active'),
  ('R011', 'P007', '/assets/images/products/P007-1.jpg', 'LED 露營燈', '燈具', 'Yuruicamp', 'P007', 'active'),
  ('R013', 'P008', '/assets/images/products/P008-1.jpg', '防水登山背包', '背包', 'Yuruicamp', 'P008', 'active'),
  ('R008', 'P009', '/assets/images/products/P009-1.jpg', '折疊桌椅組', '其他', 'Yuruicamp', 'P009', 'active'),
  ('R003', 'P011', '/assets/images/products/P011-1.jpg', 'Snow Peak 客廳帳', '帳篷', 'Snow Peak', 'P011', 'active'),
  ('R004', 'P012', '/assets/images/products/P012-1.jpg', '四季保暖睡袋', '睡袋', 'Yuruicamp', 'P012', 'active'),
  ('R009', 'P013', '/assets/images/products/P013-1.jpg', '折疊蛋捲桌', '其他', 'Yuruicamp', 'P013', 'active'),
  ('R010', 'P014', '/assets/images/products/P014-1.jpg', '高背月亮椅', '其他', 'Yuruicamp', 'P014', 'active'),
  ('R012', 'P015', '/assets/images/products/P015-1.jpg', '充電式頭燈', '燈具', 'Yuruicamp', 'P015', 'active'),
  ('R014', 'P016', '/assets/images/products/P016-1.jpg', '65L 重裝背包', '背包', 'Yuruicamp', 'P016', 'active'),
  ('R015', 'P017', '/assets/images/products/P017-1.jpg', '露營拖車', '其他', 'Yuruicamp', 'P017', 'active'),
  ('R016', 'P018', '/assets/images/products/P018-1.jpg', '大型天幕', '帳篷', 'Yuruicamp', 'P018', 'active'),
  ('R017', 'P019', '/assets/images/products/P019-1.jpg', '營柱與營繩組', '其他', 'Yuruicamp', 'P019', 'active'),
  ('R019', 'P020', '/assets/images/products/P020-1.jpg', '行動電源站', '其他', 'Yuruicamp', 'P020', 'active'),
  ('R020', 'P021', '/assets/images/products/P021-1.jpg', '保冷冰桶 45L', '其他', 'Yuruicamp', 'P021', 'active'),
  ('R021', 'P022', '/assets/images/products/P022-1.jpg', '雙層防風外套', '其他', 'Yuruicamp', 'P022', 'active'),
  ('R022', 'P023', '/assets/images/products/P023-1.jpg', '快煮鍋 1.5L', '炊具', 'Yuruicamp', 'P023', 'active'),
  ('R023', 'P024', '/assets/images/products/P024-1.jpg', '碳纖維登山杖', '其他', 'Yuruicamp', 'P024', 'active'),
  ('R024', 'P025', '/assets/images/products/P025-1.jpg', '防水戶外手錶', '其他', 'Yuruicamp', 'P025', 'active'),
  ('R025', 'P026', '/assets/images/products/P026-1.jpg', '輕量吊床', '其他', 'Yuruicamp', 'P026', 'active'),
  ('R026', 'P027', '/assets/images/products/P027-1.jpg', '戶外淋浴袋', '其他', 'Yuruicamp', 'P027', 'active'),
  ('R027', 'P028', '/assets/images/products/P028-1.jpg', '折疊式焚火台', '炊具', 'Yuruicamp', 'P028', 'active'),
  ('R028', 'P029', '/assets/images/products/P029-1.jpg', '防蚊帳篷內帳', '帳篷', 'Yuruicamp', 'P029', 'active')
ON CONFLICT (id) DO NOTHING;

UPDATE rental_skus SET item_id = product_id WHERE item_id IS NULL;

INSERT INTO rental_sku_variants (
  id, rental_sku_id, sku, color, size, specification, status
) VALUES
  ('v-P001-0', 'R001', 'v-P001-0', '深橄欖綠', NULL, '深橄欖綠', 'active'),
  ('v-P001-1', 'R001', 'v-P001-1', '沙漠棕', NULL, '沙漠棕', 'active'),
  ('v-P001-2', 'R001', 'v-P001-2', '太空灰', NULL, '太空灰', 'active'),
  ('v-P002-0', 'R002', 'v-P002-0', '沙漠卡其', NULL, '沙漠卡其', 'active'),
  ('v-P003-0', 'R018', 'v-P003-0', NULL, 'S', 'S', 'active'),
  ('v-P003-1', 'R018', 'v-P003-1', NULL, 'M', 'M', 'active'),
  ('v-P003-2', 'R018', 'v-P003-2', NULL, 'L', 'L', 'active'),
  ('v-P004-0', 'R005', 'v-P004-0', NULL, '-10°C', '-10°C', 'active'),
  ('v-P004-1', 'R005', 'v-P004-1', NULL, '-5°C', '-5°C', 'active'),
  ('v-P004-2', 'R005', 'v-P004-2', NULL, '0°C', '0°C', 'active'),
  ('v-P005-0', 'R006', 'v-P005-0', '標準版', NULL, '標準版', 'active'),
  ('v-P006-0', 'R007', 'v-P006-0', '鈦金屬原色', NULL, '鈦金屬原色', 'active'),
  ('v-P007-0', 'R011', 'v-P007-0', '暖白光', NULL, '暖白光', 'active'),
  ('v-P007-1', 'R011', 'v-P007-1', '冷白光', NULL, '冷白光', 'active'),
  ('v-P008-0', 'R013', 'v-P008-0', '森林綠', '35L', '森林綠 / 35L', 'active'),
  ('v-P008-1', 'R013', 'v-P008-1', '森林綠', '45L', '森林綠 / 45L', 'active'),
  ('v-P009-0', 'R008', 'v-P009-0', '鋁合金輕量版', NULL, '鋁合金輕量版', 'active'),
  ('v-P011-0', 'R003', 'v-P011-0', '象牙白', NULL, '象牙白', 'active'),
  ('v-P012-0', 'R004', 'v-P012-0', '深藍', 'M', '深藍 / M', 'active'),
  ('v-P012-1', 'R004', 'v-P012-1', '深藍', 'L', '深藍 / L', 'active'),
  ('v-P013-0', 'R009', 'v-P013-0', '胡桃木紋', NULL, '胡桃木紋', 'active'),
  ('v-P014-0', 'R010', 'v-P014-0', '軍綠', NULL, '軍綠', 'active'),
  ('v-P015-0', 'R012', 'v-P015-0', 'USB-C', NULL, 'USB-C', 'active'),
  ('v-P016-0', 'R014', 'v-P016-0', '岩石灰', NULL, '岩石灰', 'active'),
  ('v-P017-0', 'R015', 'v-P017-0', '折疊式', NULL, '折疊式', 'active'),
  ('v-P018-0', 'R016', 'v-P018-0', '4x4m', NULL, '4x4m', 'active'),
  ('v-P019-0', 'R017', 'v-P019-0', '標準套組', NULL, '標準套組', 'active'),
  ('v-P020-0', 'R019', 'v-P020-0', '500Wh', NULL, '500Wh', 'active'),
  ('v-P021-0', 'R020', 'v-P021-0', '深藍', NULL, '深藍', 'active'),
  ('v-P022-0', 'R021', 'v-P022-0', 'L號', NULL, 'L號', 'active'),
  ('v-P023-0', 'R022', 'v-P023-0', '不鏽鋼', NULL, '不鏽鋼', 'active'),
  ('v-P024-0', 'R023', 'v-P024-0', '一對', NULL, '一對', 'active'),
  ('v-P025-0', 'R024', 'v-P025-0', 'GPS版', NULL, 'GPS版', 'active'),
  ('v-P026-0', 'R025', 'v-P026-0', '雙人', NULL, '雙人', 'active'),
  ('v-P027-0', 'R026', 'v-P027-0', '20L', NULL, '20L', 'active'),
  ('v-P028-0', 'R027', 'v-P028-0', '不鏽鋼', NULL, '不鏽鋼', 'active'),
  ('v-P029-0', 'R028', 'v-P029-0', '通用型', NULL, '通用型', 'active')
ON CONFLICT (id) DO NOTHING;

INSERT INTO migration.p3_rental_variant_map (
  rental_sku_id, legacy_variant_id, rental_variant_id
) VALUES
  ('R001', 'v-P001-0', 'v-P001-0'),
  ('R001', 'v-P001-1', 'v-P001-1'),
  ('R001', 'v-P001-2', 'v-P001-2'),
  ('R002', 'v-P002-0', 'v-P002-0'),
  ('R018', 'v-P003-0', 'v-P003-0'),
  ('R018', 'v-P003-1', 'v-P003-1'),
  ('R018', 'v-P003-2', 'v-P003-2'),
  ('R005', 'v-P004-0', 'v-P004-0'),
  ('R005', 'v-P004-1', 'v-P004-1'),
  ('R005', 'v-P004-2', 'v-P004-2'),
  ('R006', 'v-P005-0', 'v-P005-0'),
  ('R007', 'v-P006-0', 'v-P006-0'),
  ('R011', 'v-P007-0', 'v-P007-0'),
  ('R011', 'v-P007-1', 'v-P007-1'),
  ('R013', 'v-P008-0', 'v-P008-0'),
  ('R013', 'v-P008-1', 'v-P008-1'),
  ('R008', 'v-P009-0', 'v-P009-0'),
  ('R003', 'v-P011-0', 'v-P011-0'),
  ('R004', 'v-P012-0', 'v-P012-0'),
  ('R004', 'v-P012-1', 'v-P012-1'),
  ('R009', 'v-P013-0', 'v-P013-0'),
  ('R010', 'v-P014-0', 'v-P014-0'),
  ('R012', 'v-P015-0', 'v-P015-0'),
  ('R014', 'v-P016-0', 'v-P016-0'),
  ('R015', 'v-P017-0', 'v-P017-0'),
  ('R016', 'v-P018-0', 'v-P018-0'),
  ('R017', 'v-P019-0', 'v-P019-0'),
  ('R019', 'v-P020-0', 'v-P020-0'),
  ('R020', 'v-P021-0', 'v-P021-0'),
  ('R021', 'v-P022-0', 'v-P022-0'),
  ('R022', 'v-P023-0', 'v-P023-0'),
  ('R023', 'v-P024-0', 'v-P024-0'),
  ('R024', 'v-P025-0', 'v-P025-0'),
  ('R025', 'v-P026-0', 'v-P026-0'),
  ('R026', 'v-P027-0', 'v-P027-0'),
  ('R027', 'v-P028-0', 'v-P028-0'),
  ('R028', 'v-P029-0', 'v-P029-0')
ON CONFLICT (rental_sku_id, legacy_variant_id) DO NOTHING;

INSERT INTO campground_rental_locations (campground_id, location_id) VALUES
  ('C002', 'C002'),
  ('C003', 'C003'),
  ('C004', 'C004'),
  ('C005', 'C005'),
  ('C006', 'C006'),
  ('C007', 'C007'),
  ('C008', 'C008'),
  ('C009', 'C009')
ON CONFLICT (campground_id) DO NOTHING;

INSERT INTO rental_sku_variant_stocks_p3 (
  location_id, rental_sku_variant_id, on_hand_quantity
) VALUES
  ('C001', 'v-P001-0', 0),
  ('C002', 'v-P001-0', 0),
  ('C003', 'v-P001-0', 1),
  ('C004', 'v-P001-0', 2),
  ('C005', 'v-P001-0', 1),
  ('C006', 'v-P001-0', 2),
  ('C007', 'v-P001-0', 0),
  ('C008', 'v-P001-0', 0),
  ('C009', 'v-P001-0', 0),
  ('C001', 'v-P001-1', 0),
  ('C002', 'v-P001-1', 0),
  ('C003', 'v-P001-1', 1),
  ('C004', 'v-P001-1', 1),
  ('C005', 'v-P001-1', 1),
  ('C006', 'v-P001-1', 1),
  ('C007', 'v-P001-1', 0),
  ('C008', 'v-P001-1', 0),
  ('C009', 'v-P001-1', 0),
  ('C001', 'v-P001-2', 0),
  ('C002', 'v-P001-2', 1),
  ('C003', 'v-P001-2', 1),
  ('C004', 'v-P001-2', 1),
  ('C005', 'v-P001-2', 1),
  ('C006', 'v-P001-2', 1),
  ('C007', 'v-P001-2', 1),
  ('C008', 'v-P001-2', 1),
  ('C009', 'v-P001-2', 1),
  ('C001', 'v-P002-0', 0),
  ('C002', 'v-P002-0', 4),
  ('C003', 'v-P002-0', 5),
  ('C004', 'v-P002-0', 2),
  ('C005', 'v-P002-0', 3),
  ('C006', 'v-P002-0', 5),
  ('C007', 'v-P002-0', 1),
  ('C008', 'v-P002-0', 1),
  ('C009', 'v-P002-0', 1),
  ('C001', 'v-P003-0', 0),
  ('C002', 'v-P003-0', 2),
  ('C003', 'v-P003-0', 2),
  ('C004', 'v-P003-0', 0),
  ('C005', 'v-P003-0', 2),
  ('C006', 'v-P003-0', 1),
  ('C007', 'v-P003-0', 0),
  ('C008', 'v-P003-0', 0),
  ('C009', 'v-P003-0', 0),
  ('C001', 'v-P003-1', 0),
  ('C002', 'v-P003-1', 2),
  ('C003', 'v-P003-1', 2),
  ('C004', 'v-P003-1', 0),
  ('C005', 'v-P003-1', 2),
  ('C006', 'v-P003-1', 1),
  ('C007', 'v-P003-1', 0),
  ('C008', 'v-P003-1', 0),
  ('C009', 'v-P003-1', 0),
  ('C001', 'v-P003-2', 0),
  ('C002', 'v-P003-2', 1),
  ('C003', 'v-P003-2', 1),
  ('C004', 'v-P003-2', 1),
  ('C005', 'v-P003-2', 1),
  ('C006', 'v-P003-2', 2),
  ('C007', 'v-P003-2', 1),
  ('C008', 'v-P003-2', 1),
  ('C009', 'v-P003-2', 1),
  ('C001', 'v-P004-0', 0),
  ('C002', 'v-P004-0', 1),
  ('C003', 'v-P004-0', 1),
  ('C004', 'v-P004-0', 1),
  ('C005', 'v-P004-0', 1),
  ('C006', 'v-P004-0', 2),
  ('C007', 'v-P004-0', 0),
  ('C008', 'v-P004-0', 0),
  ('C009', 'v-P004-0', 0),
  ('C001', 'v-P004-1', 0),
  ('C002', 'v-P004-1', 0),
  ('C003', 'v-P004-1', 1),
  ('C004', 'v-P004-1', 1),
  ('C005', 'v-P004-1', 0),
  ('C006', 'v-P004-1', 1),
  ('C007', 'v-P004-1', 0),
  ('C008', 'v-P004-1', 0),
  ('C009', 'v-P004-1', 0),
  ('C001', 'v-P004-2', 0),
  ('C002', 'v-P004-2', 1),
  ('C003', 'v-P004-2', 1),
  ('C004', 'v-P004-2', 1),
  ('C005', 'v-P004-2', 1),
  ('C006', 'v-P004-2', 1),
  ('C007', 'v-P004-2', 1),
  ('C008', 'v-P004-2', 1),
  ('C009', 'v-P004-2', 1),
  ('C001', 'v-P005-0', 0),
  ('C002', 'v-P005-0', 4),
  ('C003', 'v-P005-0', 4),
  ('C004', 'v-P005-0', 5),
  ('C005', 'v-P005-0', 4),
  ('C006', 'v-P005-0', 5),
  ('C007', 'v-P005-0', 1),
  ('C008', 'v-P005-0', 1),
  ('C009', 'v-P005-0', 1),
  ('C001', 'v-P006-0', 0),
  ('C002', 'v-P006-0', 3),
  ('C003', 'v-P006-0', 4),
  ('C004', 'v-P006-0', 4),
  ('C005', 'v-P006-0', 2),
  ('C006', 'v-P006-0', 1),
  ('C007', 'v-P006-0', 1),
  ('C008', 'v-P006-0', 1),
  ('C009', 'v-P006-0', 1),
  ('C001', 'v-P007-0', 0),
  ('C002', 'v-P007-0', 1),
  ('C003', 'v-P007-0', 1),
  ('C004', 'v-P007-0', 0),
  ('C005', 'v-P007-0', 1),
  ('C006', 'v-P007-0', 1),
  ('C007', 'v-P007-0', 0),
  ('C008', 'v-P007-0', 0),
  ('C009', 'v-P007-0', 0),
  ('C001', 'v-P007-1', 0),
  ('C002', 'v-P007-1', 1),
  ('C003', 'v-P007-1', 2),
  ('C004', 'v-P007-1', 1),
  ('C005', 'v-P007-1', 2),
  ('C006', 'v-P007-1', 1),
  ('C007', 'v-P007-1', 1),
  ('C008', 'v-P007-1', 1),
  ('C009', 'v-P007-1', 1),
  ('C001', 'v-P008-0', 0),
  ('C002', 'v-P008-0', 1),
  ('C003', 'v-P008-0', 1),
  ('C004', 'v-P008-0', 0),
  ('C005', 'v-P008-0', 1),
  ('C006', 'v-P008-0', 0),
  ('C007', 'v-P008-0', 0),
  ('C008', 'v-P008-0', 0),
  ('C009', 'v-P008-0', 0),
  ('C001', 'v-P008-1', 0),
  ('C002', 'v-P008-1', 2),
  ('C003', 'v-P008-1', 2),
  ('C004', 'v-P008-1', 1),
  ('C005', 'v-P008-1', 3),
  ('C006', 'v-P008-1', 1),
  ('C007', 'v-P008-1', 1),
  ('C008', 'v-P008-1', 1),
  ('C009', 'v-P008-1', 1),
  ('C001', 'v-P009-0', 0),
  ('C002', 'v-P009-0', 4),
  ('C003', 'v-P009-0', 5),
  ('C004', 'v-P009-0', 1),
  ('C005', 'v-P009-0', 5),
  ('C006', 'v-P009-0', 1),
  ('C007', 'v-P009-0', 1),
  ('C008', 'v-P009-0', 1),
  ('C009', 'v-P009-0', 1),
  ('C001', 'v-P011-0', 0),
  ('C002', 'v-P011-0', 1),
  ('C003', 'v-P011-0', 3),
  ('C004', 'v-P011-0', 4),
  ('C005', 'v-P011-0', 2),
  ('C006', 'v-P011-0', 2),
  ('C007', 'v-P011-0', 1),
  ('C008', 'v-P011-0', 1),
  ('C009', 'v-P011-0', 1),
  ('C001', 'v-P012-0', 0),
  ('C002', 'v-P012-0', 2),
  ('C003', 'v-P012-0', 2),
  ('C004', 'v-P012-0', 0),
  ('C005', 'v-P012-0', 0),
  ('C006', 'v-P012-0', 2),
  ('C007', 'v-P012-0', 0),
  ('C008', 'v-P012-0', 0),
  ('C009', 'v-P012-0', 0),
  ('C001', 'v-P012-1', 0),
  ('C002', 'v-P012-1', 2),
  ('C003', 'v-P012-1', 2),
  ('C004', 'v-P012-1', 1),
  ('C005', 'v-P012-1', 1),
  ('C006', 'v-P012-1', 2),
  ('C007', 'v-P012-1', 1),
  ('C008', 'v-P012-1', 1),
  ('C009', 'v-P012-1', 1),
  ('C001', 'v-P013-0', 0),
  ('C002', 'v-P013-0', 4),
  ('C003', 'v-P013-0', 5),
  ('C004', 'v-P013-0', 3),
  ('C005', 'v-P013-0', 4),
  ('C006', 'v-P013-0', 5),
  ('C007', 'v-P013-0', 1),
  ('C008', 'v-P013-0', 1),
  ('C009', 'v-P013-0', 1),
  ('C001', 'v-P014-0', 0),
  ('C002', 'v-P014-0', 3),
  ('C003', 'v-P014-0', 1),
  ('C004', 'v-P014-0', 5),
  ('C005', 'v-P014-0', 1),
  ('C006', 'v-P014-0', 5),
  ('C007', 'v-P014-0', 1),
  ('C008', 'v-P014-0', 1),
  ('C009', 'v-P014-0', 1),
  ('C001', 'v-P015-0', 0),
  ('C002', 'v-P015-0', 4),
  ('C003', 'v-P015-0', 1),
  ('C004', 'v-P015-0', 5),
  ('C005', 'v-P015-0', 4),
  ('C006', 'v-P015-0', 5),
  ('C007', 'v-P015-0', 1),
  ('C008', 'v-P015-0', 1),
  ('C009', 'v-P015-0', 1),
  ('C001', 'v-P016-0', 0),
  ('C002', 'v-P016-0', 4),
  ('C003', 'v-P016-0', 5),
  ('C004', 'v-P016-0', 2),
  ('C005', 'v-P016-0', 2),
  ('C006', 'v-P016-0', 3),
  ('C007', 'v-P016-0', 1),
  ('C008', 'v-P016-0', 1),
  ('C009', 'v-P016-0', 1),
  ('C001', 'v-P017-0', 0),
  ('C002', 'v-P017-0', 4),
  ('C003', 'v-P017-0', 1),
  ('C004', 'v-P017-0', 4),
  ('C005', 'v-P017-0', 1),
  ('C006', 'v-P017-0', 5),
  ('C007', 'v-P017-0', 1),
  ('C008', 'v-P017-0', 1),
  ('C009', 'v-P017-0', 1),
  ('C001', 'v-P018-0', 0),
  ('C002', 'v-P018-0', 2),
  ('C003', 'v-P018-0', 4),
  ('C004', 'v-P018-0', 3),
  ('C005', 'v-P018-0', 5),
  ('C006', 'v-P018-0', 5),
  ('C007', 'v-P018-0', 1),
  ('C008', 'v-P018-0', 1),
  ('C009', 'v-P018-0', 1),
  ('C001', 'v-P019-0', 0),
  ('C002', 'v-P019-0', 3),
  ('C003', 'v-P019-0', 4),
  ('C004', 'v-P019-0', 4),
  ('C005', 'v-P019-0', 2),
  ('C006', 'v-P019-0', 3),
  ('C007', 'v-P019-0', 1),
  ('C008', 'v-P019-0', 1),
  ('C009', 'v-P019-0', 1),
  ('C001', 'v-P020-0', 0),
  ('C002', 'v-P020-0', 1),
  ('C003', 'v-P020-0', 1),
  ('C004', 'v-P020-0', 4),
  ('C005', 'v-P020-0', 5),
  ('C006', 'v-P020-0', 1),
  ('C007', 'v-P020-0', 1),
  ('C008', 'v-P020-0', 1),
  ('C009', 'v-P020-0', 1),
  ('C001', 'v-P021-0', 0),
  ('C002', 'v-P021-0', 4),
  ('C003', 'v-P021-0', 1),
  ('C004', 'v-P021-0', 3),
  ('C005', 'v-P021-0', 4),
  ('C006', 'v-P021-0', 1),
  ('C007', 'v-P021-0', 1),
  ('C008', 'v-P021-0', 1),
  ('C009', 'v-P021-0', 1),
  ('C001', 'v-P022-0', 0),
  ('C002', 'v-P022-0', 5),
  ('C003', 'v-P022-0', 1),
  ('C004', 'v-P022-0', 1),
  ('C005', 'v-P022-0', 5),
  ('C006', 'v-P022-0', 5),
  ('C007', 'v-P022-0', 1),
  ('C008', 'v-P022-0', 1),
  ('C009', 'v-P022-0', 1),
  ('C001', 'v-P023-0', 0),
  ('C002', 'v-P023-0', 4),
  ('C003', 'v-P023-0', 2),
  ('C004', 'v-P023-0', 5),
  ('C005', 'v-P023-0', 5),
  ('C006', 'v-P023-0', 2),
  ('C007', 'v-P023-0', 1),
  ('C008', 'v-P023-0', 1),
  ('C009', 'v-P023-0', 1),
  ('C001', 'v-P024-0', 0),
  ('C002', 'v-P024-0', 2),
  ('C003', 'v-P024-0', 4),
  ('C004', 'v-P024-0', 2),
  ('C005', 'v-P024-0', 4),
  ('C006', 'v-P024-0', 2),
  ('C007', 'v-P024-0', 1),
  ('C008', 'v-P024-0', 1),
  ('C009', 'v-P024-0', 1),
  ('C001', 'v-P025-0', 0),
  ('C002', 'v-P025-0', 2),
  ('C003', 'v-P025-0', 2),
  ('C004', 'v-P025-0', 3),
  ('C005', 'v-P025-0', 3),
  ('C006', 'v-P025-0', 2),
  ('C007', 'v-P025-0', 1),
  ('C008', 'v-P025-0', 1),
  ('C009', 'v-P025-0', 1),
  ('C001', 'v-P026-0', 0),
  ('C002', 'v-P026-0', 5),
  ('C003', 'v-P026-0', 5),
  ('C004', 'v-P026-0', 3),
  ('C005', 'v-P026-0', 5),
  ('C006', 'v-P026-0', 6),
  ('C007', 'v-P026-0', 1),
  ('C008', 'v-P026-0', 1),
  ('C009', 'v-P026-0', 1),
  ('C001', 'v-P027-0', 0),
  ('C002', 'v-P027-0', 5),
  ('C003', 'v-P027-0', 3),
  ('C004', 'v-P027-0', 5),
  ('C005', 'v-P027-0', 1),
  ('C006', 'v-P027-0', 1),
  ('C007', 'v-P027-0', 1),
  ('C008', 'v-P027-0', 1),
  ('C009', 'v-P027-0', 1),
  ('C001', 'v-P028-0', 0),
  ('C002', 'v-P028-0', 3),
  ('C003', 'v-P028-0', 2),
  ('C004', 'v-P028-0', 1),
  ('C005', 'v-P028-0', 4),
  ('C006', 'v-P028-0', 5),
  ('C007', 'v-P028-0', 1),
  ('C008', 'v-P028-0', 1),
  ('C009', 'v-P028-0', 1),
  ('C001', 'v-P029-0', 0),
  ('C002', 'v-P029-0', 5),
  ('C003', 'v-P029-0', 5),
  ('C004', 'v-P029-0', 3),
  ('C005', 'v-P029-0', 2),
  ('C006', 'v-P029-0', 5),
  ('C007', 'v-P029-0', 1),
  ('C008', 'v-P029-0', 1),
  ('C009', 'v-P029-0', 1)
ON CONFLICT (location_id, rental_sku_variant_id) DO NOTHING;

INSERT INTO rental_listings_p3 (
  id, campground_id, rental_sku_variant_id, price_per_day_weekday,
  price_per_day_holiday, discount, terrain, description, active
) VALUES
  ('E010', 'C002', 'v-P001-0', 500, 800, 100, '常降雨區推薦', 'Coleman 六人帳篷 為 Yuruicamp 精選的帳篷商品，提供 深橄欖綠 、 沙漠棕 、 太空灰 三色可選。 適合露營、登山與戶外活動使用，後台可透過 Summernote 編輯器調整此描述。', TRUE),
  ('E011', 'C002', 'v-P001-1', 500, 800, 100, '常降雨區推薦', 'Coleman 六人帳篷 為 Yuruicamp 精選的帳篷商品，提供 深橄欖綠 、 沙漠棕 、 太空灰 三色可選。 適合露營、登山與戶外活動使用，後台可透過 Summernote 編輯器調整此描述。', TRUE),
  ('E012', 'C002', 'v-P001-2', 500, 800, 100, '常降雨區推薦', 'Coleman 六人帳篷 為 Yuruicamp 精選的帳篷商品，提供 深橄欖綠 、 沙漠棕 、 太空灰 三色可選。 適合露營、登山與戶外活動使用，後台可透過 Summernote 編輯器調整此描述。', TRUE),
  ('E013', 'C002', 'v-P002-0', 300, 450, 0, '高海拔必備', 'MSR 超輕量帳篷 為 Yuruicamp 精選的帳篷商品，規格： 沙漠卡其 。 適合露營、登山與戶外活動使用，後台可透過 Summernote 編輯器調整此描述。', TRUE),
  ('E014', 'C003', 'v-P011-0', 200, 350, 50, '溪流旁野營推薦', 'Snow Peak 客廳帳 為 Yuruicamp 精選的帳篷商品，規格： 象牙白 。 適合露營、登山與戶外活動使用，後台可透過 Summernote 編輯器調整此描述。', TRUE),
  ('E015', 'C003', 'v-P012-0', 350, 500, 0, '野炊推薦', '四季保暖睡袋 為 Yuruicamp 精選的睡袋商品，提供 M / L 兩種尺寸（深藍）。 適合露營、登山與戶外活動使用，後台可透過 Summernote 編輯器調整此描述。', TRUE),
  ('E016', 'C003', 'v-P012-1', 350, 500, 0, '野炊推薦', '四季保暖睡袋 為 Yuruicamp 精選的睡袋商品，提供 M / L 兩種尺寸（深藍）。 適合露營、登山與戶外活動使用，後台可透過 Summernote 編輯器調整此描述。', TRUE),
  ('E017', 'C005', 'v-P004-0', 400, 600, 0, '夜間觀星推薦', '羽絨睡袋 為 Yuruicamp 精選的睡袋商品，提供 -10°C / -5°C / 0°C 三種溫標可選。 適合露營、登山與戶外活動使用，後台可透過 Summernote 編輯器調整此描述。', TRUE),
  ('E018', 'C005', 'v-P004-1', 400, 600, 0, '夜間觀星推薦', '羽絨睡袋 為 Yuruicamp 精選的睡袋商品，提供 -10°C / -5°C / 0°C 三種溫標可選。 適合露營、登山與戶外活動使用，後台可透過 Summernote 編輯器調整此描述。', TRUE),
  ('E019', 'C005', 'v-P004-2', 400, 600, 0, '夜間觀星推薦', '羽絨睡袋 為 Yuruicamp 精選的睡袋商品，提供 -10°C / -5°C / 0°C 三種溫標可選。 適合露營、登山與戶外活動使用，後台可透過 Summernote 編輯器調整此描述。', TRUE),
  ('E020', 'C006', 'v-P005-0', 600, 900, 100, '海岸活動推薦', 'Coleman 氣化爐 為 Yuruicamp 精選的炊具商品，規格： 標準版 。 適合露營、登山與戶外活動使用，後台可透過 Summernote 編輯器調整此描述。', TRUE),
  ('E021', 'C007', 'v-P006-0', 250, 400, 0, '常降雨區推薦', 'Snow Peak 鈦合金杯組 為 Yuruicamp 精選的炊具商品，規格： 鈦金屬原色 。 適合露營、登山與戶外活動使用，後台可透過 Summernote 編輯器調整此描述。', TRUE),
  ('E022', 'C009', 'v-P009-0', 450, 700, 50, '溪流旁野營推薦', '折疊桌椅組 為 Yuruicamp 精選的其他商品，規格： 鋁合金輕量版 。 適合露營、登山與戶外活動使用，後台可透過 Summernote 編輯器調整此描述。', TRUE),
  ('E023', 'C008', 'v-P004-0', 300, 450, 0, '溫泉露營推薦', '羽絨睡袋 為 Yuruicamp 精選的睡袋商品，提供 -10°C / -5°C / 0°C 三種溫標可選。 適合露營、登山與戶外活動使用，後台可透過 Summernote 編輯器調整此描述。', TRUE),
  ('E024', 'C008', 'v-P004-1', 300, 450, 0, '溫泉露營推薦', '羽絨睡袋 為 Yuruicamp 精選的睡袋商品，提供 -10°C / -5°C / 0°C 三種溫標可選。 適合露營、登山與戶外活動使用，後台可透過 Summernote 編輯器調整此描述。', TRUE),
  ('E025', 'C008', 'v-P004-2', 300, 450, 0, '溫泉露營推薦', '羽絨睡袋 為 Yuruicamp 精選的睡袋商品，提供 -10°C / -5°C / 0°C 三種溫標可選。 適合露營、登山與戶外活動使用，後台可透過 Summernote 編輯器調整此描述。', TRUE)
ON CONFLICT (id) DO NOTHING;
