-- Generated by admin/scripts/generate-p5-backfill.cjs. Do not edit by hand.
-- Historical movements are audit events and are not replayed into current stock snapshots.
SET TIME ZONE 'Asia/Taipei';

INSERT INTO migration.p5_policy_source (id, payload) VALUES
  (1, '{"bookingWindowDays":90,"minLeadDays":0,"maxStayNights":7,"timezone":"Asia/Taipei","occupyingStatuses":["pending","confirmed","completed"],"dateRule":{"checkInInclusive":true,"checkOutExclusive":true},"availabilityStatus":{"lowThresholdRatio":0.3}}'::jsonb);

INSERT INTO migration.p5_zone_block_source (legacy_id, payload) VALUES
  ('BLK001', '{"id":"BLK001","campgroundId":"C002","zoneId":"Z001","startDate":"2026-07-20","endDate":"2026-07-23","blockedSites":2,"reason":"草皮養護","createdBy":"admin","createdAt":"2026-07-01 10:00:00"}'::jsonb),
  ('BLK002', '{"id":"BLK002","campgroundId":"C008","zoneId":"Z010","startDate":"2026-07-25","endDate":"2026-07-27","blockedSites":1,"reason":"設施維修","createdBy":"admin","createdAt":"2026-07-02 14:30:00"}'::jsonb);

INSERT INTO migration.p5_closure_source (legacy_id, payload) VALUES
  ('CL001', '{"id":"CL001","campgroundId":"C002","type":"date_range","startDate":"2026-07-28","endDate":"2026-07-29","reason":"設施年度檢修","createdBy":"admin","createdAt":"2026-07-01 09:00:00"}'::jsonb),
  ('CL002', '{"id":"CL002","campgroundId":"C003","type":"weekly","dayOfWeek":2,"effectiveFrom":"2026-07-09","effectiveTo":"2026-09-30","reason":"每週二公休","createdBy":"admin","createdAt":"2026-07-01 09:00:00"}'::jsonb);

INSERT INTO migration.p5_movement_source (legacy_movement_id, payload) VALUES
  ('1', '{"id":1,"items":[{"productName":"折疊式焚火台（不鏽鋼）","quantity":1,"fromStore":"租借主倉","toStore":"損耗","type":"損耗","productId":"P028"}],"employeeId":"01","createdAt":"2026-03-05 09:00:07"}'::jsonb),
  ('2', '{"id":2,"items":[{"productName":"營柱與營繩組（標準套組）","quantity":4,"fromStore":"台北旗艦店","toStore":"台中中港店","type":"移轉","productId":"P019"}],"employeeId":"03","createdAt":"2026-03-09 09:00:07"}'::jsonb),
  ('3', '{"id":3,"items":[{"productName":"防水登山背包（森林綠 / 45L）","quantity":7,"fromStore":"進貨","toStore":"租借主倉","type":"進貨","productId":"P008"},{"productName":"LED 露營燈（冷白光）","quantity":12,"fromStore":"湖畔星空營地","toStore":"溪谷森林營地","type":"營地互轉","productId":"P007"},{"productName":"Snow Peak 客廳帳（象牙白）","quantity":10,"fromStore":"商店主倉","toStore":"高雄左營店","type":"移轉","productId":"P011"}],"employeeId":"03","createdAt":"2026-03-10 09:00:07"}'::jsonb),
  ('4', '{"id":4,"items":[{"productName":"充氣式睡墊（L）","quantity":4,"fromStore":"高雄左營店","toStore":"溪谷森林營地","type":"調撥","productId":"P003"},{"productName":"充電式頭燈（USB-C）","quantity":11,"fromStore":"高雄左營店","toStore":"台北旗艦店","type":"移轉","productId":"P015"},{"productName":"露營拖車（折疊式）","quantity":4,"fromStore":"進貨","toStore":"商店主倉","type":"進貨","productId":"P017"}],"employeeId":"03","createdAt":"2026-03-10 09:47:20"}'::jsonb),
  ('5', '{"id":5,"items":[{"productName":"Snow Peak 鈦合金杯組（鈦金屬原色）","quantity":3,"fromStore":"台中中港店","toStore":"損耗","type":"損耗","productId":"P006"}],"employeeId":"01","createdAt":"2026-03-10 10:34:33"}'::jsonb),
  ('6', '{"id":6,"items":[{"productName":"Coleman 氣化爐（標準版）","quantity":2,"fromStore":"高雄左營店","toStore":"台北旗艦店","type":"移轉","productId":"P005"}],"employeeId":"01","createdAt":"2026-03-11 09:00:07"}'::jsonb),
  ('7', '{"id":7,"items":[{"productName":"防水戶外手錶（GPS版）","quantity":8,"fromStore":"商店主倉","toStore":"雲海高原營地","type":"調撥","productId":"P025"}],"employeeId":"03","createdAt":"2026-03-11 09:47:20"}'::jsonb),
  ('8', '{"id":8,"items":[{"productName":"充電式頭燈（USB-C）","quantity":11,"fromStore":"商店主倉","toStore":"溪谷森林營地","type":"調撥","productId":"P015"},{"productName":"充氣式睡墊（L）","quantity":6,"fromStore":"進貨","toStore":"商店主倉","type":"進貨","productId":"P003"}],"employeeId":"03","createdAt":"2026-03-13 09:00:07"}'::jsonb),
  ('9', '{"id":9,"items":[{"productName":"65L 重裝背包（岩石灰）","quantity":6,"fromStore":"商店主倉","toStore":"海岸微風營地","type":"調撥","productId":"P016"}],"employeeId":"02","createdAt":"2026-03-14 09:00:07"}'::jsonb),
  ('10', '{"id":10,"items":[{"productName":"充電式頭燈（USB-C）","quantity":2,"fromStore":"高雄左營店","toStore":"損耗","type":"損耗","productId":"P015"}],"employeeId":"03","createdAt":"2026-03-14 09:47:20"}'::jsonb),
  ('11', '{"id":11,"items":[{"productName":"露營貼紙組（50入）","quantity":11,"fromStore":"台北旗艦店","toStore":"高雄左營店","type":"移轉","productId":"P030"},{"productName":"折疊式焚火台（不鏽鋼）","quantity":5,"fromStore":"湖畔星空營地","toStore":"松林野營基地","type":"營地互轉","productId":"P028"}],"employeeId":"02","createdAt":"2026-03-15 09:00:07"}'::jsonb),
  ('12', '{"id":12,"items":[{"productName":"折疊桌椅組（鋁合金輕量版）","quantity":1,"fromStore":"台北旗艦店","toStore":"湖畔星空營地","type":"調撥","productId":"P009"},{"productName":"折疊桌椅組（鋁合金輕量版）","quantity":1,"fromStore":"進貨","toStore":"商店主倉","type":"進貨","productId":"P009"},{"productName":"折疊式焚火台（不鏽鋼）","quantity":12,"fromStore":"湖畔星空營地","toStore":"雲海高原營地","type":"營地互轉","productId":"P028"}],"employeeId":"02","createdAt":"2026-03-16 09:00:07"}'::jsonb),
  ('13', '{"id":13,"items":[{"productName":"快煮鍋 1.5L（不鏽鋼）","quantity":3,"fromStore":"進貨","toStore":"商店主倉","type":"進貨","productId":"P023"},{"productName":"露營拖車（折疊式）","quantity":11,"fromStore":"台中中港店","toStore":"台北旗艦店","type":"移轉","productId":"P017"}],"employeeId":"03","createdAt":"2026-03-17 09:00:07"}'::jsonb),
  ('14', '{"id":14,"items":[{"productName":"戶外淋浴袋（20L）","quantity":8,"fromStore":"湖畔星空營地","toStore":"溪谷森林營地","type":"營地互轉","productId":"P027"}],"employeeId":"02","createdAt":"2026-03-17 09:47:20"}'::jsonb),
  ('15', '{"id":15,"items":[{"productName":"Snow Peak 客廳帳（象牙白）","quantity":2,"fromStore":"租借主倉","toStore":"損耗","type":"損耗","productId":"P011"},{"productName":"65L 重裝背包（岩石灰）","quantity":4,"fromStore":"進貨","toStore":"商店主倉","type":"進貨","productId":"P016"},{"productName":"Snow Peak 鈦合金杯組（鈦金屬原色）","quantity":6,"fromStore":"湖畔星空營地","toStore":"溪谷森林營地","type":"營地互轉","productId":"P006"}],"employeeId":"02","createdAt":"2026-03-19 09:00:07"}'::jsonb),
  ('16', '{"id":16,"items":[{"productName":"防水登山背包（森林綠 / 45L）","quantity":6,"fromStore":"進貨","toStore":"商店主倉","type":"進貨","productId":"P008"}],"employeeId":"03","createdAt":"2026-03-20 09:00:07"}'::jsonb),
  ('17', '{"id":17,"items":[{"productName":"Coleman 氣化爐（標準版）","quantity":1,"fromStore":"海岸微風營地","toStore":"損耗","type":"損耗","productId":"P005"}],"employeeId":"01","createdAt":"2026-03-20 09:47:20"}'::jsonb),
  ('18', '{"id":18,"items":[{"productName":"快煮鍋 1.5L（不鏽鋼）","quantity":1,"fromStore":"台北旗艦店","toStore":"雲海高原營地","type":"調撥","productId":"P023"},{"productName":"折疊式焚火台（不鏽鋼）","quantity":12,"fromStore":"台中中港店","toStore":"高雄左營店","type":"移轉","productId":"P028"}],"employeeId":"03","createdAt":"2026-03-21 09:00:07"}'::jsonb),
  ('19', '{"id":19,"items":[{"productName":"防蚊帳篷內帳（通用型）","quantity":9,"fromStore":"進貨","toStore":"租借主倉","type":"進貨","productId":"P029"}],"employeeId":"02","createdAt":"2026-03-22 09:00:07"}'::jsonb),
  ('20', '{"id":20,"items":[{"productName":"防水登山背包（森林綠 / 45L）","quantity":12,"fromStore":"商店主倉","toStore":"雲海高原營地","type":"調撥","productId":"P008"},{"productName":"折疊蛋捲桌（胡桃木紋）","quantity":1,"fromStore":"松林野營基地","toStore":"損耗","type":"損耗","productId":"P013"},{"productName":"快煮鍋 1.5L（不鏽鋼）","quantity":4,"fromStore":"台中中港店","toStore":"台北旗艦店","type":"移轉","productId":"P023"}],"employeeId":"01","createdAt":"2026-03-26 09:00:07"}'::jsonb),
  ('21', '{"id":21,"items":[{"productName":"戶外淋浴袋（20L）","quantity":10,"fromStore":"進貨","toStore":"商店主倉","type":"進貨","productId":"P027"}],"employeeId":"01","createdAt":"2026-03-27 09:00:07"}'::jsonb),
  ('22', '{"id":22,"items":[{"productName":"行動電源站（500Wh）","quantity":1,"fromStore":"商店主倉","toStore":"湖畔星空營地","type":"調撥","productId":"P020"}],"employeeId":"03","createdAt":"2026-03-27 09:47:20"}'::jsonb),
  ('23', '{"id":23,"items":[{"productName":"雙層防風外套（L號）","quantity":10,"fromStore":"溪谷森林營地","toStore":"雲海高原營地","type":"營地互轉","productId":"P022"},{"productName":"雙層防風外套（L號）","quantity":5,"fromStore":"台中中港店","toStore":"商店主倉","type":"移轉","productId":"P022"},{"productName":"Snow Peak 鈦合金杯組（鈦金屬原色）","quantity":3,"fromStore":"台中中港店","toStore":"損耗","type":"損耗","productId":"P006"}],"employeeId":"03","createdAt":"2026-03-29 09:00:07"}'::jsonb),
  ('24', '{"id":24,"items":[{"productName":"防蚊帳篷內帳（通用型）","quantity":1,"fromStore":"租借主倉","toStore":"損耗","type":"損耗","productId":"P029"}],"employeeId":"03","createdAt":"2026-03-31 09:00:07"}'::jsonb),
  ('25', '{"id":25,"items":[{"productName":"營柱與營繩組（標準套組）","quantity":1,"fromStore":"溪谷森林營地","toStore":"損耗","type":"損耗","productId":"P019"}],"employeeId":"02","createdAt":"2026-04-01 09:00:07"}'::jsonb),
  ('26', '{"id":26,"items":[{"productName":"高背月亮椅（軍綠）","quantity":5,"fromStore":"高雄左營店","toStore":"商店主倉","type":"移轉","productId":"P014"}],"employeeId":"01","createdAt":"2026-04-04 09:00:07"}'::jsonb),
  ('27', '{"id":27,"items":[{"productName":"快煮鍋 1.5L（不鏽鋼）","quantity":10,"fromStore":"台中中港店","toStore":"商店主倉","type":"移轉","productId":"P023"}],"employeeId":"01","createdAt":"2026-04-05 09:00:07"}'::jsonb),
  ('28', '{"id":28,"items":[{"productName":"折疊蛋捲桌（胡桃木紋）","quantity":8,"fromStore":"高雄左營店","toStore":"湖畔星空營地","type":"調撥","productId":"P013"}],"employeeId":"03","createdAt":"2026-04-07 09:00:07"}'::jsonb),
  ('29', '{"id":29,"items":[{"productName":"Coleman 六人帳篷（太空灰）","quantity":11,"fromStore":"雲海高原營地","toStore":"松林野營基地","type":"營地互轉","productId":"P001"},{"productName":"大型天幕（4x4m）","quantity":1,"fromStore":"溪谷森林營地","toStore":"松林野營基地","type":"營地互轉","productId":"P018"},{"productName":"Coleman 六人帳篷（沙漠棕）","quantity":12,"fromStore":"台北旗艦店","toStore":"溪谷森林營地","type":"調撥","productId":"P001"}],"employeeId":"01","createdAt":"2026-04-07 09:47:20"}'::jsonb),
  ('30', '{"id":30,"items":[{"productName":"保冷冰桶 45L（深藍）","quantity":2,"fromStore":"台北旗艦店","toStore":"損耗","type":"損耗","productId":"P021"}],"employeeId":"03","createdAt":"2026-04-11 09:00:07"}'::jsonb),
  ('31', '{"id":31,"items":[{"productName":"保溫壺 1L（消光黑）","quantity":9,"fromStore":"商店主倉","toStore":"台北旗艦店","type":"移轉","productId":"P010"},{"productName":"保冷冰桶 45L（深藍）","quantity":2,"fromStore":"松林野營基地","toStore":"損耗","type":"損耗","productId":"P021"},{"productName":"戶外淋浴袋（20L）","quantity":3,"fromStore":"進貨","toStore":"商店主倉","type":"進貨","productId":"P027"}],"employeeId":"03","createdAt":"2026-04-13 09:00:07"}'::jsonb),
  ('32', '{"id":32,"items":[{"productName":"防蚊帳篷內帳（通用型）","quantity":2,"fromStore":"台中中港店","toStore":"損耗","type":"損耗","productId":"P029"},{"productName":"Snow Peak 客廳帳（象牙白）","quantity":2,"fromStore":"溪谷森林營地","toStore":"雲海高原營地","type":"營地互轉","productId":"P011"},{"productName":"防水登山背包（森林綠 / 45L）","quantity":1,"fromStore":"台北旗艦店","toStore":"損耗","type":"損耗","productId":"P008"}],"employeeId":"02","createdAt":"2026-04-14 09:00:07"}'::jsonb),
  ('33', '{"id":33,"items":[{"productName":"防水戶外手錶（GPS版）","quantity":7,"fromStore":"海岸微風營地","toStore":"溪谷森林營地","type":"營地互轉","productId":"P025"},{"productName":"折疊桌椅組（鋁合金輕量版）","quantity":2,"fromStore":"商店主倉","toStore":"台北旗艦店","type":"移轉","productId":"P009"}],"employeeId":"02","createdAt":"2026-04-15 09:00:07"}'::jsonb),
  ('34', '{"id":34,"items":[{"productName":"LED 露營燈（暖白光）","quantity":9,"fromStore":"台北旗艦店","toStore":"商店主倉","type":"移轉","productId":"P007"}],"employeeId":"03","createdAt":"2026-04-16 09:00:07"}'::jsonb),
  ('35', '{"id":35,"items":[{"productName":"輕量吊床（雙人）","quantity":1,"fromStore":"台中中港店","toStore":"雲海高原營地","type":"調撥","productId":"P026"}],"employeeId":"01","createdAt":"2026-04-16 09:47:20"}'::jsonb),
  ('36', '{"id":36,"items":[{"productName":"輕量吊床（雙人）","quantity":12,"fromStore":"台中中港店","toStore":"商店主倉","type":"移轉","productId":"P026"}],"employeeId":"03","createdAt":"2026-04-18 09:00:07"}'::jsonb),
  ('37', '{"id":37,"items":[{"productName":"Snow Peak 客廳帳（象牙白）","quantity":2,"fromStore":"商店主倉","toStore":"損耗","type":"損耗","productId":"P011"}],"employeeId":"03","createdAt":"2026-04-22 09:00:07"}'::jsonb),
  ('38', '{"id":38,"items":[{"productName":"65L 重裝背包（岩石灰）","quantity":9,"fromStore":"海岸微風營地","toStore":"松林野營基地","type":"營地互轉","productId":"P016"}],"employeeId":"01","createdAt":"2026-04-25 09:00:07"}'::jsonb),
  ('39', '{"id":39,"items":[{"productName":"MSR 超輕量帳篷（沙漠卡其）","quantity":11,"fromStore":"雲海高原營地","toStore":"松林野營基地","type":"營地互轉","productId":"P002"}],"employeeId":"02","createdAt":"2026-04-26 09:00:07"}'::jsonb),
  ('40', '{"id":40,"items":[{"productName":"Snow Peak 客廳帳（象牙白）","quantity":3,"fromStore":"進貨","toStore":"商店主倉","type":"進貨","productId":"P011"}],"employeeId":"01","createdAt":"2026-04-27 09:00:07"}'::jsonb),
  ('41', '{"id":41,"items":[{"productName":"碳纖維登山杖（一對）","quantity":2,"fromStore":"松林野營基地","toStore":"損耗","type":"損耗","productId":"P024"}],"employeeId":"01","createdAt":"2026-04-28 09:00:07"}'::jsonb),
  ('42', '{"id":42,"items":[{"productName":"高背月亮椅（軍綠）","quantity":12,"fromStore":"進貨","toStore":"租借主倉","type":"進貨","productId":"P014"},{"productName":"羽絨睡袋（-10°C）","quantity":2,"fromStore":"台中中港店","toStore":"損耗","type":"損耗","productId":"P004"}],"employeeId":"01","createdAt":"2026-04-29 09:00:07"}'::jsonb),
  ('43', '{"id":43,"items":[{"productName":"雙層防風外套（L號）","quantity":1,"fromStore":"台北旗艦店","toStore":"損耗","type":"損耗","productId":"P022"}],"employeeId":"02","createdAt":"2026-05-01 09:00:07"}'::jsonb),
  ('44', '{"id":44,"items":[{"productName":"雙層防風外套（L號）","quantity":1,"fromStore":"海岸微風營地","toStore":"損耗","type":"損耗","productId":"P022"}],"employeeId":"01","createdAt":"2026-05-02 09:00:07"}'::jsonb),
  ('45', '{"id":45,"items":[{"productName":"高背月亮椅（軍綠）","quantity":11,"fromStore":"台北旗艦店","toStore":"商店主倉","type":"移轉","productId":"P014"}],"employeeId":"03","createdAt":"2026-05-06 09:00:07"}'::jsonb),
  ('46', '{"id":46,"items":[{"productName":"折疊蛋捲桌（胡桃木紋）","quantity":3,"fromStore":"租借主倉","toStore":"損耗","type":"損耗","productId":"P013"}],"employeeId":"01","createdAt":"2026-05-07 09:00:07"}'::jsonb),
  ('47', '{"id":47,"items":[{"productName":"戶外淋浴袋（20L）","quantity":12,"fromStore":"台中中港店","toStore":"雲海高原營地","type":"調撥","productId":"P027"}],"employeeId":"01","createdAt":"2026-05-08 09:00:07"}'::jsonb),
  ('48', '{"id":48,"items":[{"productName":"防水戶外手錶（GPS版）","quantity":2,"fromStore":"溪谷森林營地","toStore":"海岸微風營地","type":"營地互轉","productId":"P025"}],"employeeId":"02","createdAt":"2026-05-08 09:47:20"}'::jsonb),
  ('49', '{"id":49,"items":[{"productName":"快煮鍋 1.5L（不鏽鋼）","quantity":8,"fromStore":"台中中港店","toStore":"高雄左營店","type":"移轉","productId":"P023"}],"employeeId":"01","createdAt":"2026-05-09 09:00:07"}'::jsonb),
  ('50', '{"id":50,"items":[{"productName":"露營貼紙組（50入）","quantity":9,"fromStore":"台中中港店","toStore":"高雄左營店","type":"移轉","productId":"P030"},{"productName":"LED 露營燈（暖白光）","quantity":7,"fromStore":"台中中港店","toStore":"雲海高原營地","type":"調撥","productId":"P007"}],"employeeId":"01","createdAt":"2026-05-10 09:00:07"}'::jsonb),
  ('51', '{"id":51,"items":[{"productName":"快煮鍋 1.5L（不鏽鋼）","quantity":1,"fromStore":"溪谷森林營地","toStore":"損耗","type":"損耗","productId":"P023"},{"productName":"Coleman 氣化爐（標準版）","quantity":6,"fromStore":"高雄左營店","toStore":"商店主倉","type":"移轉","productId":"P005"}],"employeeId":"03","createdAt":"2026-05-10 09:47:20"}'::jsonb),
  ('52', '{"id":52,"items":[{"productName":"大型天幕（4x4m）","quantity":8,"fromStore":"商店主倉","toStore":"台中中港店","type":"移轉","productId":"P018"},{"productName":"防蚊帳篷內帳（通用型）","quantity":6,"fromStore":"雲海高原營地","toStore":"海岸微風營地","type":"營地互轉","productId":"P029"}],"employeeId":"02","createdAt":"2026-05-11 09:00:07"}'::jsonb),
  ('53', '{"id":53,"items":[{"productName":"MSR 超輕量帳篷（沙漠卡其）","quantity":5,"fromStore":"高雄左營店","toStore":"溪谷森林營地","type":"調撥","productId":"P002"},{"productName":"折疊式焚火台（不鏽鋼）","quantity":1,"fromStore":"海岸微風營地","toStore":"雲海高原營地","type":"營地互轉","productId":"P028"}],"employeeId":"02","createdAt":"2026-05-11 09:47:20"}'::jsonb),
  ('54', '{"id":54,"items":[{"productName":"折疊桌椅組（鋁合金輕量版）","quantity":10,"fromStore":"溪谷森林營地","toStore":"海岸微風營地","type":"營地互轉","productId":"P009"}],"employeeId":"03","createdAt":"2026-05-12 09:00:07"}'::jsonb),
  ('55', '{"id":55,"items":[{"productName":"Snow Peak 客廳帳（象牙白）","quantity":9,"fromStore":"商店主倉","toStore":"松林野營基地","type":"調撥","productId":"P011"}],"employeeId":"02","createdAt":"2026-05-13 09:00:07"}'::jsonb),
  ('56', '{"id":56,"items":[{"productName":"65L 重裝背包（岩石灰）","quantity":2,"fromStore":"高雄左營店","toStore":"損耗","type":"損耗","productId":"P016"}],"employeeId":"01","createdAt":"2026-05-13 09:47:20"}'::jsonb),
  ('57', '{"id":57,"items":[{"productName":"四季保暖睡袋（深藍 / M）","quantity":6,"fromStore":"溪谷森林營地","toStore":"雲海高原營地","type":"營地互轉","productId":"P012"}],"employeeId":"03","createdAt":"2026-05-15 09:00:07"}'::jsonb),
  ('58', '{"id":58,"items":[{"productName":"LED 露營燈（冷白光）","quantity":6,"fromStore":"進貨","toStore":"商店主倉","type":"進貨","productId":"P007"}],"employeeId":"02","createdAt":"2026-05-16 09:00:07"}'::jsonb),
  ('59', '{"id":59,"items":[{"productName":"戶外淋浴袋（20L）","quantity":1,"fromStore":"台北旗艦店","toStore":"湖畔星空營地","type":"調撥","productId":"P027"}],"employeeId":"02","createdAt":"2026-05-19 09:00:07"}'::jsonb),
  ('60', '{"id":60,"items":[{"productName":"戶外淋浴袋（20L）","quantity":6,"fromStore":"台北旗艦店","toStore":"松林野營基地","type":"調撥","productId":"P027"}],"employeeId":"01","createdAt":"2026-05-20 09:00:07"}'::jsonb),
  ('61', '{"id":61,"items":[{"productName":"保冷冰桶 45L（深藍）","quantity":3,"fromStore":"溪谷森林營地","toStore":"損耗","type":"損耗","productId":"P021"}],"employeeId":"02","createdAt":"2026-05-22 09:00:07"}'::jsonb),
  ('62', '{"id":62,"items":[{"productName":"折疊式焚火台（不鏽鋼）","quantity":12,"fromStore":"高雄左營店","toStore":"雲海高原營地","type":"調撥","productId":"P028"}],"employeeId":"02","createdAt":"2026-05-24 09:00:07"}'::jsonb),
  ('63', '{"id":63,"items":[{"productName":"折疊式焚火台（不鏽鋼）","quantity":5,"fromStore":"進貨","toStore":"商店主倉","type":"進貨","productId":"P028"},{"productName":"充電式頭燈（USB-C）","quantity":10,"fromStore":"進貨","toStore":"租借主倉","type":"進貨","productId":"P015"}],"employeeId":"01","createdAt":"2026-05-26 09:00:07"}'::jsonb),
  ('64', '{"id":64,"items":[{"productName":"防水登山背包（森林綠 / 45L）","quantity":7,"fromStore":"進貨","toStore":"商店主倉","type":"進貨","productId":"P008"}],"employeeId":"03","createdAt":"2026-05-26 09:47:20"}'::jsonb),
  ('65', '{"id":65,"items":[{"productName":"防水戶外手錶（GPS版）","quantity":11,"fromStore":"台中中港店","toStore":"商店主倉","type":"移轉","productId":"P025"}],"employeeId":"03","createdAt":"2026-05-26 10:34:33"}'::jsonb),
  ('66', '{"id":66,"items":[{"productName":"折疊式焚火台（不鏽鋼）","quantity":12,"fromStore":"台北旗艦店","toStore":"湖畔星空營地","type":"調撥","productId":"P028"}],"employeeId":"02","createdAt":"2026-05-26 11:21:46"}'::jsonb),
  ('67', '{"id":67,"items":[{"productName":"高背月亮椅（軍綠）","quantity":10,"fromStore":"海岸微風營地","toStore":"雲海高原營地","type":"營地互轉","productId":"P014"}],"employeeId":"01","createdAt":"2026-05-26 12:08:59"}'::jsonb),
  ('68', '{"id":68,"items":[{"productName":"保溫壺 1L（消光黑）","quantity":3,"fromStore":"商店主倉","toStore":"台北旗艦店","type":"移轉","productId":"P010"}],"employeeId":"01","createdAt":"2026-05-27 09:00:07"}'::jsonb),
  ('69', '{"id":69,"items":[{"productName":"保冷冰桶 45L（深藍）","quantity":11,"fromStore":"台中中港店","toStore":"高雄左營店","type":"移轉","productId":"P021"}],"employeeId":"02","createdAt":"2026-05-28 09:00:07"}'::jsonb),
  ('70', '{"id":70,"items":[{"productName":"快煮鍋 1.5L（不鏽鋼）","quantity":10,"fromStore":"商店主倉","toStore":"台北旗艦店","type":"移轉","productId":"P023"},{"productName":"保冷冰桶 45L（深藍）","quantity":9,"fromStore":"進貨","toStore":"租借主倉","type":"進貨","productId":"P021"},{"productName":"羽絨睡袋（-10°C）","quantity":5,"fromStore":"高雄左營店","toStore":"台中中港店","type":"移轉","productId":"P004"}],"employeeId":"02","createdAt":"2026-05-29 09:00:07"}'::jsonb),
  ('71', '{"id":71,"items":[{"productName":"戶外淋浴袋（20L）","quantity":7,"fromStore":"海岸微風營地","toStore":"溪谷森林營地","type":"營地互轉","productId":"P027"}],"employeeId":"03","createdAt":"2026-05-29 09:47:20"}'::jsonb),
  ('72', '{"id":72,"items":[{"productName":"折疊桌椅組（鋁合金輕量版）","quantity":5,"fromStore":"進貨","toStore":"商店主倉","type":"進貨","productId":"P009"}],"employeeId":"02","createdAt":"2026-05-31 09:00:07"}'::jsonb),
  ('73', '{"id":73,"items":[{"productName":"MSR 超輕量帳篷（沙漠卡其）","quantity":11,"fromStore":"海岸微風營地","toStore":"雲海高原營地","type":"營地互轉","productId":"P002"}],"employeeId":"02","createdAt":"2026-05-31 09:47:20"}'::jsonb),
  ('74', '{"id":74,"items":[{"productName":"雙層防風外套（L號）","quantity":3,"fromStore":"台中中港店","toStore":"損耗","type":"損耗","productId":"P022"}],"employeeId":"03","createdAt":"2026-05-31 10:34:33"}'::jsonb),
  ('75', '{"id":75,"items":[{"productName":"四季保暖睡袋（深藍 / L）","quantity":5,"fromStore":"台中中港店","toStore":"雲海高原營地","type":"調撥","productId":"P012"}],"employeeId":"03","createdAt":"2026-06-02 09:00:07"}'::jsonb),
  ('76', '{"id":76,"items":[{"productName":"防蚊帳篷內帳（通用型）","quantity":8,"fromStore":"進貨","toStore":"商店主倉","type":"進貨","productId":"P029"},{"productName":"四季保暖睡袋（深藍 / L）","quantity":5,"fromStore":"商店主倉","toStore":"松林野營基地","type":"調撥","productId":"P012"},{"productName":"保冷冰桶 45L（深藍）","quantity":9,"fromStore":"台北旗艦店","toStore":"湖畔星空營地","type":"調撥","productId":"P021"}],"employeeId":"02","createdAt":"2026-06-03 09:00:07"}'::jsonb),
  ('77', '{"id":77,"items":[{"productName":"羽絨睡袋（-10°C）","quantity":2,"fromStore":"松林野營基地","toStore":"損耗","type":"損耗","productId":"P004"},{"productName":"大型天幕（4x4m）","quantity":1,"fromStore":"租借主倉","toStore":"損耗","type":"損耗","productId":"P018"},{"productName":"大型天幕（4x4m）","quantity":9,"fromStore":"商店主倉","toStore":"台北旗艦店","type":"移轉","productId":"P018"}],"employeeId":"02","createdAt":"2026-06-03 09:47:20"}'::jsonb),
  ('78', '{"id":78,"items":[{"productName":"羽絨睡袋（-10°C）","quantity":11,"fromStore":"進貨","toStore":"商店主倉","type":"進貨","productId":"P004"}],"employeeId":"01","createdAt":"2026-06-05 09:00:07"}'::jsonb),
  ('79', '{"id":79,"items":[{"productName":"折疊式焚火台（不鏽鋼）","quantity":9,"fromStore":"溪谷森林營地","toStore":"海岸微風營地","type":"營地互轉","productId":"P028"},{"productName":"充氣式睡墊（L）","quantity":8,"fromStore":"台北旗艦店","toStore":"高雄左營店","type":"移轉","productId":"P003"},{"productName":"折疊式焚火台（不鏽鋼）","quantity":3,"fromStore":"高雄左營店","toStore":"松林野營基地","type":"調撥","productId":"P028"}],"employeeId":"01","createdAt":"2026-06-05 09:47:20"}'::jsonb),
  ('80', '{"id":80,"items":[{"productName":"LED 露營燈（暖白光）","quantity":5,"fromStore":"進貨","toStore":"商店主倉","type":"進貨","productId":"P007"},{"productName":"折疊桌椅組（鋁合金輕量版）","quantity":12,"fromStore":"高雄左營店","toStore":"溪谷森林營地","type":"調撥","productId":"P009"},{"productName":"行動電源站（500Wh）","quantity":8,"fromStore":"雲海高原營地","toStore":"海岸微風營地","type":"營地互轉","productId":"P020"}],"employeeId":"03","createdAt":"2026-06-08 09:00:07"}'::jsonb),
  ('81', '{"id":81,"items":[{"productName":"Coleman 六人帳篷（太空灰）","quantity":1,"fromStore":"台中中港店","toStore":"損耗","type":"損耗","productId":"P001"}],"employeeId":"03","createdAt":"2026-06-08 09:47:20"}'::jsonb),
  ('82', '{"id":82,"items":[{"productName":"65L 重裝背包（岩石灰）","quantity":1,"fromStore":"商店主倉","toStore":"溪谷森林營地","type":"調撥","productId":"P016"}],"employeeId":"03","createdAt":"2026-06-09 09:00:07"}'::jsonb),
  ('83', '{"id":83,"items":[{"productName":"營柱與營繩組（標準套組）","quantity":4,"fromStore":"高雄左營店","toStore":"商店主倉","type":"移轉","productId":"P019"}],"employeeId":"01","createdAt":"2026-06-11 09:00:07"}'::jsonb),
  ('84', '{"id":84,"items":[{"productName":"折疊蛋捲桌（胡桃木紋）","quantity":10,"fromStore":"海岸微風營地","toStore":"松林野營基地","type":"營地互轉","productId":"P013"}],"employeeId":"01","createdAt":"2026-06-13 09:00:07"}'::jsonb),
  ('85', '{"id":85,"items":[{"productName":"雙層防風外套（L號）","quantity":7,"fromStore":"台北旗艦店","toStore":"商店主倉","type":"移轉","productId":"P022"}],"employeeId":"02","createdAt":"2026-06-14 09:00:07"}'::jsonb),
  ('86', '{"id":86,"items":[{"productName":"行動電源站（500Wh）","quantity":7,"fromStore":"海岸微風營地","toStore":"溪谷森林營地","type":"營地互轉","productId":"P020"}],"employeeId":"03","createdAt":"2026-06-15 09:00:07"}'::jsonb),
  ('87', '{"id":87,"items":[{"productName":"Snow Peak 客廳帳（象牙白）","quantity":3,"fromStore":"商店主倉","toStore":"雲海高原營地","type":"調撥","productId":"P011"}],"employeeId":"01","createdAt":"2026-06-16 09:00:07"}'::jsonb),
  ('88', '{"id":88,"items":[{"productName":"MSR 超輕量帳篷（沙漠卡其）","quantity":2,"fromStore":"台中中港店","toStore":"溪谷森林營地","type":"調撥","productId":"P002"}],"employeeId":"02","createdAt":"2026-06-18 09:00:07"}'::jsonb),
  ('89', '{"id":89,"items":[{"productName":"保溫壺 1L（消光黑）","quantity":5,"fromStore":"商店主倉","toStore":"台中中港店","type":"移轉","productId":"P010"}],"employeeId":"03","createdAt":"2026-06-20 09:00:07"}'::jsonb),
  ('90', '{"id":90,"items":[{"productName":"四季保暖睡袋（深藍 / M）","quantity":3,"fromStore":"進貨","toStore":"租借主倉","type":"進貨","productId":"P012"}],"employeeId":"01","createdAt":"2026-06-21 09:00:07"}'::jsonb),
  ('91', '{"id":91,"items":[{"productName":"保冷冰桶 45L（深藍）","quantity":3,"fromStore":"進貨","toStore":"商店主倉","type":"進貨","productId":"P021"}],"employeeId":"02","createdAt":"2026-06-22 09:00:07"}'::jsonb),
  ('92', '{"id":92,"items":[{"productName":"大型天幕（4x4m）","quantity":8,"fromStore":"台中中港店","toStore":"台北旗艦店","type":"移轉","productId":"P018"}],"employeeId":"01","createdAt":"2026-06-22 09:47:20"}'::jsonb),
  ('93', '{"id":93,"items":[{"productName":"充電式頭燈（USB-C）","quantity":8,"fromStore":"進貨","toStore":"商店主倉","type":"進貨","productId":"P015"}],"employeeId":"03","createdAt":"2026-06-23 09:00:07"}'::jsonb),
  ('94', '{"id":94,"items":[{"productName":"防水戶外手錶（GPS版）","quantity":11,"fromStore":"進貨","toStore":"商店主倉","type":"進貨","productId":"P025"}],"employeeId":"02","createdAt":"2026-06-24 09:00:07"}'::jsonb),
  ('95', '{"id":95,"items":[{"productName":"大型天幕（4x4m）","quantity":3,"fromStore":"商店主倉","toStore":"台中中港店","type":"移轉","productId":"P018"}],"employeeId":"02","createdAt":"2026-06-24 09:47:20"}'::jsonb),
  ('96', '{"id":96,"items":[{"productName":"折疊蛋捲桌（胡桃木紋）","quantity":10,"fromStore":"商店主倉","toStore":"湖畔星空營地","type":"調撥","productId":"P013"}],"employeeId":"02","createdAt":"2026-06-24 10:34:33"}'::jsonb),
  ('97', '{"id":97,"items":[{"productName":"保溫壺 1L（消光黑）","quantity":4,"fromStore":"台北旗艦店","toStore":"雲海高原營地","type":"調撥","productId":"P010"}],"employeeId":"01","createdAt":"2026-06-24 11:21:46"}'::jsonb),
  ('98', '{"id":98,"items":[{"productName":"防蚊帳篷內帳（通用型）","quantity":4,"fromStore":"高雄左營店","toStore":"海岸微風營地","type":"調撥","productId":"P029"}],"employeeId":"01","createdAt":"2026-06-27 09:00:07"}'::jsonb),
  ('99', '{"id":99,"items":[{"productName":"防水戶外手錶（GPS版）","quantity":6,"fromStore":"台中中港店","toStore":"高雄左營店","type":"移轉","productId":"P025"}],"employeeId":"02","createdAt":"2026-06-28 09:00:07"}'::jsonb),
  ('100', '{"id":100,"items":[{"productName":"充電式頭燈（USB-C）","quantity":10,"fromStore":"台中中港店","toStore":"溪谷森林營地","type":"調撥","productId":"P015"},{"productName":"高背月亮椅（軍綠）","quantity":2,"fromStore":"進貨","toStore":"商店主倉","type":"進貨","productId":"P014"},{"productName":"Coleman 氣化爐（標準版）","quantity":1,"fromStore":"台北旗艦店","toStore":"松林野營基地","type":"調撥","productId":"P005"}],"employeeId":"01","createdAt":"2026-06-28 09:47:20"}'::jsonb);

INSERT INTO migration.p5_min_stock_source (inventory_domain, target_id, location_id, minimum_quantity) VALUES
  ('store', 'P001', 'main', 1),
  ('store', 'P001', 'branch-001', 1),
  ('store', 'P001', 'branch-002', 1),
  ('store', 'P001', 'branch-003', 1),
  ('store', 'P002', 'main', 1),
  ('store', 'P002', 'branch-001', 1),
  ('store', 'P002', 'branch-002', 1),
  ('store', 'P002', 'branch-003', 1),
  ('store', 'P003', 'main', 1),
  ('store', 'P003', 'branch-001', 1),
  ('store', 'P003', 'branch-002', 1),
  ('store', 'P003', 'branch-003', 1),
  ('store', 'P004', 'main', 1),
  ('store', 'P004', 'branch-001', 1),
  ('store', 'P004', 'branch-002', 1),
  ('store', 'P004', 'branch-003', 1),
  ('store', 'P005', 'main', 1),
  ('store', 'P005', 'branch-001', 1),
  ('store', 'P005', 'branch-002', 1),
  ('store', 'P005', 'branch-003', 1),
  ('store', 'P006', 'main', 1),
  ('store', 'P006', 'branch-001', 1),
  ('store', 'P006', 'branch-002', 1),
  ('store', 'P006', 'branch-003', 1),
  ('store', 'P007', 'main', 1),
  ('store', 'P007', 'branch-001', 1),
  ('store', 'P007', 'branch-002', 1),
  ('store', 'P007', 'branch-003', 1),
  ('store', 'P008', 'main', 1),
  ('store', 'P008', 'branch-001', 1),
  ('store', 'P008', 'branch-002', 1),
  ('store', 'P008', 'branch-003', 1),
  ('store', 'P009', 'main', 1),
  ('store', 'P009', 'branch-001', 1),
  ('store', 'P009', 'branch-002', 1),
  ('store', 'P009', 'branch-003', 1),
  ('store', 'P010', 'main', 1),
  ('store', 'P010', 'branch-001', 1),
  ('store', 'P010', 'branch-002', 1),
  ('store', 'P010', 'branch-003', 1),
  ('store', 'P011', 'main', 1),
  ('store', 'P011', 'branch-001', 1),
  ('store', 'P011', 'branch-002', 1),
  ('store', 'P011', 'branch-003', 1),
  ('store', 'P012', 'main', 1),
  ('store', 'P012', 'branch-001', 1),
  ('store', 'P012', 'branch-002', 1),
  ('store', 'P012', 'branch-003', 1),
  ('store', 'P013', 'main', 1),
  ('store', 'P013', 'branch-001', 1),
  ('store', 'P013', 'branch-002', 1),
  ('store', 'P013', 'branch-003', 1),
  ('store', 'P014', 'main', 1),
  ('store', 'P014', 'branch-001', 1),
  ('store', 'P014', 'branch-002', 1),
  ('store', 'P014', 'branch-003', 1),
  ('store', 'P015', 'main', 1),
  ('store', 'P015', 'branch-001', 1),
  ('store', 'P015', 'branch-002', 1),
  ('store', 'P015', 'branch-003', 1),
  ('store', 'P016', 'main', 1),
  ('store', 'P016', 'branch-001', 1),
  ('store', 'P016', 'branch-002', 1),
  ('store', 'P016', 'branch-003', 1),
  ('store', 'P017', 'main', 1),
  ('store', 'P017', 'branch-001', 1),
  ('store', 'P017', 'branch-002', 1),
  ('store', 'P017', 'branch-003', 1),
  ('store', 'P018', 'main', 1),
  ('store', 'P018', 'branch-001', 1),
  ('store', 'P018', 'branch-002', 1),
  ('store', 'P018', 'branch-003', 1),
  ('store', 'P019', 'main', 1),
  ('store', 'P019', 'branch-001', 1),
  ('store', 'P019', 'branch-002', 1),
  ('store', 'P019', 'branch-003', 1),
  ('store', 'P020', 'main', 1),
  ('store', 'P020', 'branch-001', 1),
  ('store', 'P020', 'branch-002', 1),
  ('store', 'P020', 'branch-003', 1),
  ('store', 'P021', 'main', 1),
  ('store', 'P021', 'branch-001', 1),
  ('store', 'P021', 'branch-002', 1),
  ('store', 'P021', 'branch-003', 1),
  ('store', 'P022', 'main', 1),
  ('store', 'P022', 'branch-001', 1),
  ('store', 'P022', 'branch-002', 1),
  ('store', 'P022', 'branch-003', 1),
  ('store', 'P023', 'main', 1),
  ('store', 'P023', 'branch-001', 1),
  ('store', 'P023', 'branch-002', 1),
  ('store', 'P023', 'branch-003', 1),
  ('store', 'P024', 'main', 1),
  ('store', 'P024', 'branch-001', 1),
  ('store', 'P024', 'branch-002', 1),
  ('store', 'P024', 'branch-003', 1),
  ('store', 'P025', 'main', 1),
  ('store', 'P025', 'branch-001', 1),
  ('store', 'P025', 'branch-002', 1),
  ('store', 'P025', 'branch-003', 1),
  ('store', 'P026', 'main', 1),
  ('store', 'P026', 'branch-001', 1),
  ('store', 'P026', 'branch-002', 1),
  ('store', 'P026', 'branch-003', 1),
  ('store', 'P027', 'main', 1),
  ('store', 'P027', 'branch-001', 1),
  ('store', 'P027', 'branch-002', 1),
  ('store', 'P027', 'branch-003', 1),
  ('store', 'P028', 'main', 1),
  ('store', 'P028', 'branch-001', 1),
  ('store', 'P028', 'branch-002', 1),
  ('store', 'P028', 'branch-003', 1),
  ('store', 'P029', 'main', 1),
  ('store', 'P029', 'branch-001', 1),
  ('store', 'P029', 'branch-002', 1),
  ('store', 'P029', 'branch-003', 1),
  ('store', 'P030', 'main', 1),
  ('store', 'P030', 'branch-001', 1),
  ('store', 'P030', 'branch-002', 1),
  ('store', 'P030', 'branch-003', 1),
  ('rental', 'R001', 'C001', 1),
  ('rental', 'R001', 'C002', 1),
  ('rental', 'R001', 'C003', 1),
  ('rental', 'R001', 'C004', 1),
  ('rental', 'R001', 'C005', 1),
  ('rental', 'R001', 'C006', 1),
  ('rental', 'R001', 'C007', 1),
  ('rental', 'R001', 'C008', 1),
  ('rental', 'R001', 'C009', 1),
  ('rental', 'R002', 'C001', 1),
  ('rental', 'R002', 'C002', 1),
  ('rental', 'R002', 'C003', 1),
  ('rental', 'R002', 'C004', 1),
  ('rental', 'R002', 'C005', 1),
  ('rental', 'R002', 'C006', 1),
  ('rental', 'R002', 'C007', 1),
  ('rental', 'R002', 'C008', 1),
  ('rental', 'R002', 'C009', 1),
  ('rental', 'R018', 'C001', 1),
  ('rental', 'R018', 'C002', 1),
  ('rental', 'R018', 'C003', 1),
  ('rental', 'R018', 'C004', 1),
  ('rental', 'R018', 'C005', 1),
  ('rental', 'R018', 'C006', 1),
  ('rental', 'R018', 'C007', 1),
  ('rental', 'R018', 'C008', 1),
  ('rental', 'R018', 'C009', 1),
  ('rental', 'R005', 'C001', 1),
  ('rental', 'R005', 'C002', 1),
  ('rental', 'R005', 'C003', 1),
  ('rental', 'R005', 'C004', 1),
  ('rental', 'R005', 'C005', 1),
  ('rental', 'R005', 'C006', 1),
  ('rental', 'R005', 'C007', 1),
  ('rental', 'R005', 'C008', 1),
  ('rental', 'R005', 'C009', 1),
  ('rental', 'R006', 'C001', 1),
  ('rental', 'R006', 'C002', 1),
  ('rental', 'R006', 'C003', 1),
  ('rental', 'R006', 'C004', 1),
  ('rental', 'R006', 'C005', 1),
  ('rental', 'R006', 'C006', 1),
  ('rental', 'R006', 'C007', 1),
  ('rental', 'R006', 'C008', 1),
  ('rental', 'R006', 'C009', 1),
  ('rental', 'R007', 'C001', 1),
  ('rental', 'R007', 'C002', 1),
  ('rental', 'R007', 'C003', 1),
  ('rental', 'R007', 'C004', 1),
  ('rental', 'R007', 'C005', 1),
  ('rental', 'R007', 'C006', 1),
  ('rental', 'R007', 'C007', 1),
  ('rental', 'R007', 'C008', 1),
  ('rental', 'R007', 'C009', 1),
  ('rental', 'R011', 'C001', 1),
  ('rental', 'R011', 'C002', 1),
  ('rental', 'R011', 'C003', 1),
  ('rental', 'R011', 'C004', 1),
  ('rental', 'R011', 'C005', 1),
  ('rental', 'R011', 'C006', 1),
  ('rental', 'R011', 'C007', 1),
  ('rental', 'R011', 'C008', 1),
  ('rental', 'R011', 'C009', 1),
  ('rental', 'R013', 'C001', 1),
  ('rental', 'R013', 'C002', 1),
  ('rental', 'R013', 'C003', 1),
  ('rental', 'R013', 'C004', 1),
  ('rental', 'R013', 'C005', 1),
  ('rental', 'R013', 'C006', 1),
  ('rental', 'R013', 'C007', 1),
  ('rental', 'R013', 'C008', 1),
  ('rental', 'R013', 'C009', 1),
  ('rental', 'R008', 'C001', 1),
  ('rental', 'R008', 'C002', 1),
  ('rental', 'R008', 'C003', 1),
  ('rental', 'R008', 'C004', 1),
  ('rental', 'R008', 'C005', 1),
  ('rental', 'R008', 'C006', 1),
  ('rental', 'R008', 'C007', 1),
  ('rental', 'R008', 'C008', 1),
  ('rental', 'R008', 'C009', 1),
  ('rental', 'R003', 'C001', 1),
  ('rental', 'R003', 'C002', 1),
  ('rental', 'R003', 'C003', 1),
  ('rental', 'R003', 'C004', 1),
  ('rental', 'R003', 'C005', 1),
  ('rental', 'R003', 'C006', 1),
  ('rental', 'R003', 'C007', 1),
  ('rental', 'R003', 'C008', 1),
  ('rental', 'R003', 'C009', 1),
  ('rental', 'R004', 'C001', 1),
  ('rental', 'R004', 'C002', 1),
  ('rental', 'R004', 'C003', 1),
  ('rental', 'R004', 'C004', 1),
  ('rental', 'R004', 'C005', 1),
  ('rental', 'R004', 'C006', 1),
  ('rental', 'R004', 'C007', 1),
  ('rental', 'R004', 'C008', 1),
  ('rental', 'R004', 'C009', 1),
  ('rental', 'R009', 'C001', 1),
  ('rental', 'R009', 'C002', 1),
  ('rental', 'R009', 'C003', 1),
  ('rental', 'R009', 'C004', 1),
  ('rental', 'R009', 'C005', 1),
  ('rental', 'R009', 'C006', 1),
  ('rental', 'R009', 'C007', 1),
  ('rental', 'R009', 'C008', 1),
  ('rental', 'R009', 'C009', 1),
  ('rental', 'R010', 'C001', 1),
  ('rental', 'R010', 'C002', 1),
  ('rental', 'R010', 'C003', 1),
  ('rental', 'R010', 'C004', 1),
  ('rental', 'R010', 'C005', 1),
  ('rental', 'R010', 'C006', 1),
  ('rental', 'R010', 'C007', 1),
  ('rental', 'R010', 'C008', 1),
  ('rental', 'R010', 'C009', 1),
  ('rental', 'R012', 'C001', 1),
  ('rental', 'R012', 'C002', 1),
  ('rental', 'R012', 'C003', 1),
  ('rental', 'R012', 'C004', 1),
  ('rental', 'R012', 'C005', 1),
  ('rental', 'R012', 'C006', 1),
  ('rental', 'R012', 'C007', 1),
  ('rental', 'R012', 'C008', 1),
  ('rental', 'R012', 'C009', 1),
  ('rental', 'R014', 'C001', 1),
  ('rental', 'R014', 'C002', 1),
  ('rental', 'R014', 'C003', 1),
  ('rental', 'R014', 'C004', 1),
  ('rental', 'R014', 'C005', 1),
  ('rental', 'R014', 'C006', 1),
  ('rental', 'R014', 'C007', 1),
  ('rental', 'R014', 'C008', 1),
  ('rental', 'R014', 'C009', 1),
  ('rental', 'R015', 'C001', 1),
  ('rental', 'R015', 'C002', 1),
  ('rental', 'R015', 'C003', 1),
  ('rental', 'R015', 'C004', 1),
  ('rental', 'R015', 'C005', 1),
  ('rental', 'R015', 'C006', 1),
  ('rental', 'R015', 'C007', 1),
  ('rental', 'R015', 'C008', 1),
  ('rental', 'R015', 'C009', 1),
  ('rental', 'R016', 'C001', 1),
  ('rental', 'R016', 'C002', 1),
  ('rental', 'R016', 'C003', 1),
  ('rental', 'R016', 'C004', 1),
  ('rental', 'R016', 'C005', 1),
  ('rental', 'R016', 'C006', 1),
  ('rental', 'R016', 'C007', 1),
  ('rental', 'R016', 'C008', 1),
  ('rental', 'R016', 'C009', 1),
  ('rental', 'R017', 'C001', 1),
  ('rental', 'R017', 'C002', 1),
  ('rental', 'R017', 'C003', 1),
  ('rental', 'R017', 'C004', 1),
  ('rental', 'R017', 'C005', 1),
  ('rental', 'R017', 'C006', 1),
  ('rental', 'R017', 'C007', 1),
  ('rental', 'R017', 'C008', 1),
  ('rental', 'R017', 'C009', 1),
  ('rental', 'R019', 'C001', 1),
  ('rental', 'R019', 'C002', 1),
  ('rental', 'R019', 'C003', 1),
  ('rental', 'R019', 'C004', 1),
  ('rental', 'R019', 'C005', 1),
  ('rental', 'R019', 'C006', 1),
  ('rental', 'R019', 'C007', 1),
  ('rental', 'R019', 'C008', 1),
  ('rental', 'R019', 'C009', 1),
  ('rental', 'R020', 'C001', 1),
  ('rental', 'R020', 'C002', 1),
  ('rental', 'R020', 'C003', 1),
  ('rental', 'R020', 'C004', 1),
  ('rental', 'R020', 'C005', 1),
  ('rental', 'R020', 'C006', 1),
  ('rental', 'R020', 'C007', 1),
  ('rental', 'R020', 'C008', 1),
  ('rental', 'R020', 'C009', 1),
  ('rental', 'R021', 'C001', 1),
  ('rental', 'R021', 'C002', 1),
  ('rental', 'R021', 'C003', 1),
  ('rental', 'R021', 'C004', 1),
  ('rental', 'R021', 'C005', 1),
  ('rental', 'R021', 'C006', 1),
  ('rental', 'R021', 'C007', 1),
  ('rental', 'R021', 'C008', 1),
  ('rental', 'R021', 'C009', 1),
  ('rental', 'R022', 'C001', 1),
  ('rental', 'R022', 'C002', 1),
  ('rental', 'R022', 'C003', 1),
  ('rental', 'R022', 'C004', 1),
  ('rental', 'R022', 'C005', 1),
  ('rental', 'R022', 'C006', 1),
  ('rental', 'R022', 'C007', 1),
  ('rental', 'R022', 'C008', 1),
  ('rental', 'R022', 'C009', 1),
  ('rental', 'R023', 'C001', 1),
  ('rental', 'R023', 'C002', 1),
  ('rental', 'R023', 'C003', 1),
  ('rental', 'R023', 'C004', 1),
  ('rental', 'R023', 'C005', 1),
  ('rental', 'R023', 'C006', 1),
  ('rental', 'R023', 'C007', 1),
  ('rental', 'R023', 'C008', 1),
  ('rental', 'R023', 'C009', 1),
  ('rental', 'R024', 'C001', 1),
  ('rental', 'R024', 'C002', 1),
  ('rental', 'R024', 'C003', 1),
  ('rental', 'R024', 'C004', 1),
  ('rental', 'R024', 'C005', 1),
  ('rental', 'R024', 'C006', 1),
  ('rental', 'R024', 'C007', 1),
  ('rental', 'R024', 'C008', 1),
  ('rental', 'R024', 'C009', 1),
  ('rental', 'R025', 'C001', 1),
  ('rental', 'R025', 'C002', 1),
  ('rental', 'R025', 'C003', 1),
  ('rental', 'R025', 'C004', 1),
  ('rental', 'R025', 'C005', 1),
  ('rental', 'R025', 'C006', 1),
  ('rental', 'R025', 'C007', 1),
  ('rental', 'R025', 'C008', 1),
  ('rental', 'R025', 'C009', 1),
  ('rental', 'R026', 'C001', 1),
  ('rental', 'R026', 'C002', 1),
  ('rental', 'R026', 'C003', 1),
  ('rental', 'R026', 'C004', 1),
  ('rental', 'R026', 'C005', 1),
  ('rental', 'R026', 'C006', 1),
  ('rental', 'R026', 'C007', 1),
  ('rental', 'R026', 'C008', 1),
  ('rental', 'R026', 'C009', 1),
  ('rental', 'R027', 'C001', 1),
  ('rental', 'R027', 'C002', 1),
  ('rental', 'R027', 'C003', 1),
  ('rental', 'R027', 'C004', 1),
  ('rental', 'R027', 'C005', 1),
  ('rental', 'R027', 'C006', 1),
  ('rental', 'R027', 'C007', 1),
  ('rental', 'R027', 'C008', 1),
  ('rental', 'R027', 'C009', 1),
  ('rental', 'R028', 'C001', 1),
  ('rental', 'R028', 'C002', 1),
  ('rental', 'R028', 'C003', 1),
  ('rental', 'R028', 'C004', 1),
  ('rental', 'R028', 'C005', 1),
  ('rental', 'R028', 'C006', 1),
  ('rental', 'R028', 'C007', 1),
  ('rental', 'R028', 'C008', 1),
  ('rental', 'R028', 'C009', 1);

INSERT INTO migration.p5_location_resolution (legacy_label, location_id, inventory_domain, legacy_code, resolution_method, evidence, disposition_status) VALUES
  ('商店主倉', 'main', 'store', NULL, 'EXACT_P1_ALIAS', 'P1 canonical alias table', 'RESOLVED'),
  ('台北旗艦店', 'branch-001', 'store', NULL, 'EXACT_P1_ALIAS', 'P1 canonical alias table', 'RESOLVED'),
  ('台中中港店', 'branch-002', 'store', NULL, 'EXACT_P1_ALIAS', 'P1 canonical alias table', 'RESOLVED'),
  ('高雄左營店', 'branch-003', 'store', NULL, 'EXACT_P1_ALIAS', 'P1 canonical alias table', 'RESOLVED'),
  ('租借主倉', 'C001', 'rental', NULL, 'EXACT_P1_ALIAS', 'P1 canonical alias table', 'RESOLVED'),
  ('雲海高原營地', 'C002', 'rental', 'camp-004', 'HISTORICAL_IDENTITY_RECONSTRUCTION', 'commit c23388f: camp-001..camp-005 order + unique migrated rental-stock vector minimum', 'RESOLVED'),
  ('溪谷森林營地', 'C003', 'rental', 'camp-003', 'HISTORICAL_IDENTITY_RECONSTRUCTION', 'commit c23388f: camp-001..camp-005 order + unique migrated rental-stock vector minimum', 'RESOLVED'),
  ('松林野營基地', 'C004', 'rental', 'camp-002', 'HISTORICAL_IDENTITY_RECONSTRUCTION', 'commit c23388f: camp-001..camp-005 order + unique migrated rental-stock vector minimum', 'RESOLVED'),
  ('湖畔星空營地', 'C005', 'rental', 'camp-001', 'HISTORICAL_IDENTITY_RECONSTRUCTION', 'commit c23388f: camp-001..camp-005 order + unique migrated rental-stock vector minimum', 'RESOLVED'),
  ('海岸微風營地', 'C006', 'rental', 'camp-005', 'HISTORICAL_IDENTITY_RECONSTRUCTION', 'commit c23388f: camp-001..camp-005 order + unique migrated rental-stock vector minimum', 'RESOLVED'),
  ('進貨', NULL, NULL, NULL, 'PSEUDO_ENDPOINT', 'Inbound movement has no physical source location', 'RESOLVED_NULL'),
  ('損耗', NULL, NULL, NULL, 'PSEUDO_ENDPOINT', 'Damage movement has no physical destination location', 'RESOLVED_NULL');

INSERT INTO migration.p1_location_aliases (alias, location_id, source) VALUES
  ('雲海高原營地', 'C002', 'P5 historical identity reconstruction'),
  ('溪谷森林營地', 'C003', 'P5 historical identity reconstruction'),
  ('松林野營基地', 'C004', 'P5 historical identity reconstruction'),
  ('湖畔星空營地', 'C005', 'P5 historical identity reconstruction'),
  ('海岸微風營地', 'C006', 'P5 historical identity reconstruction')
ON CONFLICT (alias) DO UPDATE
SET location_id = EXCLUDED.location_id, source = EXCLUDED.source;

INSERT INTO booking_policies_p5 (id, booking_window_days, advance_days, max_nights, timezone, date_boundary_hour, low_availability_threshold) VALUES
  (1, 90, 0, 7, 'Asia/Taipei', 0, 30);

INSERT INTO booking_policy_occupying_statuses (policy_id, status) VALUES
  (1, 'pending'),
  (1, 'confirmed'),
  (1, 'completed');

INSERT INTO booking_policy_availability_statuses (policy_id, status) VALUES
  (1, 'available'),
  (1, 'low'),
  (1, 'full'),
  (1, 'closed'),
  (1, 'out_of_window');

INSERT INTO zone_blocks_p5 (id, legacy_block_id, campground_id, zone_id, start_date, end_date, blocked_quantity, reason, created_by, created_at, updated_at) VALUES
  (1, 'BLK001', 'C002', 'Z001', '2026-07-20'::date, '2026-07-23'::date, 2, '草皮養護', 'admin', '2026-07-01 10:00:00'::timestamp AT TIME ZONE 'Asia/Taipei', '2026-07-01 10:00:00'::timestamp AT TIME ZONE 'Asia/Taipei'),
  (2, 'BLK002', 'C008', 'Z010', '2026-07-25'::date, '2026-07-27'::date, 1, '設施維修', 'admin', '2026-07-02 14:30:00'::timestamp AT TIME ZONE 'Asia/Taipei', '2026-07-02 14:30:00'::timestamp AT TIME ZONE 'Asia/Taipei');

INSERT INTO campground_closures_p5 (id, legacy_closure_id, campground_id, closure_type, start_date, end_date, weekday, effective_from, effective_to, reason, created_by, created_at, updated_at) VALUES
  (1, 'CL001', 'C002', 'date_range', '2026-07-28'::date, '2026-07-29'::date, NULL, NULL, NULL, '設施年度檢修', 'admin', '2026-07-01 09:00:00'::timestamp AT TIME ZONE 'Asia/Taipei', '2026-07-01 09:00:00'::timestamp AT TIME ZONE 'Asia/Taipei'),
  (2, 'CL002', 'C003', 'weekly', NULL, NULL, 2, '2026-07-09'::date, '2026-09-30'::date, '每週二公休', 'admin', '2026-07-01 09:00:00'::timestamp AT TIME ZONE 'Asia/Taipei', '2026-07-01 09:00:00'::timestamp AT TIME ZONE 'Asia/Taipei');

INSERT INTO product_variant_min_stocks (variant_id, location_id, minimum_quantity) VALUES
  ('v-P001-0', 'main', 1),
  ('v-P001-0', 'branch-001', 1),
  ('v-P001-0', 'branch-002', 1),
  ('v-P001-0', 'branch-003', 1),
  ('v-P001-1', 'main', 1),
  ('v-P001-1', 'branch-001', 1),
  ('v-P001-1', 'branch-002', 1),
  ('v-P001-1', 'branch-003', 1),
  ('v-P001-2', 'main', 1),
  ('v-P001-2', 'branch-001', 1),
  ('v-P001-2', 'branch-002', 1),
  ('v-P001-2', 'branch-003', 1),
  ('v-P002-0', 'main', 1),
  ('v-P002-0', 'branch-001', 1),
  ('v-P002-0', 'branch-002', 1),
  ('v-P002-0', 'branch-003', 1),
  ('v-P003-0', 'main', 1),
  ('v-P003-0', 'branch-001', 1),
  ('v-P003-0', 'branch-002', 1),
  ('v-P003-0', 'branch-003', 1),
  ('v-P003-1', 'main', 1),
  ('v-P003-1', 'branch-001', 1),
  ('v-P003-1', 'branch-002', 1),
  ('v-P003-1', 'branch-003', 1),
  ('v-P003-2', 'main', 1),
  ('v-P003-2', 'branch-001', 1),
  ('v-P003-2', 'branch-002', 1),
  ('v-P003-2', 'branch-003', 1),
  ('v-P004-0', 'main', 1),
  ('v-P004-0', 'branch-001', 1),
  ('v-P004-0', 'branch-002', 1),
  ('v-P004-0', 'branch-003', 1),
  ('v-P004-1', 'main', 1),
  ('v-P004-1', 'branch-001', 1),
  ('v-P004-1', 'branch-002', 1),
  ('v-P004-1', 'branch-003', 1),
  ('v-P004-2', 'main', 1),
  ('v-P004-2', 'branch-001', 1),
  ('v-P004-2', 'branch-002', 1),
  ('v-P004-2', 'branch-003', 1),
  ('v-P005-0', 'main', 1),
  ('v-P005-0', 'branch-001', 1),
  ('v-P005-0', 'branch-002', 1),
  ('v-P005-0', 'branch-003', 1),
  ('v-P006-0', 'main', 1),
  ('v-P006-0', 'branch-001', 1),
  ('v-P006-0', 'branch-002', 1),
  ('v-P006-0', 'branch-003', 1),
  ('v-P007-0', 'main', 1),
  ('v-P007-0', 'branch-001', 1),
  ('v-P007-0', 'branch-002', 1),
  ('v-P007-0', 'branch-003', 1),
  ('v-P007-1', 'main', 1),
  ('v-P007-1', 'branch-001', 1),
  ('v-P007-1', 'branch-002', 1),
  ('v-P007-1', 'branch-003', 1),
  ('v-P008-0', 'main', 1),
  ('v-P008-0', 'branch-001', 1),
  ('v-P008-0', 'branch-002', 1),
  ('v-P008-0', 'branch-003', 1),
  ('v-P008-1', 'main', 1),
  ('v-P008-1', 'branch-001', 1),
  ('v-P008-1', 'branch-002', 1),
  ('v-P008-1', 'branch-003', 1),
  ('v-P009-0', 'main', 1),
  ('v-P009-0', 'branch-001', 1),
  ('v-P009-0', 'branch-002', 1),
  ('v-P009-0', 'branch-003', 1),
  ('v-P010-0', 'main', 1),
  ('v-P010-0', 'branch-001', 1),
  ('v-P010-0', 'branch-002', 1),
  ('v-P010-0', 'branch-003', 1),
  ('v-P011-0', 'main', 1),
  ('v-P011-0', 'branch-001', 1),
  ('v-P011-0', 'branch-002', 1),
  ('v-P011-0', 'branch-003', 1),
  ('v-P012-0', 'main', 1),
  ('v-P012-0', 'branch-001', 1),
  ('v-P012-0', 'branch-002', 1),
  ('v-P012-0', 'branch-003', 1),
  ('v-P012-1', 'main', 1),
  ('v-P012-1', 'branch-001', 1),
  ('v-P012-1', 'branch-002', 1),
  ('v-P012-1', 'branch-003', 1),
  ('v-P013-0', 'main', 1),
  ('v-P013-0', 'branch-001', 1),
  ('v-P013-0', 'branch-002', 1),
  ('v-P013-0', 'branch-003', 1),
  ('v-P014-0', 'main', 1),
  ('v-P014-0', 'branch-001', 1),
  ('v-P014-0', 'branch-002', 1),
  ('v-P014-0', 'branch-003', 1),
  ('v-P015-0', 'main', 1),
  ('v-P015-0', 'branch-001', 1),
  ('v-P015-0', 'branch-002', 1),
  ('v-P015-0', 'branch-003', 1),
  ('v-P016-0', 'main', 1),
  ('v-P016-0', 'branch-001', 1),
  ('v-P016-0', 'branch-002', 1),
  ('v-P016-0', 'branch-003', 1),
  ('v-P017-0', 'main', 1),
  ('v-P017-0', 'branch-001', 1),
  ('v-P017-0', 'branch-002', 1),
  ('v-P017-0', 'branch-003', 1),
  ('v-P018-0', 'main', 1),
  ('v-P018-0', 'branch-001', 1),
  ('v-P018-0', 'branch-002', 1),
  ('v-P018-0', 'branch-003', 1),
  ('v-P019-0', 'main', 1),
  ('v-P019-0', 'branch-001', 1),
  ('v-P019-0', 'branch-002', 1),
  ('v-P019-0', 'branch-003', 1),
  ('v-P020-0', 'main', 1),
  ('v-P020-0', 'branch-001', 1),
  ('v-P020-0', 'branch-002', 1),
  ('v-P020-0', 'branch-003', 1),
  ('v-P021-0', 'main', 1),
  ('v-P021-0', 'branch-001', 1),
  ('v-P021-0', 'branch-002', 1),
  ('v-P021-0', 'branch-003', 1),
  ('v-P022-0', 'main', 1),
  ('v-P022-0', 'branch-001', 1),
  ('v-P022-0', 'branch-002', 1),
  ('v-P022-0', 'branch-003', 1),
  ('v-P023-0', 'main', 1),
  ('v-P023-0', 'branch-001', 1),
  ('v-P023-0', 'branch-002', 1),
  ('v-P023-0', 'branch-003', 1),
  ('v-P024-0', 'main', 1),
  ('v-P024-0', 'branch-001', 1),
  ('v-P024-0', 'branch-002', 1),
  ('v-P024-0', 'branch-003', 1),
  ('v-P025-0', 'main', 1),
  ('v-P025-0', 'branch-001', 1),
  ('v-P025-0', 'branch-002', 1),
  ('v-P025-0', 'branch-003', 1),
  ('v-P026-0', 'main', 1),
  ('v-P026-0', 'branch-001', 1),
  ('v-P026-0', 'branch-002', 1),
  ('v-P026-0', 'branch-003', 1),
  ('v-P027-0', 'main', 1),
  ('v-P027-0', 'branch-001', 1),
  ('v-P027-0', 'branch-002', 1),
  ('v-P027-0', 'branch-003', 1),
  ('v-P028-0', 'main', 1),
  ('v-P028-0', 'branch-001', 1),
  ('v-P028-0', 'branch-002', 1),
  ('v-P028-0', 'branch-003', 1),
  ('v-P029-0', 'main', 1),
  ('v-P029-0', 'branch-001', 1),
  ('v-P029-0', 'branch-002', 1),
  ('v-P029-0', 'branch-003', 1),
  ('v-P030-0', 'main', 1),
  ('v-P030-0', 'branch-001', 1),
  ('v-P030-0', 'branch-002', 1),
  ('v-P030-0', 'branch-003', 1);

INSERT INTO rental_sku_variant_min_stocks (rental_sku_variant_id, location_id, minimum_quantity) VALUES
  ('v-P001-0', 'C001', 1),
  ('v-P001-0', 'C002', 1),
  ('v-P001-0', 'C003', 1),
  ('v-P001-0', 'C004', 1),
  ('v-P001-0', 'C005', 1),
  ('v-P001-0', 'C006', 1),
  ('v-P001-0', 'C007', 1),
  ('v-P001-0', 'C008', 1),
  ('v-P001-0', 'C009', 1),
  ('v-P001-1', 'C001', 1),
  ('v-P001-1', 'C002', 1),
  ('v-P001-1', 'C003', 1),
  ('v-P001-1', 'C004', 1),
  ('v-P001-1', 'C005', 1),
  ('v-P001-1', 'C006', 1),
  ('v-P001-1', 'C007', 1),
  ('v-P001-1', 'C008', 1),
  ('v-P001-1', 'C009', 1),
  ('v-P001-2', 'C001', 1),
  ('v-P001-2', 'C002', 1),
  ('v-P001-2', 'C003', 1),
  ('v-P001-2', 'C004', 1),
  ('v-P001-2', 'C005', 1),
  ('v-P001-2', 'C006', 1),
  ('v-P001-2', 'C007', 1),
  ('v-P001-2', 'C008', 1),
  ('v-P001-2', 'C009', 1),
  ('v-P002-0', 'C001', 1),
  ('v-P002-0', 'C002', 1),
  ('v-P002-0', 'C003', 1),
  ('v-P002-0', 'C004', 1),
  ('v-P002-0', 'C005', 1),
  ('v-P002-0', 'C006', 1),
  ('v-P002-0', 'C007', 1),
  ('v-P002-0', 'C008', 1),
  ('v-P002-0', 'C009', 1),
  ('v-P003-0', 'C001', 1),
  ('v-P003-0', 'C002', 1),
  ('v-P003-0', 'C003', 1),
  ('v-P003-0', 'C004', 1),
  ('v-P003-0', 'C005', 1),
  ('v-P003-0', 'C006', 1),
  ('v-P003-0', 'C007', 1),
  ('v-P003-0', 'C008', 1),
  ('v-P003-0', 'C009', 1),
  ('v-P003-1', 'C001', 1),
  ('v-P003-1', 'C002', 1),
  ('v-P003-1', 'C003', 1),
  ('v-P003-1', 'C004', 1),
  ('v-P003-1', 'C005', 1),
  ('v-P003-1', 'C006', 1),
  ('v-P003-1', 'C007', 1),
  ('v-P003-1', 'C008', 1),
  ('v-P003-1', 'C009', 1),
  ('v-P003-2', 'C001', 1),
  ('v-P003-2', 'C002', 1),
  ('v-P003-2', 'C003', 1),
  ('v-P003-2', 'C004', 1),
  ('v-P003-2', 'C005', 1),
  ('v-P003-2', 'C006', 1),
  ('v-P003-2', 'C007', 1),
  ('v-P003-2', 'C008', 1),
  ('v-P003-2', 'C009', 1),
  ('v-P004-0', 'C001', 1),
  ('v-P004-0', 'C002', 1),
  ('v-P004-0', 'C003', 1),
  ('v-P004-0', 'C004', 1),
  ('v-P004-0', 'C005', 1),
  ('v-P004-0', 'C006', 1),
  ('v-P004-0', 'C007', 1),
  ('v-P004-0', 'C008', 1),
  ('v-P004-0', 'C009', 1),
  ('v-P004-1', 'C001', 1),
  ('v-P004-1', 'C002', 1),
  ('v-P004-1', 'C003', 1),
  ('v-P004-1', 'C004', 1),
  ('v-P004-1', 'C005', 1),
  ('v-P004-1', 'C006', 1),
  ('v-P004-1', 'C007', 1),
  ('v-P004-1', 'C008', 1),
  ('v-P004-1', 'C009', 1),
  ('v-P004-2', 'C001', 1),
  ('v-P004-2', 'C002', 1),
  ('v-P004-2', 'C003', 1),
  ('v-P004-2', 'C004', 1),
  ('v-P004-2', 'C005', 1),
  ('v-P004-2', 'C006', 1),
  ('v-P004-2', 'C007', 1),
  ('v-P004-2', 'C008', 1),
  ('v-P004-2', 'C009', 1),
  ('v-P005-0', 'C001', 1),
  ('v-P005-0', 'C002', 1),
  ('v-P005-0', 'C003', 1),
  ('v-P005-0', 'C004', 1),
  ('v-P005-0', 'C005', 1),
  ('v-P005-0', 'C006', 1),
  ('v-P005-0', 'C007', 1),
  ('v-P005-0', 'C008', 1),
  ('v-P005-0', 'C009', 1),
  ('v-P006-0', 'C001', 1),
  ('v-P006-0', 'C002', 1),
  ('v-P006-0', 'C003', 1),
  ('v-P006-0', 'C004', 1),
  ('v-P006-0', 'C005', 1),
  ('v-P006-0', 'C006', 1),
  ('v-P006-0', 'C007', 1),
  ('v-P006-0', 'C008', 1),
  ('v-P006-0', 'C009', 1),
  ('v-P007-0', 'C001', 1),
  ('v-P007-0', 'C002', 1),
  ('v-P007-0', 'C003', 1),
  ('v-P007-0', 'C004', 1),
  ('v-P007-0', 'C005', 1),
  ('v-P007-0', 'C006', 1),
  ('v-P007-0', 'C007', 1),
  ('v-P007-0', 'C008', 1),
  ('v-P007-0', 'C009', 1),
  ('v-P007-1', 'C001', 1),
  ('v-P007-1', 'C002', 1),
  ('v-P007-1', 'C003', 1),
  ('v-P007-1', 'C004', 1),
  ('v-P007-1', 'C005', 1),
  ('v-P007-1', 'C006', 1),
  ('v-P007-1', 'C007', 1),
  ('v-P007-1', 'C008', 1),
  ('v-P007-1', 'C009', 1),
  ('v-P008-0', 'C001', 1),
  ('v-P008-0', 'C002', 1),
  ('v-P008-0', 'C003', 1),
  ('v-P008-0', 'C004', 1),
  ('v-P008-0', 'C005', 1),
  ('v-P008-0', 'C006', 1),
  ('v-P008-0', 'C007', 1),
  ('v-P008-0', 'C008', 1),
  ('v-P008-0', 'C009', 1),
  ('v-P008-1', 'C001', 1),
  ('v-P008-1', 'C002', 1),
  ('v-P008-1', 'C003', 1),
  ('v-P008-1', 'C004', 1),
  ('v-P008-1', 'C005', 1),
  ('v-P008-1', 'C006', 1),
  ('v-P008-1', 'C007', 1),
  ('v-P008-1', 'C008', 1),
  ('v-P008-1', 'C009', 1),
  ('v-P009-0', 'C001', 1),
  ('v-P009-0', 'C002', 1),
  ('v-P009-0', 'C003', 1),
  ('v-P009-0', 'C004', 1),
  ('v-P009-0', 'C005', 1),
  ('v-P009-0', 'C006', 1),
  ('v-P009-0', 'C007', 1),
  ('v-P009-0', 'C008', 1),
  ('v-P009-0', 'C009', 1),
  ('v-P011-0', 'C001', 1),
  ('v-P011-0', 'C002', 1),
  ('v-P011-0', 'C003', 1),
  ('v-P011-0', 'C004', 1),
  ('v-P011-0', 'C005', 1),
  ('v-P011-0', 'C006', 1),
  ('v-P011-0', 'C007', 1),
  ('v-P011-0', 'C008', 1),
  ('v-P011-0', 'C009', 1),
  ('v-P012-0', 'C001', 1),
  ('v-P012-0', 'C002', 1),
  ('v-P012-0', 'C003', 1),
  ('v-P012-0', 'C004', 1),
  ('v-P012-0', 'C005', 1),
  ('v-P012-0', 'C006', 1),
  ('v-P012-0', 'C007', 1),
  ('v-P012-0', 'C008', 1),
  ('v-P012-0', 'C009', 1),
  ('v-P012-1', 'C001', 1),
  ('v-P012-1', 'C002', 1),
  ('v-P012-1', 'C003', 1),
  ('v-P012-1', 'C004', 1),
  ('v-P012-1', 'C005', 1),
  ('v-P012-1', 'C006', 1),
  ('v-P012-1', 'C007', 1),
  ('v-P012-1', 'C008', 1),
  ('v-P012-1', 'C009', 1),
  ('v-P013-0', 'C001', 1),
  ('v-P013-0', 'C002', 1),
  ('v-P013-0', 'C003', 1),
  ('v-P013-0', 'C004', 1),
  ('v-P013-0', 'C005', 1),
  ('v-P013-0', 'C006', 1),
  ('v-P013-0', 'C007', 1),
  ('v-P013-0', 'C008', 1),
  ('v-P013-0', 'C009', 1),
  ('v-P014-0', 'C001', 1),
  ('v-P014-0', 'C002', 1),
  ('v-P014-0', 'C003', 1),
  ('v-P014-0', 'C004', 1),
  ('v-P014-0', 'C005', 1),
  ('v-P014-0', 'C006', 1),
  ('v-P014-0', 'C007', 1),
  ('v-P014-0', 'C008', 1),
  ('v-P014-0', 'C009', 1),
  ('v-P015-0', 'C001', 1),
  ('v-P015-0', 'C002', 1),
  ('v-P015-0', 'C003', 1),
  ('v-P015-0', 'C004', 1),
  ('v-P015-0', 'C005', 1),
  ('v-P015-0', 'C006', 1),
  ('v-P015-0', 'C007', 1),
  ('v-P015-0', 'C008', 1),
  ('v-P015-0', 'C009', 1),
  ('v-P016-0', 'C001', 1),
  ('v-P016-0', 'C002', 1),
  ('v-P016-0', 'C003', 1),
  ('v-P016-0', 'C004', 1),
  ('v-P016-0', 'C005', 1),
  ('v-P016-0', 'C006', 1),
  ('v-P016-0', 'C007', 1),
  ('v-P016-0', 'C008', 1),
  ('v-P016-0', 'C009', 1),
  ('v-P017-0', 'C001', 1),
  ('v-P017-0', 'C002', 1),
  ('v-P017-0', 'C003', 1),
  ('v-P017-0', 'C004', 1),
  ('v-P017-0', 'C005', 1),
  ('v-P017-0', 'C006', 1),
  ('v-P017-0', 'C007', 1),
  ('v-P017-0', 'C008', 1),
  ('v-P017-0', 'C009', 1),
  ('v-P018-0', 'C001', 1),
  ('v-P018-0', 'C002', 1),
  ('v-P018-0', 'C003', 1),
  ('v-P018-0', 'C004', 1),
  ('v-P018-0', 'C005', 1),
  ('v-P018-0', 'C006', 1),
  ('v-P018-0', 'C007', 1),
  ('v-P018-0', 'C008', 1),
  ('v-P018-0', 'C009', 1),
  ('v-P019-0', 'C001', 1),
  ('v-P019-0', 'C002', 1),
  ('v-P019-0', 'C003', 1),
  ('v-P019-0', 'C004', 1),
  ('v-P019-0', 'C005', 1),
  ('v-P019-0', 'C006', 1),
  ('v-P019-0', 'C007', 1),
  ('v-P019-0', 'C008', 1),
  ('v-P019-0', 'C009', 1),
  ('v-P020-0', 'C001', 1),
  ('v-P020-0', 'C002', 1),
  ('v-P020-0', 'C003', 1),
  ('v-P020-0', 'C004', 1),
  ('v-P020-0', 'C005', 1),
  ('v-P020-0', 'C006', 1),
  ('v-P020-0', 'C007', 1),
  ('v-P020-0', 'C008', 1),
  ('v-P020-0', 'C009', 1),
  ('v-P021-0', 'C001', 1),
  ('v-P021-0', 'C002', 1),
  ('v-P021-0', 'C003', 1),
  ('v-P021-0', 'C004', 1),
  ('v-P021-0', 'C005', 1),
  ('v-P021-0', 'C006', 1),
  ('v-P021-0', 'C007', 1),
  ('v-P021-0', 'C008', 1),
  ('v-P021-0', 'C009', 1),
  ('v-P022-0', 'C001', 1),
  ('v-P022-0', 'C002', 1),
  ('v-P022-0', 'C003', 1),
  ('v-P022-0', 'C004', 1),
  ('v-P022-0', 'C005', 1),
  ('v-P022-0', 'C006', 1),
  ('v-P022-0', 'C007', 1),
  ('v-P022-0', 'C008', 1),
  ('v-P022-0', 'C009', 1),
  ('v-P023-0', 'C001', 1),
  ('v-P023-0', 'C002', 1),
  ('v-P023-0', 'C003', 1),
  ('v-P023-0', 'C004', 1),
  ('v-P023-0', 'C005', 1),
  ('v-P023-0', 'C006', 1),
  ('v-P023-0', 'C007', 1),
  ('v-P023-0', 'C008', 1),
  ('v-P023-0', 'C009', 1),
  ('v-P024-0', 'C001', 1),
  ('v-P024-0', 'C002', 1),
  ('v-P024-0', 'C003', 1),
  ('v-P024-0', 'C004', 1),
  ('v-P024-0', 'C005', 1),
  ('v-P024-0', 'C006', 1),
  ('v-P024-0', 'C007', 1),
  ('v-P024-0', 'C008', 1),
  ('v-P024-0', 'C009', 1),
  ('v-P025-0', 'C001', 1),
  ('v-P025-0', 'C002', 1),
  ('v-P025-0', 'C003', 1),
  ('v-P025-0', 'C004', 1),
  ('v-P025-0', 'C005', 1),
  ('v-P025-0', 'C006', 1),
  ('v-P025-0', 'C007', 1),
  ('v-P025-0', 'C008', 1),
  ('v-P025-0', 'C009', 1),
  ('v-P026-0', 'C001', 1),
  ('v-P026-0', 'C002', 1),
  ('v-P026-0', 'C003', 1),
  ('v-P026-0', 'C004', 1),
  ('v-P026-0', 'C005', 1),
  ('v-P026-0', 'C006', 1),
  ('v-P026-0', 'C007', 1),
  ('v-P026-0', 'C008', 1),
  ('v-P026-0', 'C009', 1),
  ('v-P027-0', 'C001', 1),
  ('v-P027-0', 'C002', 1),
  ('v-P027-0', 'C003', 1),
  ('v-P027-0', 'C004', 1),
  ('v-P027-0', 'C005', 1),
  ('v-P027-0', 'C006', 1),
  ('v-P027-0', 'C007', 1),
  ('v-P027-0', 'C008', 1),
  ('v-P027-0', 'C009', 1),
  ('v-P028-0', 'C001', 1),
  ('v-P028-0', 'C002', 1),
  ('v-P028-0', 'C003', 1),
  ('v-P028-0', 'C004', 1),
  ('v-P028-0', 'C005', 1),
  ('v-P028-0', 'C006', 1),
  ('v-P028-0', 'C007', 1),
  ('v-P028-0', 'C008', 1),
  ('v-P028-0', 'C009', 1),
  ('v-P029-0', 'C001', 1),
  ('v-P029-0', 'C002', 1),
  ('v-P029-0', 'C003', 1),
  ('v-P029-0', 'C004', 1),
  ('v-P029-0', 'C005', 1),
  ('v-P029-0', 'C006', 1),
  ('v-P029-0', 'C007', 1),
  ('v-P029-0', 'C008', 1),
  ('v-P029-0', 'C009', 1);

INSERT INTO migration.p5_variant_resolution (legacy_movement_id, legacy_item_ordinal, product_id, product_name_snapshot, product_variant_id, rental_sku_variant_id, resolution_method, disposition_status) VALUES
  ('1', 0, 'P028', '折疊式焚火台（不鏽鋼）', 'v-P028-0', 'v-P028-0', 'EXACT_PRODUCT_AND_VARIANT_LABEL', 'RESOLVED'),
  ('2', 0, 'P019', '營柱與營繩組（標準套組）', 'v-P019-0', NULL, 'EXACT_PRODUCT_AND_VARIANT_LABEL', 'RESOLVED'),
  ('3', 0, 'P008', '防水登山背包（森林綠 / 45L）', 'v-P008-1', 'v-P008-1', 'EXACT_PRODUCT_AND_VARIANT_LABEL', 'RESOLVED'),
  ('3', 1, 'P007', 'LED 露營燈（冷白光）', 'v-P007-1', 'v-P007-1', 'EXACT_PRODUCT_AND_VARIANT_LABEL', 'RESOLVED'),
  ('3', 2, 'P011', 'Snow Peak 客廳帳（象牙白）', 'v-P011-0', NULL, 'EXACT_PRODUCT_AND_VARIANT_LABEL', 'RESOLVED'),
  ('4', 0, 'P003', '充氣式睡墊（L）', 'v-P003-2', 'v-P003-2', 'EXACT_PRODUCT_AND_VARIANT_LABEL', 'RESOLVED'),
  ('4', 1, 'P015', '充電式頭燈（USB-C）', 'v-P015-0', NULL, 'EXACT_PRODUCT_AND_VARIANT_LABEL', 'RESOLVED'),
  ('4', 2, 'P017', '露營拖車（折疊式）', 'v-P017-0', NULL, 'EXACT_PRODUCT_AND_VARIANT_LABEL', 'RESOLVED'),
  ('5', 0, 'P006', 'Snow Peak 鈦合金杯組（鈦金屬原色）', 'v-P006-0', NULL, 'EXACT_PRODUCT_AND_VARIANT_LABEL', 'RESOLVED'),
  ('6', 0, 'P005', 'Coleman 氣化爐（標準版）', 'v-P005-0', NULL, 'EXACT_PRODUCT_AND_VARIANT_LABEL', 'RESOLVED'),
  ('7', 0, 'P025', '防水戶外手錶（GPS版）', 'v-P025-0', 'v-P025-0', 'EXACT_PRODUCT_AND_VARIANT_LABEL', 'RESOLVED'),
  ('8', 0, 'P015', '充電式頭燈（USB-C）', 'v-P015-0', 'v-P015-0', 'EXACT_PRODUCT_AND_VARIANT_LABEL', 'RESOLVED'),
  ('8', 1, 'P003', '充氣式睡墊（L）', 'v-P003-2', NULL, 'EXACT_PRODUCT_AND_VARIANT_LABEL', 'RESOLVED'),
  ('9', 0, 'P016', '65L 重裝背包（岩石灰）', 'v-P016-0', 'v-P016-0', 'EXACT_PRODUCT_AND_VARIANT_LABEL', 'RESOLVED'),
  ('10', 0, 'P015', '充電式頭燈（USB-C）', 'v-P015-0', NULL, 'EXACT_PRODUCT_AND_VARIANT_LABEL', 'RESOLVED'),
  ('11', 0, 'P030', '露營貼紙組（50入）', 'v-P030-0', NULL, 'EXACT_PRODUCT_AND_VARIANT_LABEL', 'RESOLVED'),
  ('11', 1, 'P028', '折疊式焚火台（不鏽鋼）', 'v-P028-0', 'v-P028-0', 'EXACT_PRODUCT_AND_VARIANT_LABEL', 'RESOLVED'),
  ('12', 0, 'P009', '折疊桌椅組（鋁合金輕量版）', 'v-P009-0', 'v-P009-0', 'EXACT_PRODUCT_AND_VARIANT_LABEL', 'RESOLVED'),
  ('12', 1, 'P009', '折疊桌椅組（鋁合金輕量版）', 'v-P009-0', NULL, 'EXACT_PRODUCT_AND_VARIANT_LABEL', 'RESOLVED'),
  ('12', 2, 'P028', '折疊式焚火台（不鏽鋼）', 'v-P028-0', 'v-P028-0', 'EXACT_PRODUCT_AND_VARIANT_LABEL', 'RESOLVED'),
  ('13', 0, 'P023', '快煮鍋 1.5L（不鏽鋼）', 'v-P023-0', NULL, 'EXACT_PRODUCT_AND_VARIANT_LABEL', 'RESOLVED'),
  ('13', 1, 'P017', '露營拖車（折疊式）', 'v-P017-0', NULL, 'EXACT_PRODUCT_AND_VARIANT_LABEL', 'RESOLVED'),
  ('14', 0, 'P027', '戶外淋浴袋（20L）', 'v-P027-0', 'v-P027-0', 'EXACT_PRODUCT_AND_VARIANT_LABEL', 'RESOLVED'),
  ('15', 0, 'P011', 'Snow Peak 客廳帳（象牙白）', 'v-P011-0', 'v-P011-0', 'EXACT_PRODUCT_AND_VARIANT_LABEL', 'RESOLVED'),
  ('15', 1, 'P016', '65L 重裝背包（岩石灰）', 'v-P016-0', NULL, 'EXACT_PRODUCT_AND_VARIANT_LABEL', 'RESOLVED'),
  ('15', 2, 'P006', 'Snow Peak 鈦合金杯組（鈦金屬原色）', 'v-P006-0', 'v-P006-0', 'EXACT_PRODUCT_AND_VARIANT_LABEL', 'RESOLVED'),
  ('16', 0, 'P008', '防水登山背包（森林綠 / 45L）', 'v-P008-1', NULL, 'EXACT_PRODUCT_AND_VARIANT_LABEL', 'RESOLVED'),
  ('17', 0, 'P005', 'Coleman 氣化爐（標準版）', 'v-P005-0', 'v-P005-0', 'EXACT_PRODUCT_AND_VARIANT_LABEL', 'RESOLVED'),
  ('18', 0, 'P023', '快煮鍋 1.5L（不鏽鋼）', 'v-P023-0', 'v-P023-0', 'EXACT_PRODUCT_AND_VARIANT_LABEL', 'RESOLVED'),
  ('18', 1, 'P028', '折疊式焚火台（不鏽鋼）', 'v-P028-0', NULL, 'EXACT_PRODUCT_AND_VARIANT_LABEL', 'RESOLVED'),
  ('19', 0, 'P029', '防蚊帳篷內帳（通用型）', 'v-P029-0', 'v-P029-0', 'EXACT_PRODUCT_AND_VARIANT_LABEL', 'RESOLVED'),
  ('20', 0, 'P008', '防水登山背包（森林綠 / 45L）', 'v-P008-1', 'v-P008-1', 'EXACT_PRODUCT_AND_VARIANT_LABEL', 'RESOLVED'),
  ('20', 1, 'P013', '折疊蛋捲桌（胡桃木紋）', 'v-P013-0', 'v-P013-0', 'EXACT_PRODUCT_AND_VARIANT_LABEL', 'RESOLVED'),
  ('20', 2, 'P023', '快煮鍋 1.5L（不鏽鋼）', 'v-P023-0', NULL, 'EXACT_PRODUCT_AND_VARIANT_LABEL', 'RESOLVED'),
  ('21', 0, 'P027', '戶外淋浴袋（20L）', 'v-P027-0', NULL, 'EXACT_PRODUCT_AND_VARIANT_LABEL', 'RESOLVED'),
  ('22', 0, 'P020', '行動電源站（500Wh）', 'v-P020-0', 'v-P020-0', 'EXACT_PRODUCT_AND_VARIANT_LABEL', 'RESOLVED'),
  ('23', 0, 'P022', '雙層防風外套（L號）', 'v-P022-0', 'v-P022-0', 'EXACT_PRODUCT_AND_VARIANT_LABEL', 'RESOLVED'),
  ('23', 1, 'P022', '雙層防風外套（L號）', 'v-P022-0', NULL, 'EXACT_PRODUCT_AND_VARIANT_LABEL', 'RESOLVED'),
  ('23', 2, 'P006', 'Snow Peak 鈦合金杯組（鈦金屬原色）', 'v-P006-0', NULL, 'EXACT_PRODUCT_AND_VARIANT_LABEL', 'RESOLVED'),
  ('24', 0, 'P029', '防蚊帳篷內帳（通用型）', 'v-P029-0', 'v-P029-0', 'EXACT_PRODUCT_AND_VARIANT_LABEL', 'RESOLVED'),
  ('25', 0, 'P019', '營柱與營繩組（標準套組）', 'v-P019-0', 'v-P019-0', 'EXACT_PRODUCT_AND_VARIANT_LABEL', 'RESOLVED'),
  ('26', 0, 'P014', '高背月亮椅（軍綠）', 'v-P014-0', NULL, 'EXACT_PRODUCT_AND_VARIANT_LABEL', 'RESOLVED'),
  ('27', 0, 'P023', '快煮鍋 1.5L（不鏽鋼）', 'v-P023-0', NULL, 'EXACT_PRODUCT_AND_VARIANT_LABEL', 'RESOLVED'),
  ('28', 0, 'P013', '折疊蛋捲桌（胡桃木紋）', 'v-P013-0', 'v-P013-0', 'EXACT_PRODUCT_AND_VARIANT_LABEL', 'RESOLVED'),
  ('29', 0, 'P001', 'Coleman 六人帳篷（太空灰）', 'v-P001-2', 'v-P001-2', 'EXACT_PRODUCT_AND_VARIANT_LABEL', 'RESOLVED'),
  ('29', 1, 'P018', '大型天幕（4x4m）', 'v-P018-0', 'v-P018-0', 'EXACT_PRODUCT_AND_VARIANT_LABEL', 'RESOLVED'),
  ('29', 2, 'P001', 'Coleman 六人帳篷（沙漠棕）', 'v-P001-1', 'v-P001-1', 'EXACT_PRODUCT_AND_VARIANT_LABEL', 'RESOLVED'),
  ('30', 0, 'P021', '保冷冰桶 45L（深藍）', 'v-P021-0', NULL, 'EXACT_PRODUCT_AND_VARIANT_LABEL', 'RESOLVED'),
  ('31', 0, 'P010', '保溫壺 1L（消光黑）', 'v-P010-0', NULL, 'EXACT_PRODUCT_AND_VARIANT_LABEL', 'RESOLVED'),
  ('31', 1, 'P021', '保冷冰桶 45L（深藍）', 'v-P021-0', 'v-P021-0', 'EXACT_PRODUCT_AND_VARIANT_LABEL', 'RESOLVED'),
  ('31', 2, 'P027', '戶外淋浴袋（20L）', 'v-P027-0', NULL, 'EXACT_PRODUCT_AND_VARIANT_LABEL', 'RESOLVED'),
  ('32', 0, 'P029', '防蚊帳篷內帳（通用型）', 'v-P029-0', NULL, 'EXACT_PRODUCT_AND_VARIANT_LABEL', 'RESOLVED'),
  ('32', 1, 'P011', 'Snow Peak 客廳帳（象牙白）', 'v-P011-0', 'v-P011-0', 'EXACT_PRODUCT_AND_VARIANT_LABEL', 'RESOLVED'),
  ('32', 2, 'P008', '防水登山背包（森林綠 / 45L）', 'v-P008-1', NULL, 'EXACT_PRODUCT_AND_VARIANT_LABEL', 'RESOLVED'),
  ('33', 0, 'P025', '防水戶外手錶（GPS版）', 'v-P025-0', 'v-P025-0', 'EXACT_PRODUCT_AND_VARIANT_LABEL', 'RESOLVED'),
  ('33', 1, 'P009', '折疊桌椅組（鋁合金輕量版）', 'v-P009-0', NULL, 'EXACT_PRODUCT_AND_VARIANT_LABEL', 'RESOLVED'),
  ('34', 0, 'P007', 'LED 露營燈（暖白光）', 'v-P007-0', NULL, 'EXACT_PRODUCT_AND_VARIANT_LABEL', 'RESOLVED'),
  ('35', 0, 'P026', '輕量吊床（雙人）', 'v-P026-0', 'v-P026-0', 'EXACT_PRODUCT_AND_VARIANT_LABEL', 'RESOLVED'),
  ('36', 0, 'P026', '輕量吊床（雙人）', 'v-P026-0', NULL, 'EXACT_PRODUCT_AND_VARIANT_LABEL', 'RESOLVED'),
  ('37', 0, 'P011', 'Snow Peak 客廳帳（象牙白）', 'v-P011-0', NULL, 'EXACT_PRODUCT_AND_VARIANT_LABEL', 'RESOLVED'),
  ('38', 0, 'P016', '65L 重裝背包（岩石灰）', 'v-P016-0', 'v-P016-0', 'EXACT_PRODUCT_AND_VARIANT_LABEL', 'RESOLVED'),
  ('39', 0, 'P002', 'MSR 超輕量帳篷（沙漠卡其）', 'v-P002-0', 'v-P002-0', 'EXACT_PRODUCT_AND_VARIANT_LABEL', 'RESOLVED'),
  ('40', 0, 'P011', 'Snow Peak 客廳帳（象牙白）', 'v-P011-0', NULL, 'EXACT_PRODUCT_AND_VARIANT_LABEL', 'RESOLVED'),
  ('41', 0, 'P024', '碳纖維登山杖（一對）', 'v-P024-0', 'v-P024-0', 'EXACT_PRODUCT_AND_VARIANT_LABEL', 'RESOLVED'),
  ('42', 0, 'P014', '高背月亮椅（軍綠）', 'v-P014-0', 'v-P014-0', 'EXACT_PRODUCT_AND_VARIANT_LABEL', 'RESOLVED'),
  ('42', 1, 'P004', '羽絨睡袋（-10°C）', 'v-P004-0', NULL, 'EXACT_PRODUCT_AND_VARIANT_LABEL', 'RESOLVED'),
  ('43', 0, 'P022', '雙層防風外套（L號）', 'v-P022-0', NULL, 'EXACT_PRODUCT_AND_VARIANT_LABEL', 'RESOLVED'),
  ('44', 0, 'P022', '雙層防風外套（L號）', 'v-P022-0', 'v-P022-0', 'EXACT_PRODUCT_AND_VARIANT_LABEL', 'RESOLVED'),
  ('45', 0, 'P014', '高背月亮椅（軍綠）', 'v-P014-0', NULL, 'EXACT_PRODUCT_AND_VARIANT_LABEL', 'RESOLVED'),
  ('46', 0, 'P013', '折疊蛋捲桌（胡桃木紋）', 'v-P013-0', 'v-P013-0', 'EXACT_PRODUCT_AND_VARIANT_LABEL', 'RESOLVED'),
  ('47', 0, 'P027', '戶外淋浴袋（20L）', 'v-P027-0', 'v-P027-0', 'EXACT_PRODUCT_AND_VARIANT_LABEL', 'RESOLVED'),
  ('48', 0, 'P025', '防水戶外手錶（GPS版）', 'v-P025-0', 'v-P025-0', 'EXACT_PRODUCT_AND_VARIANT_LABEL', 'RESOLVED'),
  ('49', 0, 'P023', '快煮鍋 1.5L（不鏽鋼）', 'v-P023-0', NULL, 'EXACT_PRODUCT_AND_VARIANT_LABEL', 'RESOLVED'),
  ('50', 0, 'P030', '露營貼紙組（50入）', 'v-P030-0', NULL, 'EXACT_PRODUCT_AND_VARIANT_LABEL', 'RESOLVED'),
  ('50', 1, 'P007', 'LED 露營燈（暖白光）', 'v-P007-0', 'v-P007-0', 'EXACT_PRODUCT_AND_VARIANT_LABEL', 'RESOLVED'),
  ('51', 0, 'P023', '快煮鍋 1.5L（不鏽鋼）', 'v-P023-0', 'v-P023-0', 'EXACT_PRODUCT_AND_VARIANT_LABEL', 'RESOLVED'),
  ('51', 1, 'P005', 'Coleman 氣化爐（標準版）', 'v-P005-0', NULL, 'EXACT_PRODUCT_AND_VARIANT_LABEL', 'RESOLVED'),
  ('52', 0, 'P018', '大型天幕（4x4m）', 'v-P018-0', NULL, 'EXACT_PRODUCT_AND_VARIANT_LABEL', 'RESOLVED'),
  ('52', 1, 'P029', '防蚊帳篷內帳（通用型）', 'v-P029-0', 'v-P029-0', 'EXACT_PRODUCT_AND_VARIANT_LABEL', 'RESOLVED'),
  ('53', 0, 'P002', 'MSR 超輕量帳篷（沙漠卡其）', 'v-P002-0', 'v-P002-0', 'EXACT_PRODUCT_AND_VARIANT_LABEL', 'RESOLVED'),
  ('53', 1, 'P028', '折疊式焚火台（不鏽鋼）', 'v-P028-0', 'v-P028-0', 'EXACT_PRODUCT_AND_VARIANT_LABEL', 'RESOLVED'),
  ('54', 0, 'P009', '折疊桌椅組（鋁合金輕量版）', 'v-P009-0', 'v-P009-0', 'EXACT_PRODUCT_AND_VARIANT_LABEL', 'RESOLVED'),
  ('55', 0, 'P011', 'Snow Peak 客廳帳（象牙白）', 'v-P011-0', 'v-P011-0', 'EXACT_PRODUCT_AND_VARIANT_LABEL', 'RESOLVED'),
  ('56', 0, 'P016', '65L 重裝背包（岩石灰）', 'v-P016-0', NULL, 'EXACT_PRODUCT_AND_VARIANT_LABEL', 'RESOLVED'),
  ('57', 0, 'P012', '四季保暖睡袋（深藍 / M）', 'v-P012-0', 'v-P012-0', 'EXACT_PRODUCT_AND_VARIANT_LABEL', 'RESOLVED'),
  ('58', 0, 'P007', 'LED 露營燈（冷白光）', 'v-P007-1', NULL, 'EXACT_PRODUCT_AND_VARIANT_LABEL', 'RESOLVED'),
  ('59', 0, 'P027', '戶外淋浴袋（20L）', 'v-P027-0', 'v-P027-0', 'EXACT_PRODUCT_AND_VARIANT_LABEL', 'RESOLVED'),
  ('60', 0, 'P027', '戶外淋浴袋（20L）', 'v-P027-0', 'v-P027-0', 'EXACT_PRODUCT_AND_VARIANT_LABEL', 'RESOLVED'),
  ('61', 0, 'P021', '保冷冰桶 45L（深藍）', 'v-P021-0', 'v-P021-0', 'EXACT_PRODUCT_AND_VARIANT_LABEL', 'RESOLVED'),
  ('62', 0, 'P028', '折疊式焚火台（不鏽鋼）', 'v-P028-0', 'v-P028-0', 'EXACT_PRODUCT_AND_VARIANT_LABEL', 'RESOLVED'),
  ('63', 0, 'P028', '折疊式焚火台（不鏽鋼）', 'v-P028-0', NULL, 'EXACT_PRODUCT_AND_VARIANT_LABEL', 'RESOLVED'),
  ('63', 1, 'P015', '充電式頭燈（USB-C）', 'v-P015-0', 'v-P015-0', 'EXACT_PRODUCT_AND_VARIANT_LABEL', 'RESOLVED'),
  ('64', 0, 'P008', '防水登山背包（森林綠 / 45L）', 'v-P008-1', NULL, 'EXACT_PRODUCT_AND_VARIANT_LABEL', 'RESOLVED'),
  ('65', 0, 'P025', '防水戶外手錶（GPS版）', 'v-P025-0', NULL, 'EXACT_PRODUCT_AND_VARIANT_LABEL', 'RESOLVED'),
  ('66', 0, 'P028', '折疊式焚火台（不鏽鋼）', 'v-P028-0', 'v-P028-0', 'EXACT_PRODUCT_AND_VARIANT_LABEL', 'RESOLVED'),
  ('67', 0, 'P014', '高背月亮椅（軍綠）', 'v-P014-0', 'v-P014-0', 'EXACT_PRODUCT_AND_VARIANT_LABEL', 'RESOLVED'),
  ('68', 0, 'P010', '保溫壺 1L（消光黑）', 'v-P010-0', NULL, 'EXACT_PRODUCT_AND_VARIANT_LABEL', 'RESOLVED'),
  ('69', 0, 'P021', '保冷冰桶 45L（深藍）', 'v-P021-0', NULL, 'EXACT_PRODUCT_AND_VARIANT_LABEL', 'RESOLVED'),
  ('70', 0, 'P023', '快煮鍋 1.5L（不鏽鋼）', 'v-P023-0', NULL, 'EXACT_PRODUCT_AND_VARIANT_LABEL', 'RESOLVED'),
  ('70', 1, 'P021', '保冷冰桶 45L（深藍）', 'v-P021-0', 'v-P021-0', 'EXACT_PRODUCT_AND_VARIANT_LABEL', 'RESOLVED'),
  ('70', 2, 'P004', '羽絨睡袋（-10°C）', 'v-P004-0', NULL, 'EXACT_PRODUCT_AND_VARIANT_LABEL', 'RESOLVED'),
  ('71', 0, 'P027', '戶外淋浴袋（20L）', 'v-P027-0', 'v-P027-0', 'EXACT_PRODUCT_AND_VARIANT_LABEL', 'RESOLVED'),
  ('72', 0, 'P009', '折疊桌椅組（鋁合金輕量版）', 'v-P009-0', NULL, 'EXACT_PRODUCT_AND_VARIANT_LABEL', 'RESOLVED'),
  ('73', 0, 'P002', 'MSR 超輕量帳篷（沙漠卡其）', 'v-P002-0', 'v-P002-0', 'EXACT_PRODUCT_AND_VARIANT_LABEL', 'RESOLVED'),
  ('74', 0, 'P022', '雙層防風外套（L號）', 'v-P022-0', NULL, 'EXACT_PRODUCT_AND_VARIANT_LABEL', 'RESOLVED'),
  ('75', 0, 'P012', '四季保暖睡袋（深藍 / L）', 'v-P012-1', 'v-P012-1', 'EXACT_PRODUCT_AND_VARIANT_LABEL', 'RESOLVED'),
  ('76', 0, 'P029', '防蚊帳篷內帳（通用型）', 'v-P029-0', NULL, 'EXACT_PRODUCT_AND_VARIANT_LABEL', 'RESOLVED'),
  ('76', 1, 'P012', '四季保暖睡袋（深藍 / L）', 'v-P012-1', 'v-P012-1', 'EXACT_PRODUCT_AND_VARIANT_LABEL', 'RESOLVED'),
  ('76', 2, 'P021', '保冷冰桶 45L（深藍）', 'v-P021-0', 'v-P021-0', 'EXACT_PRODUCT_AND_VARIANT_LABEL', 'RESOLVED'),
  ('77', 0, 'P004', '羽絨睡袋（-10°C）', 'v-P004-0', 'v-P004-0', 'EXACT_PRODUCT_AND_VARIANT_LABEL', 'RESOLVED'),
  ('77', 1, 'P018', '大型天幕（4x4m）', 'v-P018-0', 'v-P018-0', 'EXACT_PRODUCT_AND_VARIANT_LABEL', 'RESOLVED'),
  ('77', 2, 'P018', '大型天幕（4x4m）', 'v-P018-0', NULL, 'EXACT_PRODUCT_AND_VARIANT_LABEL', 'RESOLVED'),
  ('78', 0, 'P004', '羽絨睡袋（-10°C）', 'v-P004-0', NULL, 'EXACT_PRODUCT_AND_VARIANT_LABEL', 'RESOLVED'),
  ('79', 0, 'P028', '折疊式焚火台（不鏽鋼）', 'v-P028-0', 'v-P028-0', 'EXACT_PRODUCT_AND_VARIANT_LABEL', 'RESOLVED'),
  ('79', 1, 'P003', '充氣式睡墊（L）', 'v-P003-2', NULL, 'EXACT_PRODUCT_AND_VARIANT_LABEL', 'RESOLVED'),
  ('79', 2, 'P028', '折疊式焚火台（不鏽鋼）', 'v-P028-0', 'v-P028-0', 'EXACT_PRODUCT_AND_VARIANT_LABEL', 'RESOLVED'),
  ('80', 0, 'P007', 'LED 露營燈（暖白光）', 'v-P007-0', NULL, 'EXACT_PRODUCT_AND_VARIANT_LABEL', 'RESOLVED'),
  ('80', 1, 'P009', '折疊桌椅組（鋁合金輕量版）', 'v-P009-0', 'v-P009-0', 'EXACT_PRODUCT_AND_VARIANT_LABEL', 'RESOLVED'),
  ('80', 2, 'P020', '行動電源站（500Wh）', 'v-P020-0', 'v-P020-0', 'EXACT_PRODUCT_AND_VARIANT_LABEL', 'RESOLVED'),
  ('81', 0, 'P001', 'Coleman 六人帳篷（太空灰）', 'v-P001-2', NULL, 'EXACT_PRODUCT_AND_VARIANT_LABEL', 'RESOLVED'),
  ('82', 0, 'P016', '65L 重裝背包（岩石灰）', 'v-P016-0', 'v-P016-0', 'EXACT_PRODUCT_AND_VARIANT_LABEL', 'RESOLVED'),
  ('83', 0, 'P019', '營柱與營繩組（標準套組）', 'v-P019-0', NULL, 'EXACT_PRODUCT_AND_VARIANT_LABEL', 'RESOLVED'),
  ('84', 0, 'P013', '折疊蛋捲桌（胡桃木紋）', 'v-P013-0', 'v-P013-0', 'EXACT_PRODUCT_AND_VARIANT_LABEL', 'RESOLVED'),
  ('85', 0, 'P022', '雙層防風外套（L號）', 'v-P022-0', NULL, 'EXACT_PRODUCT_AND_VARIANT_LABEL', 'RESOLVED'),
  ('86', 0, 'P020', '行動電源站（500Wh）', 'v-P020-0', 'v-P020-0', 'EXACT_PRODUCT_AND_VARIANT_LABEL', 'RESOLVED'),
  ('87', 0, 'P011', 'Snow Peak 客廳帳（象牙白）', 'v-P011-0', 'v-P011-0', 'EXACT_PRODUCT_AND_VARIANT_LABEL', 'RESOLVED'),
  ('88', 0, 'P002', 'MSR 超輕量帳篷（沙漠卡其）', 'v-P002-0', 'v-P002-0', 'EXACT_PRODUCT_AND_VARIANT_LABEL', 'RESOLVED'),
  ('89', 0, 'P010', '保溫壺 1L（消光黑）', 'v-P010-0', NULL, 'EXACT_PRODUCT_AND_VARIANT_LABEL', 'RESOLVED'),
  ('90', 0, 'P012', '四季保暖睡袋（深藍 / M）', 'v-P012-0', 'v-P012-0', 'EXACT_PRODUCT_AND_VARIANT_LABEL', 'RESOLVED'),
  ('91', 0, 'P021', '保冷冰桶 45L（深藍）', 'v-P021-0', NULL, 'EXACT_PRODUCT_AND_VARIANT_LABEL', 'RESOLVED'),
  ('92', 0, 'P018', '大型天幕（4x4m）', 'v-P018-0', NULL, 'EXACT_PRODUCT_AND_VARIANT_LABEL', 'RESOLVED'),
  ('93', 0, 'P015', '充電式頭燈（USB-C）', 'v-P015-0', NULL, 'EXACT_PRODUCT_AND_VARIANT_LABEL', 'RESOLVED'),
  ('94', 0, 'P025', '防水戶外手錶（GPS版）', 'v-P025-0', NULL, 'EXACT_PRODUCT_AND_VARIANT_LABEL', 'RESOLVED'),
  ('95', 0, 'P018', '大型天幕（4x4m）', 'v-P018-0', NULL, 'EXACT_PRODUCT_AND_VARIANT_LABEL', 'RESOLVED'),
  ('96', 0, 'P013', '折疊蛋捲桌（胡桃木紋）', 'v-P013-0', 'v-P013-0', 'EXACT_PRODUCT_AND_VARIANT_LABEL', 'RESOLVED'),
  ('97', 0, 'P010', '保溫壺 1L（消光黑）', 'v-P010-0', NULL, 'EXACT_PRODUCT_AND_VARIANT_LABEL', 'APPROVED_QUARANTINE_NO_RENTAL_VARIANT'),
  ('98', 0, 'P029', '防蚊帳篷內帳（通用型）', 'v-P029-0', 'v-P029-0', 'EXACT_PRODUCT_AND_VARIANT_LABEL', 'RESOLVED'),
  ('99', 0, 'P025', '防水戶外手錶（GPS版）', 'v-P025-0', NULL, 'EXACT_PRODUCT_AND_VARIANT_LABEL', 'RESOLVED'),
  ('100', 0, 'P015', '充電式頭燈（USB-C）', 'v-P015-0', 'v-P015-0', 'EXACT_PRODUCT_AND_VARIANT_LABEL', 'RESOLVED'),
  ('100', 1, 'P014', '高背月亮椅（軍綠）', 'v-P014-0', NULL, 'EXACT_PRODUCT_AND_VARIANT_LABEL', 'RESOLVED'),
  ('100', 2, 'P005', 'Coleman 氣化爐（標準版）', 'v-P005-0', 'v-P005-0', 'EXACT_PRODUCT_AND_VARIANT_LABEL', 'RESOLVED');

INSERT INTO inventory_movements (id, movement_no, legacy_movement_id, inventory_domain, movement_type, status, source_location_id, destination_location_id, employee_id, reason, occurred_at, posted_at, created_at, updated_at) VALUES
  (1, 'LEGACY-0001-01', '1', 'rental', '損耗', 'posted', 'C001', NULL, '01', 'Migrated legacy movement 1: 損耗', '2026-03-05 09:00:07'::timestamp AT TIME ZONE 'Asia/Taipei', '2026-03-05 09:00:07'::timestamp AT TIME ZONE 'Asia/Taipei', '2026-03-05 09:00:07'::timestamp AT TIME ZONE 'Asia/Taipei', '2026-03-05 09:00:07'::timestamp AT TIME ZONE 'Asia/Taipei'),
  (2, 'LEGACY-0002-01', '2', 'store', '移轉', 'posted', 'branch-001', 'branch-002', '03', 'Migrated legacy movement 2: 移轉', '2026-03-09 09:00:07'::timestamp AT TIME ZONE 'Asia/Taipei', '2026-03-09 09:00:07'::timestamp AT TIME ZONE 'Asia/Taipei', '2026-03-09 09:00:07'::timestamp AT TIME ZONE 'Asia/Taipei', '2026-03-09 09:00:07'::timestamp AT TIME ZONE 'Asia/Taipei'),
  (3, 'LEGACY-0003-01', '3', 'rental', '進貨', 'posted', NULL, 'C001', '03', 'Migrated legacy movement 3: 進貨', '2026-03-10 09:00:07'::timestamp AT TIME ZONE 'Asia/Taipei', '2026-03-10 09:00:07'::timestamp AT TIME ZONE 'Asia/Taipei', '2026-03-10 09:00:07'::timestamp AT TIME ZONE 'Asia/Taipei', '2026-03-10 09:00:07'::timestamp AT TIME ZONE 'Asia/Taipei'),
  (4, 'LEGACY-0003-02', '3', 'rental', '營地互轉', 'posted', 'C005', 'C003', '03', 'Migrated legacy movement 3: 營地互轉', '2026-03-10 09:00:07'::timestamp AT TIME ZONE 'Asia/Taipei', '2026-03-10 09:00:07'::timestamp AT TIME ZONE 'Asia/Taipei', '2026-03-10 09:00:07'::timestamp AT TIME ZONE 'Asia/Taipei', '2026-03-10 09:00:07'::timestamp AT TIME ZONE 'Asia/Taipei'),
  (5, 'LEGACY-0003-03', '3', 'store', '移轉', 'posted', 'main', 'branch-003', '03', 'Migrated legacy movement 3: 移轉', '2026-03-10 09:00:07'::timestamp AT TIME ZONE 'Asia/Taipei', '2026-03-10 09:00:07'::timestamp AT TIME ZONE 'Asia/Taipei', '2026-03-10 09:00:07'::timestamp AT TIME ZONE 'Asia/Taipei', '2026-03-10 09:00:07'::timestamp AT TIME ZONE 'Asia/Taipei'),
  (6, 'LEGACY-0004-01', '4', 'store', '移轉', 'posted', 'branch-003', 'branch-001', '03', 'Migrated legacy movement 4: 移轉', '2026-03-10 09:47:20'::timestamp AT TIME ZONE 'Asia/Taipei', '2026-03-10 09:47:20'::timestamp AT TIME ZONE 'Asia/Taipei', '2026-03-10 09:47:20'::timestamp AT TIME ZONE 'Asia/Taipei', '2026-03-10 09:47:20'::timestamp AT TIME ZONE 'Asia/Taipei'),
  (7, 'LEGACY-0004-02', '4', 'store', '進貨', 'posted', NULL, 'main', '03', 'Migrated legacy movement 4: 進貨', '2026-03-10 09:47:20'::timestamp AT TIME ZONE 'Asia/Taipei', '2026-03-10 09:47:20'::timestamp AT TIME ZONE 'Asia/Taipei', '2026-03-10 09:47:20'::timestamp AT TIME ZONE 'Asia/Taipei', '2026-03-10 09:47:20'::timestamp AT TIME ZONE 'Asia/Taipei'),
  (8, 'LEGACY-0004-03', '4', 'store', 'conversion_out', 'posted', 'branch-003', NULL, '03', 'Migrated legacy movement 4: conversion_out', '2026-03-10 09:47:20'::timestamp AT TIME ZONE 'Asia/Taipei', '2026-03-10 09:47:20'::timestamp AT TIME ZONE 'Asia/Taipei', '2026-03-10 09:47:20'::timestamp AT TIME ZONE 'Asia/Taipei', '2026-03-10 09:47:20'::timestamp AT TIME ZONE 'Asia/Taipei'),
  (9, 'LEGACY-0004-04', '4', 'rental', 'conversion_in', 'posted', NULL, 'C003', '03', 'Migrated legacy movement 4: conversion_in', '2026-03-10 09:47:20'::timestamp AT TIME ZONE 'Asia/Taipei', '2026-03-10 09:47:20'::timestamp AT TIME ZONE 'Asia/Taipei', '2026-03-10 09:47:20'::timestamp AT TIME ZONE 'Asia/Taipei', '2026-03-10 09:47:20'::timestamp AT TIME ZONE 'Asia/Taipei'),
  (10, 'LEGACY-0005-01', '5', 'store', '損耗', 'posted', 'branch-002', NULL, '01', 'Migrated legacy movement 5: 損耗', '2026-03-10 10:34:33'::timestamp AT TIME ZONE 'Asia/Taipei', '2026-03-10 10:34:33'::timestamp AT TIME ZONE 'Asia/Taipei', '2026-03-10 10:34:33'::timestamp AT TIME ZONE 'Asia/Taipei', '2026-03-10 10:34:33'::timestamp AT TIME ZONE 'Asia/Taipei'),
  (11, 'LEGACY-0006-01', '6', 'store', '移轉', 'posted', 'branch-003', 'branch-001', '01', 'Migrated legacy movement 6: 移轉', '2026-03-11 09:00:07'::timestamp AT TIME ZONE 'Asia/Taipei', '2026-03-11 09:00:07'::timestamp AT TIME ZONE 'Asia/Taipei', '2026-03-11 09:00:07'::timestamp AT TIME ZONE 'Asia/Taipei', '2026-03-11 09:00:07'::timestamp AT TIME ZONE 'Asia/Taipei'),
  (12, 'LEGACY-0007-01', '7', 'store', 'conversion_out', 'posted', 'main', NULL, '03', 'Migrated legacy movement 7: conversion_out', '2026-03-11 09:47:20'::timestamp AT TIME ZONE 'Asia/Taipei', '2026-03-11 09:47:20'::timestamp AT TIME ZONE 'Asia/Taipei', '2026-03-11 09:47:20'::timestamp AT TIME ZONE 'Asia/Taipei', '2026-03-11 09:47:20'::timestamp AT TIME ZONE 'Asia/Taipei'),
  (13, 'LEGACY-0007-02', '7', 'rental', 'conversion_in', 'posted', NULL, 'C002', '03', 'Migrated legacy movement 7: conversion_in', '2026-03-11 09:47:20'::timestamp AT TIME ZONE 'Asia/Taipei', '2026-03-11 09:47:20'::timestamp AT TIME ZONE 'Asia/Taipei', '2026-03-11 09:47:20'::timestamp AT TIME ZONE 'Asia/Taipei', '2026-03-11 09:47:20'::timestamp AT TIME ZONE 'Asia/Taipei'),
  (14, 'LEGACY-0008-01', '8', 'store', '進貨', 'posted', NULL, 'main', '03', 'Migrated legacy movement 8: 進貨', '2026-03-13 09:00:07'::timestamp AT TIME ZONE 'Asia/Taipei', '2026-03-13 09:00:07'::timestamp AT TIME ZONE 'Asia/Taipei', '2026-03-13 09:00:07'::timestamp AT TIME ZONE 'Asia/Taipei', '2026-03-13 09:00:07'::timestamp AT TIME ZONE 'Asia/Taipei'),
  (15, 'LEGACY-0008-02', '8', 'store', 'conversion_out', 'posted', 'main', NULL, '03', 'Migrated legacy movement 8: conversion_out', '2026-03-13 09:00:07'::timestamp AT TIME ZONE 'Asia/Taipei', '2026-03-13 09:00:07'::timestamp AT TIME ZONE 'Asia/Taipei', '2026-03-13 09:00:07'::timestamp AT TIME ZONE 'Asia/Taipei', '2026-03-13 09:00:07'::timestamp AT TIME ZONE 'Asia/Taipei'),
  (16, 'LEGACY-0008-03', '8', 'rental', 'conversion_in', 'posted', NULL, 'C003', '03', 'Migrated legacy movement 8: conversion_in', '2026-03-13 09:00:07'::timestamp AT TIME ZONE 'Asia/Taipei', '2026-03-13 09:00:07'::timestamp AT TIME ZONE 'Asia/Taipei', '2026-03-13 09:00:07'::timestamp AT TIME ZONE 'Asia/Taipei', '2026-03-13 09:00:07'::timestamp AT TIME ZONE 'Asia/Taipei'),
  (17, 'LEGACY-0009-01', '9', 'store', 'conversion_out', 'posted', 'main', NULL, '02', 'Migrated legacy movement 9: conversion_out', '2026-03-14 09:00:07'::timestamp AT TIME ZONE 'Asia/Taipei', '2026-03-14 09:00:07'::timestamp AT TIME ZONE 'Asia/Taipei', '2026-03-14 09:00:07'::timestamp AT TIME ZONE 'Asia/Taipei', '2026-03-14 09:00:07'::timestamp AT TIME ZONE 'Asia/Taipei'),
  (18, 'LEGACY-0009-02', '9', 'rental', 'conversion_in', 'posted', NULL, 'C006', '02', 'Migrated legacy movement 9: conversion_in', '2026-03-14 09:00:07'::timestamp AT TIME ZONE 'Asia/Taipei', '2026-03-14 09:00:07'::timestamp AT TIME ZONE 'Asia/Taipei', '2026-03-14 09:00:07'::timestamp AT TIME ZONE 'Asia/Taipei', '2026-03-14 09:00:07'::timestamp AT TIME ZONE 'Asia/Taipei'),
  (19, 'LEGACY-0010-01', '10', 'store', '損耗', 'posted', 'branch-003', NULL, '03', 'Migrated legacy movement 10: 損耗', '2026-03-14 09:47:20'::timestamp AT TIME ZONE 'Asia/Taipei', '2026-03-14 09:47:20'::timestamp AT TIME ZONE 'Asia/Taipei', '2026-03-14 09:47:20'::timestamp AT TIME ZONE 'Asia/Taipei', '2026-03-14 09:47:20'::timestamp AT TIME ZONE 'Asia/Taipei'),
  (20, 'LEGACY-0011-01', '11', 'store', '移轉', 'posted', 'branch-001', 'branch-003', '02', 'Migrated legacy movement 11: 移轉', '2026-03-15 09:00:07'::timestamp AT TIME ZONE 'Asia/Taipei', '2026-03-15 09:00:07'::timestamp AT TIME ZONE 'Asia/Taipei', '2026-03-15 09:00:07'::timestamp AT TIME ZONE 'Asia/Taipei', '2026-03-15 09:00:07'::timestamp AT TIME ZONE 'Asia/Taipei'),
  (21, 'LEGACY-0011-02', '11', 'rental', '營地互轉', 'posted', 'C005', 'C004', '02', 'Migrated legacy movement 11: 營地互轉', '2026-03-15 09:00:07'::timestamp AT TIME ZONE 'Asia/Taipei', '2026-03-15 09:00:07'::timestamp AT TIME ZONE 'Asia/Taipei', '2026-03-15 09:00:07'::timestamp AT TIME ZONE 'Asia/Taipei', '2026-03-15 09:00:07'::timestamp AT TIME ZONE 'Asia/Taipei'),
  (22, 'LEGACY-0012-01', '12', 'store', '進貨', 'posted', NULL, 'main', '02', 'Migrated legacy movement 12: 進貨', '2026-03-16 09:00:07'::timestamp AT TIME ZONE 'Asia/Taipei', '2026-03-16 09:00:07'::timestamp AT TIME ZONE 'Asia/Taipei', '2026-03-16 09:00:07'::timestamp AT TIME ZONE 'Asia/Taipei', '2026-03-16 09:00:07'::timestamp AT TIME ZONE 'Asia/Taipei'),
  (23, 'LEGACY-0012-02', '12', 'rental', '營地互轉', 'posted', 'C005', 'C002', '02', 'Migrated legacy movement 12: 營地互轉', '2026-03-16 09:00:07'::timestamp AT TIME ZONE 'Asia/Taipei', '2026-03-16 09:00:07'::timestamp AT TIME ZONE 'Asia/Taipei', '2026-03-16 09:00:07'::timestamp AT TIME ZONE 'Asia/Taipei', '2026-03-16 09:00:07'::timestamp AT TIME ZONE 'Asia/Taipei'),
  (24, 'LEGACY-0012-03', '12', 'store', 'conversion_out', 'posted', 'branch-001', NULL, '02', 'Migrated legacy movement 12: conversion_out', '2026-03-16 09:00:07'::timestamp AT TIME ZONE 'Asia/Taipei', '2026-03-16 09:00:07'::timestamp AT TIME ZONE 'Asia/Taipei', '2026-03-16 09:00:07'::timestamp AT TIME ZONE 'Asia/Taipei', '2026-03-16 09:00:07'::timestamp AT TIME ZONE 'Asia/Taipei'),
  (25, 'LEGACY-0012-04', '12', 'rental', 'conversion_in', 'posted', NULL, 'C005', '02', 'Migrated legacy movement 12: conversion_in', '2026-03-16 09:00:07'::timestamp AT TIME ZONE 'Asia/Taipei', '2026-03-16 09:00:07'::timestamp AT TIME ZONE 'Asia/Taipei', '2026-03-16 09:00:07'::timestamp AT TIME ZONE 'Asia/Taipei', '2026-03-16 09:00:07'::timestamp AT TIME ZONE 'Asia/Taipei'),
  (26, 'LEGACY-0013-01', '13', 'store', '進貨', 'posted', NULL, 'main', '03', 'Migrated legacy movement 13: 進貨', '2026-03-17 09:00:07'::timestamp AT TIME ZONE 'Asia/Taipei', '2026-03-17 09:00:07'::timestamp AT TIME ZONE 'Asia/Taipei', '2026-03-17 09:00:07'::timestamp AT TIME ZONE 'Asia/Taipei', '2026-03-17 09:00:07'::timestamp AT TIME ZONE 'Asia/Taipei'),
  (27, 'LEGACY-0013-02', '13', 'store', '移轉', 'posted', 'branch-002', 'branch-001', '03', 'Migrated legacy movement 13: 移轉', '2026-03-17 09:00:07'::timestamp AT TIME ZONE 'Asia/Taipei', '2026-03-17 09:00:07'::timestamp AT TIME ZONE 'Asia/Taipei', '2026-03-17 09:00:07'::timestamp AT TIME ZONE 'Asia/Taipei', '2026-03-17 09:00:07'::timestamp AT TIME ZONE 'Asia/Taipei'),
  (28, 'LEGACY-0014-01', '14', 'rental', '營地互轉', 'posted', 'C005', 'C003', '02', 'Migrated legacy movement 14: 營地互轉', '2026-03-17 09:47:20'::timestamp AT TIME ZONE 'Asia/Taipei', '2026-03-17 09:47:20'::timestamp AT TIME ZONE 'Asia/Taipei', '2026-03-17 09:47:20'::timestamp AT TIME ZONE 'Asia/Taipei', '2026-03-17 09:47:20'::timestamp AT TIME ZONE 'Asia/Taipei'),
  (29, 'LEGACY-0015-01', '15', 'rental', '損耗', 'posted', 'C001', NULL, '02', 'Migrated legacy movement 15: 損耗', '2026-03-19 09:00:07'::timestamp AT TIME ZONE 'Asia/Taipei', '2026-03-19 09:00:07'::timestamp AT TIME ZONE 'Asia/Taipei', '2026-03-19 09:00:07'::timestamp AT TIME ZONE 'Asia/Taipei', '2026-03-19 09:00:07'::timestamp AT TIME ZONE 'Asia/Taipei'),
  (30, 'LEGACY-0015-02', '15', 'store', '進貨', 'posted', NULL, 'main', '02', 'Migrated legacy movement 15: 進貨', '2026-03-19 09:00:07'::timestamp AT TIME ZONE 'Asia/Taipei', '2026-03-19 09:00:07'::timestamp AT TIME ZONE 'Asia/Taipei', '2026-03-19 09:00:07'::timestamp AT TIME ZONE 'Asia/Taipei', '2026-03-19 09:00:07'::timestamp AT TIME ZONE 'Asia/Taipei'),
  (31, 'LEGACY-0015-03', '15', 'rental', '營地互轉', 'posted', 'C005', 'C003', '02', 'Migrated legacy movement 15: 營地互轉', '2026-03-19 09:00:07'::timestamp AT TIME ZONE 'Asia/Taipei', '2026-03-19 09:00:07'::timestamp AT TIME ZONE 'Asia/Taipei', '2026-03-19 09:00:07'::timestamp AT TIME ZONE 'Asia/Taipei', '2026-03-19 09:00:07'::timestamp AT TIME ZONE 'Asia/Taipei'),
  (32, 'LEGACY-0016-01', '16', 'store', '進貨', 'posted', NULL, 'main', '03', 'Migrated legacy movement 16: 進貨', '2026-03-20 09:00:07'::timestamp AT TIME ZONE 'Asia/Taipei', '2026-03-20 09:00:07'::timestamp AT TIME ZONE 'Asia/Taipei', '2026-03-20 09:00:07'::timestamp AT TIME ZONE 'Asia/Taipei', '2026-03-20 09:00:07'::timestamp AT TIME ZONE 'Asia/Taipei'),
  (33, 'LEGACY-0017-01', '17', 'rental', '損耗', 'posted', 'C006', NULL, '01', 'Migrated legacy movement 17: 損耗', '2026-03-20 09:47:20'::timestamp AT TIME ZONE 'Asia/Taipei', '2026-03-20 09:47:20'::timestamp AT TIME ZONE 'Asia/Taipei', '2026-03-20 09:47:20'::timestamp AT TIME ZONE 'Asia/Taipei', '2026-03-20 09:47:20'::timestamp AT TIME ZONE 'Asia/Taipei'),
  (34, 'LEGACY-0018-01', '18', 'store', '移轉', 'posted', 'branch-002', 'branch-003', '03', 'Migrated legacy movement 18: 移轉', '2026-03-21 09:00:07'::timestamp AT TIME ZONE 'Asia/Taipei', '2026-03-21 09:00:07'::timestamp AT TIME ZONE 'Asia/Taipei', '2026-03-21 09:00:07'::timestamp AT TIME ZONE 'Asia/Taipei', '2026-03-21 09:00:07'::timestamp AT TIME ZONE 'Asia/Taipei'),
  (35, 'LEGACY-0018-02', '18', 'store', 'conversion_out', 'posted', 'branch-001', NULL, '03', 'Migrated legacy movement 18: conversion_out', '2026-03-21 09:00:07'::timestamp AT TIME ZONE 'Asia/Taipei', '2026-03-21 09:00:07'::timestamp AT TIME ZONE 'Asia/Taipei', '2026-03-21 09:00:07'::timestamp AT TIME ZONE 'Asia/Taipei', '2026-03-21 09:00:07'::timestamp AT TIME ZONE 'Asia/Taipei'),
  (36, 'LEGACY-0018-03', '18', 'rental', 'conversion_in', 'posted', NULL, 'C002', '03', 'Migrated legacy movement 18: conversion_in', '2026-03-21 09:00:07'::timestamp AT TIME ZONE 'Asia/Taipei', '2026-03-21 09:00:07'::timestamp AT TIME ZONE 'Asia/Taipei', '2026-03-21 09:00:07'::timestamp AT TIME ZONE 'Asia/Taipei', '2026-03-21 09:00:07'::timestamp AT TIME ZONE 'Asia/Taipei'),
  (37, 'LEGACY-0019-01', '19', 'rental', '進貨', 'posted', NULL, 'C001', '02', 'Migrated legacy movement 19: 進貨', '2026-03-22 09:00:07'::timestamp AT TIME ZONE 'Asia/Taipei', '2026-03-22 09:00:07'::timestamp AT TIME ZONE 'Asia/Taipei', '2026-03-22 09:00:07'::timestamp AT TIME ZONE 'Asia/Taipei', '2026-03-22 09:00:07'::timestamp AT TIME ZONE 'Asia/Taipei'),
  (38, 'LEGACY-0020-01', '20', 'rental', '損耗', 'posted', 'C004', NULL, '01', 'Migrated legacy movement 20: 損耗', '2026-03-26 09:00:07'::timestamp AT TIME ZONE 'Asia/Taipei', '2026-03-26 09:00:07'::timestamp AT TIME ZONE 'Asia/Taipei', '2026-03-26 09:00:07'::timestamp AT TIME ZONE 'Asia/Taipei', '2026-03-26 09:00:07'::timestamp AT TIME ZONE 'Asia/Taipei'),
  (39, 'LEGACY-0020-02', '20', 'store', '移轉', 'posted', 'branch-002', 'branch-001', '01', 'Migrated legacy movement 20: 移轉', '2026-03-26 09:00:07'::timestamp AT TIME ZONE 'Asia/Taipei', '2026-03-26 09:00:07'::timestamp AT TIME ZONE 'Asia/Taipei', '2026-03-26 09:00:07'::timestamp AT TIME ZONE 'Asia/Taipei', '2026-03-26 09:00:07'::timestamp AT TIME ZONE 'Asia/Taipei'),
  (40, 'LEGACY-0020-03', '20', 'store', 'conversion_out', 'posted', 'main', NULL, '01', 'Migrated legacy movement 20: conversion_out', '2026-03-26 09:00:07'::timestamp AT TIME ZONE 'Asia/Taipei', '2026-03-26 09:00:07'::timestamp AT TIME ZONE 'Asia/Taipei', '2026-03-26 09:00:07'::timestamp AT TIME ZONE 'Asia/Taipei', '2026-03-26 09:00:07'::timestamp AT TIME ZONE 'Asia/Taipei'),
  (41, 'LEGACY-0020-04', '20', 'rental', 'conversion_in', 'posted', NULL, 'C002', '01', 'Migrated legacy movement 20: conversion_in', '2026-03-26 09:00:07'::timestamp AT TIME ZONE 'Asia/Taipei', '2026-03-26 09:00:07'::timestamp AT TIME ZONE 'Asia/Taipei', '2026-03-26 09:00:07'::timestamp AT TIME ZONE 'Asia/Taipei', '2026-03-26 09:00:07'::timestamp AT TIME ZONE 'Asia/Taipei'),
  (42, 'LEGACY-0021-01', '21', 'store', '進貨', 'posted', NULL, 'main', '01', 'Migrated legacy movement 21: 進貨', '2026-03-27 09:00:07'::timestamp AT TIME ZONE 'Asia/Taipei', '2026-03-27 09:00:07'::timestamp AT TIME ZONE 'Asia/Taipei', '2026-03-27 09:00:07'::timestamp AT TIME ZONE 'Asia/Taipei', '2026-03-27 09:00:07'::timestamp AT TIME ZONE 'Asia/Taipei'),
  (43, 'LEGACY-0022-01', '22', 'store', 'conversion_out', 'posted', 'main', NULL, '03', 'Migrated legacy movement 22: conversion_out', '2026-03-27 09:47:20'::timestamp AT TIME ZONE 'Asia/Taipei', '2026-03-27 09:47:20'::timestamp AT TIME ZONE 'Asia/Taipei', '2026-03-27 09:47:20'::timestamp AT TIME ZONE 'Asia/Taipei', '2026-03-27 09:47:20'::timestamp AT TIME ZONE 'Asia/Taipei'),
  (44, 'LEGACY-0022-02', '22', 'rental', 'conversion_in', 'posted', NULL, 'C005', '03', 'Migrated legacy movement 22: conversion_in', '2026-03-27 09:47:20'::timestamp AT TIME ZONE 'Asia/Taipei', '2026-03-27 09:47:20'::timestamp AT TIME ZONE 'Asia/Taipei', '2026-03-27 09:47:20'::timestamp AT TIME ZONE 'Asia/Taipei', '2026-03-27 09:47:20'::timestamp AT TIME ZONE 'Asia/Taipei'),
  (45, 'LEGACY-0023-01', '23', 'rental', '營地互轉', 'posted', 'C003', 'C002', '03', 'Migrated legacy movement 23: 營地互轉', '2026-03-29 09:00:07'::timestamp AT TIME ZONE 'Asia/Taipei', '2026-03-29 09:00:07'::timestamp AT TIME ZONE 'Asia/Taipei', '2026-03-29 09:00:07'::timestamp AT TIME ZONE 'Asia/Taipei', '2026-03-29 09:00:07'::timestamp AT TIME ZONE 'Asia/Taipei'),
  (46, 'LEGACY-0023-02', '23', 'store', '移轉', 'posted', 'branch-002', 'main', '03', 'Migrated legacy movement 23: 移轉', '2026-03-29 09:00:07'::timestamp AT TIME ZONE 'Asia/Taipei', '2026-03-29 09:00:07'::timestamp AT TIME ZONE 'Asia/Taipei', '2026-03-29 09:00:07'::timestamp AT TIME ZONE 'Asia/Taipei', '2026-03-29 09:00:07'::timestamp AT TIME ZONE 'Asia/Taipei'),
  (47, 'LEGACY-0023-03', '23', 'store', '損耗', 'posted', 'branch-002', NULL, '03', 'Migrated legacy movement 23: 損耗', '2026-03-29 09:00:07'::timestamp AT TIME ZONE 'Asia/Taipei', '2026-03-29 09:00:07'::timestamp AT TIME ZONE 'Asia/Taipei', '2026-03-29 09:00:07'::timestamp AT TIME ZONE 'Asia/Taipei', '2026-03-29 09:00:07'::timestamp AT TIME ZONE 'Asia/Taipei'),
  (48, 'LEGACY-0024-01', '24', 'rental', '損耗', 'posted', 'C001', NULL, '03', 'Migrated legacy movement 24: 損耗', '2026-03-31 09:00:07'::timestamp AT TIME ZONE 'Asia/Taipei', '2026-03-31 09:00:07'::timestamp AT TIME ZONE 'Asia/Taipei', '2026-03-31 09:00:07'::timestamp AT TIME ZONE 'Asia/Taipei', '2026-03-31 09:00:07'::timestamp AT TIME ZONE 'Asia/Taipei'),
  (49, 'LEGACY-0025-01', '25', 'rental', '損耗', 'posted', 'C003', NULL, '02', 'Migrated legacy movement 25: 損耗', '2026-04-01 09:00:07'::timestamp AT TIME ZONE 'Asia/Taipei', '2026-04-01 09:00:07'::timestamp AT TIME ZONE 'Asia/Taipei', '2026-04-01 09:00:07'::timestamp AT TIME ZONE 'Asia/Taipei', '2026-04-01 09:00:07'::timestamp AT TIME ZONE 'Asia/Taipei'),
  (50, 'LEGACY-0026-01', '26', 'store', '移轉', 'posted', 'branch-003', 'main', '01', 'Migrated legacy movement 26: 移轉', '2026-04-04 09:00:07'::timestamp AT TIME ZONE 'Asia/Taipei', '2026-04-04 09:00:07'::timestamp AT TIME ZONE 'Asia/Taipei', '2026-04-04 09:00:07'::timestamp AT TIME ZONE 'Asia/Taipei', '2026-04-04 09:00:07'::timestamp AT TIME ZONE 'Asia/Taipei'),
  (51, 'LEGACY-0027-01', '27', 'store', '移轉', 'posted', 'branch-002', 'main', '01', 'Migrated legacy movement 27: 移轉', '2026-04-05 09:00:07'::timestamp AT TIME ZONE 'Asia/Taipei', '2026-04-05 09:00:07'::timestamp AT TIME ZONE 'Asia/Taipei', '2026-04-05 09:00:07'::timestamp AT TIME ZONE 'Asia/Taipei', '2026-04-05 09:00:07'::timestamp AT TIME ZONE 'Asia/Taipei'),
  (52, 'LEGACY-0028-01', '28', 'store', 'conversion_out', 'posted', 'branch-003', NULL, '03', 'Migrated legacy movement 28: conversion_out', '2026-04-07 09:00:07'::timestamp AT TIME ZONE 'Asia/Taipei', '2026-04-07 09:00:07'::timestamp AT TIME ZONE 'Asia/Taipei', '2026-04-07 09:00:07'::timestamp AT TIME ZONE 'Asia/Taipei', '2026-04-07 09:00:07'::timestamp AT TIME ZONE 'Asia/Taipei'),
  (53, 'LEGACY-0028-02', '28', 'rental', 'conversion_in', 'posted', NULL, 'C005', '03', 'Migrated legacy movement 28: conversion_in', '2026-04-07 09:00:07'::timestamp AT TIME ZONE 'Asia/Taipei', '2026-04-07 09:00:07'::timestamp AT TIME ZONE 'Asia/Taipei', '2026-04-07 09:00:07'::timestamp AT TIME ZONE 'Asia/Taipei', '2026-04-07 09:00:07'::timestamp AT TIME ZONE 'Asia/Taipei'),
  (54, 'LEGACY-0029-01', '29', 'rental', '營地互轉', 'posted', 'C002', 'C004', '01', 'Migrated legacy movement 29: 營地互轉', '2026-04-07 09:47:20'::timestamp AT TIME ZONE 'Asia/Taipei', '2026-04-07 09:47:20'::timestamp AT TIME ZONE 'Asia/Taipei', '2026-04-07 09:47:20'::timestamp AT TIME ZONE 'Asia/Taipei', '2026-04-07 09:47:20'::timestamp AT TIME ZONE 'Asia/Taipei'),
  (55, 'LEGACY-0029-02', '29', 'rental', '營地互轉', 'posted', 'C003', 'C004', '01', 'Migrated legacy movement 29: 營地互轉', '2026-04-07 09:47:20'::timestamp AT TIME ZONE 'Asia/Taipei', '2026-04-07 09:47:20'::timestamp AT TIME ZONE 'Asia/Taipei', '2026-04-07 09:47:20'::timestamp AT TIME ZONE 'Asia/Taipei', '2026-04-07 09:47:20'::timestamp AT TIME ZONE 'Asia/Taipei'),
  (56, 'LEGACY-0029-03', '29', 'store', 'conversion_out', 'posted', 'branch-001', NULL, '01', 'Migrated legacy movement 29: conversion_out', '2026-04-07 09:47:20'::timestamp AT TIME ZONE 'Asia/Taipei', '2026-04-07 09:47:20'::timestamp AT TIME ZONE 'Asia/Taipei', '2026-04-07 09:47:20'::timestamp AT TIME ZONE 'Asia/Taipei', '2026-04-07 09:47:20'::timestamp AT TIME ZONE 'Asia/Taipei'),
  (57, 'LEGACY-0029-04', '29', 'rental', 'conversion_in', 'posted', NULL, 'C003', '01', 'Migrated legacy movement 29: conversion_in', '2026-04-07 09:47:20'::timestamp AT TIME ZONE 'Asia/Taipei', '2026-04-07 09:47:20'::timestamp AT TIME ZONE 'Asia/Taipei', '2026-04-07 09:47:20'::timestamp AT TIME ZONE 'Asia/Taipei', '2026-04-07 09:47:20'::timestamp AT TIME ZONE 'Asia/Taipei'),
  (58, 'LEGACY-0030-01', '30', 'store', '損耗', 'posted', 'branch-001', NULL, '03', 'Migrated legacy movement 30: 損耗', '2026-04-11 09:00:07'::timestamp AT TIME ZONE 'Asia/Taipei', '2026-04-11 09:00:07'::timestamp AT TIME ZONE 'Asia/Taipei', '2026-04-11 09:00:07'::timestamp AT TIME ZONE 'Asia/Taipei', '2026-04-11 09:00:07'::timestamp AT TIME ZONE 'Asia/Taipei'),
  (59, 'LEGACY-0031-01', '31', 'store', '移轉', 'posted', 'main', 'branch-001', '03', 'Migrated legacy movement 31: 移轉', '2026-04-13 09:00:07'::timestamp AT TIME ZONE 'Asia/Taipei', '2026-04-13 09:00:07'::timestamp AT TIME ZONE 'Asia/Taipei', '2026-04-13 09:00:07'::timestamp AT TIME ZONE 'Asia/Taipei', '2026-04-13 09:00:07'::timestamp AT TIME ZONE 'Asia/Taipei'),
  (60, 'LEGACY-0031-02', '31', 'rental', '損耗', 'posted', 'C004', NULL, '03', 'Migrated legacy movement 31: 損耗', '2026-04-13 09:00:07'::timestamp AT TIME ZONE 'Asia/Taipei', '2026-04-13 09:00:07'::timestamp AT TIME ZONE 'Asia/Taipei', '2026-04-13 09:00:07'::timestamp AT TIME ZONE 'Asia/Taipei', '2026-04-13 09:00:07'::timestamp AT TIME ZONE 'Asia/Taipei'),
  (61, 'LEGACY-0031-03', '31', 'store', '進貨', 'posted', NULL, 'main', '03', 'Migrated legacy movement 31: 進貨', '2026-04-13 09:00:07'::timestamp AT TIME ZONE 'Asia/Taipei', '2026-04-13 09:00:07'::timestamp AT TIME ZONE 'Asia/Taipei', '2026-04-13 09:00:07'::timestamp AT TIME ZONE 'Asia/Taipei', '2026-04-13 09:00:07'::timestamp AT TIME ZONE 'Asia/Taipei'),
  (62, 'LEGACY-0032-01', '32', 'store', '損耗', 'posted', 'branch-002', NULL, '02', 'Migrated legacy movement 32: 損耗', '2026-04-14 09:00:07'::timestamp AT TIME ZONE 'Asia/Taipei', '2026-04-14 09:00:07'::timestamp AT TIME ZONE 'Asia/Taipei', '2026-04-14 09:00:07'::timestamp AT TIME ZONE 'Asia/Taipei', '2026-04-14 09:00:07'::timestamp AT TIME ZONE 'Asia/Taipei'),
  (63, 'LEGACY-0032-02', '32', 'rental', '營地互轉', 'posted', 'C003', 'C002', '02', 'Migrated legacy movement 32: 營地互轉', '2026-04-14 09:00:07'::timestamp AT TIME ZONE 'Asia/Taipei', '2026-04-14 09:00:07'::timestamp AT TIME ZONE 'Asia/Taipei', '2026-04-14 09:00:07'::timestamp AT TIME ZONE 'Asia/Taipei', '2026-04-14 09:00:07'::timestamp AT TIME ZONE 'Asia/Taipei'),
  (64, 'LEGACY-0032-03', '32', 'store', '損耗', 'posted', 'branch-001', NULL, '02', 'Migrated legacy movement 32: 損耗', '2026-04-14 09:00:07'::timestamp AT TIME ZONE 'Asia/Taipei', '2026-04-14 09:00:07'::timestamp AT TIME ZONE 'Asia/Taipei', '2026-04-14 09:00:07'::timestamp AT TIME ZONE 'Asia/Taipei', '2026-04-14 09:00:07'::timestamp AT TIME ZONE 'Asia/Taipei'),
  (65, 'LEGACY-0033-01', '33', 'rental', '營地互轉', 'posted', 'C006', 'C003', '02', 'Migrated legacy movement 33: 營地互轉', '2026-04-15 09:00:07'::timestamp AT TIME ZONE 'Asia/Taipei', '2026-04-15 09:00:07'::timestamp AT TIME ZONE 'Asia/Taipei', '2026-04-15 09:00:07'::timestamp AT TIME ZONE 'Asia/Taipei', '2026-04-15 09:00:07'::timestamp AT TIME ZONE 'Asia/Taipei'),
  (66, 'LEGACY-0033-02', '33', 'store', '移轉', 'posted', 'main', 'branch-001', '02', 'Migrated legacy movement 33: 移轉', '2026-04-15 09:00:07'::timestamp AT TIME ZONE 'Asia/Taipei', '2026-04-15 09:00:07'::timestamp AT TIME ZONE 'Asia/Taipei', '2026-04-15 09:00:07'::timestamp AT TIME ZONE 'Asia/Taipei', '2026-04-15 09:00:07'::timestamp AT TIME ZONE 'Asia/Taipei'),
  (67, 'LEGACY-0034-01', '34', 'store', '移轉', 'posted', 'branch-001', 'main', '03', 'Migrated legacy movement 34: 移轉', '2026-04-16 09:00:07'::timestamp AT TIME ZONE 'Asia/Taipei', '2026-04-16 09:00:07'::timestamp AT TIME ZONE 'Asia/Taipei', '2026-04-16 09:00:07'::timestamp AT TIME ZONE 'Asia/Taipei', '2026-04-16 09:00:07'::timestamp AT TIME ZONE 'Asia/Taipei'),
  (68, 'LEGACY-0035-01', '35', 'store', 'conversion_out', 'posted', 'branch-002', NULL, '01', 'Migrated legacy movement 35: conversion_out', '2026-04-16 09:47:20'::timestamp AT TIME ZONE 'Asia/Taipei', '2026-04-16 09:47:20'::timestamp AT TIME ZONE 'Asia/Taipei', '2026-04-16 09:47:20'::timestamp AT TIME ZONE 'Asia/Taipei', '2026-04-16 09:47:20'::timestamp AT TIME ZONE 'Asia/Taipei'),
  (69, 'LEGACY-0035-02', '35', 'rental', 'conversion_in', 'posted', NULL, 'C002', '01', 'Migrated legacy movement 35: conversion_in', '2026-04-16 09:47:20'::timestamp AT TIME ZONE 'Asia/Taipei', '2026-04-16 09:47:20'::timestamp AT TIME ZONE 'Asia/Taipei', '2026-04-16 09:47:20'::timestamp AT TIME ZONE 'Asia/Taipei', '2026-04-16 09:47:20'::timestamp AT TIME ZONE 'Asia/Taipei'),
  (70, 'LEGACY-0036-01', '36', 'store', '移轉', 'posted', 'branch-002', 'main', '03', 'Migrated legacy movement 36: 移轉', '2026-04-18 09:00:07'::timestamp AT TIME ZONE 'Asia/Taipei', '2026-04-18 09:00:07'::timestamp AT TIME ZONE 'Asia/Taipei', '2026-04-18 09:00:07'::timestamp AT TIME ZONE 'Asia/Taipei', '2026-04-18 09:00:07'::timestamp AT TIME ZONE 'Asia/Taipei'),
  (71, 'LEGACY-0037-01', '37', 'store', '損耗', 'posted', 'main', NULL, '03', 'Migrated legacy movement 37: 損耗', '2026-04-22 09:00:07'::timestamp AT TIME ZONE 'Asia/Taipei', '2026-04-22 09:00:07'::timestamp AT TIME ZONE 'Asia/Taipei', '2026-04-22 09:00:07'::timestamp AT TIME ZONE 'Asia/Taipei', '2026-04-22 09:00:07'::timestamp AT TIME ZONE 'Asia/Taipei'),
  (72, 'LEGACY-0038-01', '38', 'rental', '營地互轉', 'posted', 'C006', 'C004', '01', 'Migrated legacy movement 38: 營地互轉', '2026-04-25 09:00:07'::timestamp AT TIME ZONE 'Asia/Taipei', '2026-04-25 09:00:07'::timestamp AT TIME ZONE 'Asia/Taipei', '2026-04-25 09:00:07'::timestamp AT TIME ZONE 'Asia/Taipei', '2026-04-25 09:00:07'::timestamp AT TIME ZONE 'Asia/Taipei'),
  (73, 'LEGACY-0039-01', '39', 'rental', '營地互轉', 'posted', 'C002', 'C004', '02', 'Migrated legacy movement 39: 營地互轉', '2026-04-26 09:00:07'::timestamp AT TIME ZONE 'Asia/Taipei', '2026-04-26 09:00:07'::timestamp AT TIME ZONE 'Asia/Taipei', '2026-04-26 09:00:07'::timestamp AT TIME ZONE 'Asia/Taipei', '2026-04-26 09:00:07'::timestamp AT TIME ZONE 'Asia/Taipei'),
  (74, 'LEGACY-0040-01', '40', 'store', '進貨', 'posted', NULL, 'main', '01', 'Migrated legacy movement 40: 進貨', '2026-04-27 09:00:07'::timestamp AT TIME ZONE 'Asia/Taipei', '2026-04-27 09:00:07'::timestamp AT TIME ZONE 'Asia/Taipei', '2026-04-27 09:00:07'::timestamp AT TIME ZONE 'Asia/Taipei', '2026-04-27 09:00:07'::timestamp AT TIME ZONE 'Asia/Taipei'),
  (75, 'LEGACY-0041-01', '41', 'rental', '損耗', 'posted', 'C004', NULL, '01', 'Migrated legacy movement 41: 損耗', '2026-04-28 09:00:07'::timestamp AT TIME ZONE 'Asia/Taipei', '2026-04-28 09:00:07'::timestamp AT TIME ZONE 'Asia/Taipei', '2026-04-28 09:00:07'::timestamp AT TIME ZONE 'Asia/Taipei', '2026-04-28 09:00:07'::timestamp AT TIME ZONE 'Asia/Taipei'),
  (76, 'LEGACY-0042-01', '42', 'rental', '進貨', 'posted', NULL, 'C001', '01', 'Migrated legacy movement 42: 進貨', '2026-04-29 09:00:07'::timestamp AT TIME ZONE 'Asia/Taipei', '2026-04-29 09:00:07'::timestamp AT TIME ZONE 'Asia/Taipei', '2026-04-29 09:00:07'::timestamp AT TIME ZONE 'Asia/Taipei', '2026-04-29 09:00:07'::timestamp AT TIME ZONE 'Asia/Taipei'),
  (77, 'LEGACY-0042-02', '42', 'store', '損耗', 'posted', 'branch-002', NULL, '01', 'Migrated legacy movement 42: 損耗', '2026-04-29 09:00:07'::timestamp AT TIME ZONE 'Asia/Taipei', '2026-04-29 09:00:07'::timestamp AT TIME ZONE 'Asia/Taipei', '2026-04-29 09:00:07'::timestamp AT TIME ZONE 'Asia/Taipei', '2026-04-29 09:00:07'::timestamp AT TIME ZONE 'Asia/Taipei'),
  (78, 'LEGACY-0043-01', '43', 'store', '損耗', 'posted', 'branch-001', NULL, '02', 'Migrated legacy movement 43: 損耗', '2026-05-01 09:00:07'::timestamp AT TIME ZONE 'Asia/Taipei', '2026-05-01 09:00:07'::timestamp AT TIME ZONE 'Asia/Taipei', '2026-05-01 09:00:07'::timestamp AT TIME ZONE 'Asia/Taipei', '2026-05-01 09:00:07'::timestamp AT TIME ZONE 'Asia/Taipei'),
  (79, 'LEGACY-0044-01', '44', 'rental', '損耗', 'posted', 'C006', NULL, '01', 'Migrated legacy movement 44: 損耗', '2026-05-02 09:00:07'::timestamp AT TIME ZONE 'Asia/Taipei', '2026-05-02 09:00:07'::timestamp AT TIME ZONE 'Asia/Taipei', '2026-05-02 09:00:07'::timestamp AT TIME ZONE 'Asia/Taipei', '2026-05-02 09:00:07'::timestamp AT TIME ZONE 'Asia/Taipei'),
  (80, 'LEGACY-0045-01', '45', 'store', '移轉', 'posted', 'branch-001', 'main', '03', 'Migrated legacy movement 45: 移轉', '2026-05-06 09:00:07'::timestamp AT TIME ZONE 'Asia/Taipei', '2026-05-06 09:00:07'::timestamp AT TIME ZONE 'Asia/Taipei', '2026-05-06 09:00:07'::timestamp AT TIME ZONE 'Asia/Taipei', '2026-05-06 09:00:07'::timestamp AT TIME ZONE 'Asia/Taipei'),
  (81, 'LEGACY-0046-01', '46', 'rental', '損耗', 'posted', 'C001', NULL, '01', 'Migrated legacy movement 46: 損耗', '2026-05-07 09:00:07'::timestamp AT TIME ZONE 'Asia/Taipei', '2026-05-07 09:00:07'::timestamp AT TIME ZONE 'Asia/Taipei', '2026-05-07 09:00:07'::timestamp AT TIME ZONE 'Asia/Taipei', '2026-05-07 09:00:07'::timestamp AT TIME ZONE 'Asia/Taipei'),
  (82, 'LEGACY-0047-01', '47', 'store', 'conversion_out', 'posted', 'branch-002', NULL, '01', 'Migrated legacy movement 47: conversion_out', '2026-05-08 09:00:07'::timestamp AT TIME ZONE 'Asia/Taipei', '2026-05-08 09:00:07'::timestamp AT TIME ZONE 'Asia/Taipei', '2026-05-08 09:00:07'::timestamp AT TIME ZONE 'Asia/Taipei', '2026-05-08 09:00:07'::timestamp AT TIME ZONE 'Asia/Taipei'),
  (83, 'LEGACY-0047-02', '47', 'rental', 'conversion_in', 'posted', NULL, 'C002', '01', 'Migrated legacy movement 47: conversion_in', '2026-05-08 09:00:07'::timestamp AT TIME ZONE 'Asia/Taipei', '2026-05-08 09:00:07'::timestamp AT TIME ZONE 'Asia/Taipei', '2026-05-08 09:00:07'::timestamp AT TIME ZONE 'Asia/Taipei', '2026-05-08 09:00:07'::timestamp AT TIME ZONE 'Asia/Taipei'),
  (84, 'LEGACY-0048-01', '48', 'rental', '營地互轉', 'posted', 'C003', 'C006', '02', 'Migrated legacy movement 48: 營地互轉', '2026-05-08 09:47:20'::timestamp AT TIME ZONE 'Asia/Taipei', '2026-05-08 09:47:20'::timestamp AT TIME ZONE 'Asia/Taipei', '2026-05-08 09:47:20'::timestamp AT TIME ZONE 'Asia/Taipei', '2026-05-08 09:47:20'::timestamp AT TIME ZONE 'Asia/Taipei'),
  (85, 'LEGACY-0049-01', '49', 'store', '移轉', 'posted', 'branch-002', 'branch-003', '01', 'Migrated legacy movement 49: 移轉', '2026-05-09 09:00:07'::timestamp AT TIME ZONE 'Asia/Taipei', '2026-05-09 09:00:07'::timestamp AT TIME ZONE 'Asia/Taipei', '2026-05-09 09:00:07'::timestamp AT TIME ZONE 'Asia/Taipei', '2026-05-09 09:00:07'::timestamp AT TIME ZONE 'Asia/Taipei'),
  (86, 'LEGACY-0050-01', '50', 'store', '移轉', 'posted', 'branch-002', 'branch-003', '01', 'Migrated legacy movement 50: 移轉', '2026-05-10 09:00:07'::timestamp AT TIME ZONE 'Asia/Taipei', '2026-05-10 09:00:07'::timestamp AT TIME ZONE 'Asia/Taipei', '2026-05-10 09:00:07'::timestamp AT TIME ZONE 'Asia/Taipei', '2026-05-10 09:00:07'::timestamp AT TIME ZONE 'Asia/Taipei'),
  (87, 'LEGACY-0050-02', '50', 'store', 'conversion_out', 'posted', 'branch-002', NULL, '01', 'Migrated legacy movement 50: conversion_out', '2026-05-10 09:00:07'::timestamp AT TIME ZONE 'Asia/Taipei', '2026-05-10 09:00:07'::timestamp AT TIME ZONE 'Asia/Taipei', '2026-05-10 09:00:07'::timestamp AT TIME ZONE 'Asia/Taipei', '2026-05-10 09:00:07'::timestamp AT TIME ZONE 'Asia/Taipei'),
  (88, 'LEGACY-0050-03', '50', 'rental', 'conversion_in', 'posted', NULL, 'C002', '01', 'Migrated legacy movement 50: conversion_in', '2026-05-10 09:00:07'::timestamp AT TIME ZONE 'Asia/Taipei', '2026-05-10 09:00:07'::timestamp AT TIME ZONE 'Asia/Taipei', '2026-05-10 09:00:07'::timestamp AT TIME ZONE 'Asia/Taipei', '2026-05-10 09:00:07'::timestamp AT TIME ZONE 'Asia/Taipei'),
  (89, 'LEGACY-0051-01', '51', 'rental', '損耗', 'posted', 'C003', NULL, '03', 'Migrated legacy movement 51: 損耗', '2026-05-10 09:47:20'::timestamp AT TIME ZONE 'Asia/Taipei', '2026-05-10 09:47:20'::timestamp AT TIME ZONE 'Asia/Taipei', '2026-05-10 09:47:20'::timestamp AT TIME ZONE 'Asia/Taipei', '2026-05-10 09:47:20'::timestamp AT TIME ZONE 'Asia/Taipei'),
  (90, 'LEGACY-0051-02', '51', 'store', '移轉', 'posted', 'branch-003', 'main', '03', 'Migrated legacy movement 51: 移轉', '2026-05-10 09:47:20'::timestamp AT TIME ZONE 'Asia/Taipei', '2026-05-10 09:47:20'::timestamp AT TIME ZONE 'Asia/Taipei', '2026-05-10 09:47:20'::timestamp AT TIME ZONE 'Asia/Taipei', '2026-05-10 09:47:20'::timestamp AT TIME ZONE 'Asia/Taipei'),
  (91, 'LEGACY-0052-01', '52', 'store', '移轉', 'posted', 'main', 'branch-002', '02', 'Migrated legacy movement 52: 移轉', '2026-05-11 09:00:07'::timestamp AT TIME ZONE 'Asia/Taipei', '2026-05-11 09:00:07'::timestamp AT TIME ZONE 'Asia/Taipei', '2026-05-11 09:00:07'::timestamp AT TIME ZONE 'Asia/Taipei', '2026-05-11 09:00:07'::timestamp AT TIME ZONE 'Asia/Taipei'),
  (92, 'LEGACY-0052-02', '52', 'rental', '營地互轉', 'posted', 'C002', 'C006', '02', 'Migrated legacy movement 52: 營地互轉', '2026-05-11 09:00:07'::timestamp AT TIME ZONE 'Asia/Taipei', '2026-05-11 09:00:07'::timestamp AT TIME ZONE 'Asia/Taipei', '2026-05-11 09:00:07'::timestamp AT TIME ZONE 'Asia/Taipei', '2026-05-11 09:00:07'::timestamp AT TIME ZONE 'Asia/Taipei'),
  (93, 'LEGACY-0053-01', '53', 'rental', '營地互轉', 'posted', 'C006', 'C002', '02', 'Migrated legacy movement 53: 營地互轉', '2026-05-11 09:47:20'::timestamp AT TIME ZONE 'Asia/Taipei', '2026-05-11 09:47:20'::timestamp AT TIME ZONE 'Asia/Taipei', '2026-05-11 09:47:20'::timestamp AT TIME ZONE 'Asia/Taipei', '2026-05-11 09:47:20'::timestamp AT TIME ZONE 'Asia/Taipei'),
  (94, 'LEGACY-0053-02', '53', 'store', 'conversion_out', 'posted', 'branch-003', NULL, '02', 'Migrated legacy movement 53: conversion_out', '2026-05-11 09:47:20'::timestamp AT TIME ZONE 'Asia/Taipei', '2026-05-11 09:47:20'::timestamp AT TIME ZONE 'Asia/Taipei', '2026-05-11 09:47:20'::timestamp AT TIME ZONE 'Asia/Taipei', '2026-05-11 09:47:20'::timestamp AT TIME ZONE 'Asia/Taipei'),
  (95, 'LEGACY-0053-03', '53', 'rental', 'conversion_in', 'posted', NULL, 'C003', '02', 'Migrated legacy movement 53: conversion_in', '2026-05-11 09:47:20'::timestamp AT TIME ZONE 'Asia/Taipei', '2026-05-11 09:47:20'::timestamp AT TIME ZONE 'Asia/Taipei', '2026-05-11 09:47:20'::timestamp AT TIME ZONE 'Asia/Taipei', '2026-05-11 09:47:20'::timestamp AT TIME ZONE 'Asia/Taipei'),
  (96, 'LEGACY-0054-01', '54', 'rental', '營地互轉', 'posted', 'C003', 'C006', '03', 'Migrated legacy movement 54: 營地互轉', '2026-05-12 09:00:07'::timestamp AT TIME ZONE 'Asia/Taipei', '2026-05-12 09:00:07'::timestamp AT TIME ZONE 'Asia/Taipei', '2026-05-12 09:00:07'::timestamp AT TIME ZONE 'Asia/Taipei', '2026-05-12 09:00:07'::timestamp AT TIME ZONE 'Asia/Taipei'),
  (97, 'LEGACY-0055-01', '55', 'store', 'conversion_out', 'posted', 'main', NULL, '02', 'Migrated legacy movement 55: conversion_out', '2026-05-13 09:00:07'::timestamp AT TIME ZONE 'Asia/Taipei', '2026-05-13 09:00:07'::timestamp AT TIME ZONE 'Asia/Taipei', '2026-05-13 09:00:07'::timestamp AT TIME ZONE 'Asia/Taipei', '2026-05-13 09:00:07'::timestamp AT TIME ZONE 'Asia/Taipei'),
  (98, 'LEGACY-0055-02', '55', 'rental', 'conversion_in', 'posted', NULL, 'C004', '02', 'Migrated legacy movement 55: conversion_in', '2026-05-13 09:00:07'::timestamp AT TIME ZONE 'Asia/Taipei', '2026-05-13 09:00:07'::timestamp AT TIME ZONE 'Asia/Taipei', '2026-05-13 09:00:07'::timestamp AT TIME ZONE 'Asia/Taipei', '2026-05-13 09:00:07'::timestamp AT TIME ZONE 'Asia/Taipei'),
  (99, 'LEGACY-0056-01', '56', 'store', '損耗', 'posted', 'branch-003', NULL, '01', 'Migrated legacy movement 56: 損耗', '2026-05-13 09:47:20'::timestamp AT TIME ZONE 'Asia/Taipei', '2026-05-13 09:47:20'::timestamp AT TIME ZONE 'Asia/Taipei', '2026-05-13 09:47:20'::timestamp AT TIME ZONE 'Asia/Taipei', '2026-05-13 09:47:20'::timestamp AT TIME ZONE 'Asia/Taipei'),
  (100, 'LEGACY-0057-01', '57', 'rental', '營地互轉', 'posted', 'C003', 'C002', '03', 'Migrated legacy movement 57: 營地互轉', '2026-05-15 09:00:07'::timestamp AT TIME ZONE 'Asia/Taipei', '2026-05-15 09:00:07'::timestamp AT TIME ZONE 'Asia/Taipei', '2026-05-15 09:00:07'::timestamp AT TIME ZONE 'Asia/Taipei', '2026-05-15 09:00:07'::timestamp AT TIME ZONE 'Asia/Taipei'),
  (101, 'LEGACY-0058-01', '58', 'store', '進貨', 'posted', NULL, 'main', '02', 'Migrated legacy movement 58: 進貨', '2026-05-16 09:00:07'::timestamp AT TIME ZONE 'Asia/Taipei', '2026-05-16 09:00:07'::timestamp AT TIME ZONE 'Asia/Taipei', '2026-05-16 09:00:07'::timestamp AT TIME ZONE 'Asia/Taipei', '2026-05-16 09:00:07'::timestamp AT TIME ZONE 'Asia/Taipei'),
  (102, 'LEGACY-0059-01', '59', 'store', 'conversion_out', 'posted', 'branch-001', NULL, '02', 'Migrated legacy movement 59: conversion_out', '2026-05-19 09:00:07'::timestamp AT TIME ZONE 'Asia/Taipei', '2026-05-19 09:00:07'::timestamp AT TIME ZONE 'Asia/Taipei', '2026-05-19 09:00:07'::timestamp AT TIME ZONE 'Asia/Taipei', '2026-05-19 09:00:07'::timestamp AT TIME ZONE 'Asia/Taipei'),
  (103, 'LEGACY-0059-02', '59', 'rental', 'conversion_in', 'posted', NULL, 'C005', '02', 'Migrated legacy movement 59: conversion_in', '2026-05-19 09:00:07'::timestamp AT TIME ZONE 'Asia/Taipei', '2026-05-19 09:00:07'::timestamp AT TIME ZONE 'Asia/Taipei', '2026-05-19 09:00:07'::timestamp AT TIME ZONE 'Asia/Taipei', '2026-05-19 09:00:07'::timestamp AT TIME ZONE 'Asia/Taipei'),
  (104, 'LEGACY-0060-01', '60', 'store', 'conversion_out', 'posted', 'branch-001', NULL, '01', 'Migrated legacy movement 60: conversion_out', '2026-05-20 09:00:07'::timestamp AT TIME ZONE 'Asia/Taipei', '2026-05-20 09:00:07'::timestamp AT TIME ZONE 'Asia/Taipei', '2026-05-20 09:00:07'::timestamp AT TIME ZONE 'Asia/Taipei', '2026-05-20 09:00:07'::timestamp AT TIME ZONE 'Asia/Taipei'),
  (105, 'LEGACY-0060-02', '60', 'rental', 'conversion_in', 'posted', NULL, 'C004', '01', 'Migrated legacy movement 60: conversion_in', '2026-05-20 09:00:07'::timestamp AT TIME ZONE 'Asia/Taipei', '2026-05-20 09:00:07'::timestamp AT TIME ZONE 'Asia/Taipei', '2026-05-20 09:00:07'::timestamp AT TIME ZONE 'Asia/Taipei', '2026-05-20 09:00:07'::timestamp AT TIME ZONE 'Asia/Taipei'),
  (106, 'LEGACY-0061-01', '61', 'rental', '損耗', 'posted', 'C003', NULL, '02', 'Migrated legacy movement 61: 損耗', '2026-05-22 09:00:07'::timestamp AT TIME ZONE 'Asia/Taipei', '2026-05-22 09:00:07'::timestamp AT TIME ZONE 'Asia/Taipei', '2026-05-22 09:00:07'::timestamp AT TIME ZONE 'Asia/Taipei', '2026-05-22 09:00:07'::timestamp AT TIME ZONE 'Asia/Taipei'),
  (107, 'LEGACY-0062-01', '62', 'store', 'conversion_out', 'posted', 'branch-003', NULL, '02', 'Migrated legacy movement 62: conversion_out', '2026-05-24 09:00:07'::timestamp AT TIME ZONE 'Asia/Taipei', '2026-05-24 09:00:07'::timestamp AT TIME ZONE 'Asia/Taipei', '2026-05-24 09:00:07'::timestamp AT TIME ZONE 'Asia/Taipei', '2026-05-24 09:00:07'::timestamp AT TIME ZONE 'Asia/Taipei'),
  (108, 'LEGACY-0062-02', '62', 'rental', 'conversion_in', 'posted', NULL, 'C002', '02', 'Migrated legacy movement 62: conversion_in', '2026-05-24 09:00:07'::timestamp AT TIME ZONE 'Asia/Taipei', '2026-05-24 09:00:07'::timestamp AT TIME ZONE 'Asia/Taipei', '2026-05-24 09:00:07'::timestamp AT TIME ZONE 'Asia/Taipei', '2026-05-24 09:00:07'::timestamp AT TIME ZONE 'Asia/Taipei'),
  (109, 'LEGACY-0063-01', '63', 'store', '進貨', 'posted', NULL, 'main', '01', 'Migrated legacy movement 63: 進貨', '2026-05-26 09:00:07'::timestamp AT TIME ZONE 'Asia/Taipei', '2026-05-26 09:00:07'::timestamp AT TIME ZONE 'Asia/Taipei', '2026-05-26 09:00:07'::timestamp AT TIME ZONE 'Asia/Taipei', '2026-05-26 09:00:07'::timestamp AT TIME ZONE 'Asia/Taipei'),
  (110, 'LEGACY-0063-02', '63', 'rental', '進貨', 'posted', NULL, 'C001', '01', 'Migrated legacy movement 63: 進貨', '2026-05-26 09:00:07'::timestamp AT TIME ZONE 'Asia/Taipei', '2026-05-26 09:00:07'::timestamp AT TIME ZONE 'Asia/Taipei', '2026-05-26 09:00:07'::timestamp AT TIME ZONE 'Asia/Taipei', '2026-05-26 09:00:07'::timestamp AT TIME ZONE 'Asia/Taipei'),
  (111, 'LEGACY-0064-01', '64', 'store', '進貨', 'posted', NULL, 'main', '03', 'Migrated legacy movement 64: 進貨', '2026-05-26 09:47:20'::timestamp AT TIME ZONE 'Asia/Taipei', '2026-05-26 09:47:20'::timestamp AT TIME ZONE 'Asia/Taipei', '2026-05-26 09:47:20'::timestamp AT TIME ZONE 'Asia/Taipei', '2026-05-26 09:47:20'::timestamp AT TIME ZONE 'Asia/Taipei'),
  (112, 'LEGACY-0065-01', '65', 'store', '移轉', 'posted', 'branch-002', 'main', '03', 'Migrated legacy movement 65: 移轉', '2026-05-26 10:34:33'::timestamp AT TIME ZONE 'Asia/Taipei', '2026-05-26 10:34:33'::timestamp AT TIME ZONE 'Asia/Taipei', '2026-05-26 10:34:33'::timestamp AT TIME ZONE 'Asia/Taipei', '2026-05-26 10:34:33'::timestamp AT TIME ZONE 'Asia/Taipei'),
  (113, 'LEGACY-0066-01', '66', 'store', 'conversion_out', 'posted', 'branch-001', NULL, '02', 'Migrated legacy movement 66: conversion_out', '2026-05-26 11:21:46'::timestamp AT TIME ZONE 'Asia/Taipei', '2026-05-26 11:21:46'::timestamp AT TIME ZONE 'Asia/Taipei', '2026-05-26 11:21:46'::timestamp AT TIME ZONE 'Asia/Taipei', '2026-05-26 11:21:46'::timestamp AT TIME ZONE 'Asia/Taipei'),
  (114, 'LEGACY-0066-02', '66', 'rental', 'conversion_in', 'posted', NULL, 'C005', '02', 'Migrated legacy movement 66: conversion_in', '2026-05-26 11:21:46'::timestamp AT TIME ZONE 'Asia/Taipei', '2026-05-26 11:21:46'::timestamp AT TIME ZONE 'Asia/Taipei', '2026-05-26 11:21:46'::timestamp AT TIME ZONE 'Asia/Taipei', '2026-05-26 11:21:46'::timestamp AT TIME ZONE 'Asia/Taipei'),
  (115, 'LEGACY-0067-01', '67', 'rental', '營地互轉', 'posted', 'C006', 'C002', '01', 'Migrated legacy movement 67: 營地互轉', '2026-05-26 12:08:59'::timestamp AT TIME ZONE 'Asia/Taipei', '2026-05-26 12:08:59'::timestamp AT TIME ZONE 'Asia/Taipei', '2026-05-26 12:08:59'::timestamp AT TIME ZONE 'Asia/Taipei', '2026-05-26 12:08:59'::timestamp AT TIME ZONE 'Asia/Taipei'),
  (116, 'LEGACY-0068-01', '68', 'store', '移轉', 'posted', 'main', 'branch-001', '01', 'Migrated legacy movement 68: 移轉', '2026-05-27 09:00:07'::timestamp AT TIME ZONE 'Asia/Taipei', '2026-05-27 09:00:07'::timestamp AT TIME ZONE 'Asia/Taipei', '2026-05-27 09:00:07'::timestamp AT TIME ZONE 'Asia/Taipei', '2026-05-27 09:00:07'::timestamp AT TIME ZONE 'Asia/Taipei'),
  (117, 'LEGACY-0069-01', '69', 'store', '移轉', 'posted', 'branch-002', 'branch-003', '02', 'Migrated legacy movement 69: 移轉', '2026-05-28 09:00:07'::timestamp AT TIME ZONE 'Asia/Taipei', '2026-05-28 09:00:07'::timestamp AT TIME ZONE 'Asia/Taipei', '2026-05-28 09:00:07'::timestamp AT TIME ZONE 'Asia/Taipei', '2026-05-28 09:00:07'::timestamp AT TIME ZONE 'Asia/Taipei'),
  (118, 'LEGACY-0070-01', '70', 'store', '移轉', 'posted', 'main', 'branch-001', '02', 'Migrated legacy movement 70: 移轉', '2026-05-29 09:00:07'::timestamp AT TIME ZONE 'Asia/Taipei', '2026-05-29 09:00:07'::timestamp AT TIME ZONE 'Asia/Taipei', '2026-05-29 09:00:07'::timestamp AT TIME ZONE 'Asia/Taipei', '2026-05-29 09:00:07'::timestamp AT TIME ZONE 'Asia/Taipei'),
  (119, 'LEGACY-0070-02', '70', 'rental', '進貨', 'posted', NULL, 'C001', '02', 'Migrated legacy movement 70: 進貨', '2026-05-29 09:00:07'::timestamp AT TIME ZONE 'Asia/Taipei', '2026-05-29 09:00:07'::timestamp AT TIME ZONE 'Asia/Taipei', '2026-05-29 09:00:07'::timestamp AT TIME ZONE 'Asia/Taipei', '2026-05-29 09:00:07'::timestamp AT TIME ZONE 'Asia/Taipei'),
  (120, 'LEGACY-0070-03', '70', 'store', '移轉', 'posted', 'branch-003', 'branch-002', '02', 'Migrated legacy movement 70: 移轉', '2026-05-29 09:00:07'::timestamp AT TIME ZONE 'Asia/Taipei', '2026-05-29 09:00:07'::timestamp AT TIME ZONE 'Asia/Taipei', '2026-05-29 09:00:07'::timestamp AT TIME ZONE 'Asia/Taipei', '2026-05-29 09:00:07'::timestamp AT TIME ZONE 'Asia/Taipei'),
  (121, 'LEGACY-0071-01', '71', 'rental', '營地互轉', 'posted', 'C006', 'C003', '03', 'Migrated legacy movement 71: 營地互轉', '2026-05-29 09:47:20'::timestamp AT TIME ZONE 'Asia/Taipei', '2026-05-29 09:47:20'::timestamp AT TIME ZONE 'Asia/Taipei', '2026-05-29 09:47:20'::timestamp AT TIME ZONE 'Asia/Taipei', '2026-05-29 09:47:20'::timestamp AT TIME ZONE 'Asia/Taipei'),
  (122, 'LEGACY-0072-01', '72', 'store', '進貨', 'posted', NULL, 'main', '02', 'Migrated legacy movement 72: 進貨', '2026-05-31 09:00:07'::timestamp AT TIME ZONE 'Asia/Taipei', '2026-05-31 09:00:07'::timestamp AT TIME ZONE 'Asia/Taipei', '2026-05-31 09:00:07'::timestamp AT TIME ZONE 'Asia/Taipei', '2026-05-31 09:00:07'::timestamp AT TIME ZONE 'Asia/Taipei'),
  (123, 'LEGACY-0073-01', '73', 'rental', '營地互轉', 'posted', 'C006', 'C002', '02', 'Migrated legacy movement 73: 營地互轉', '2026-05-31 09:47:20'::timestamp AT TIME ZONE 'Asia/Taipei', '2026-05-31 09:47:20'::timestamp AT TIME ZONE 'Asia/Taipei', '2026-05-31 09:47:20'::timestamp AT TIME ZONE 'Asia/Taipei', '2026-05-31 09:47:20'::timestamp AT TIME ZONE 'Asia/Taipei'),
  (124, 'LEGACY-0074-01', '74', 'store', '損耗', 'posted', 'branch-002', NULL, '03', 'Migrated legacy movement 74: 損耗', '2026-05-31 10:34:33'::timestamp AT TIME ZONE 'Asia/Taipei', '2026-05-31 10:34:33'::timestamp AT TIME ZONE 'Asia/Taipei', '2026-05-31 10:34:33'::timestamp AT TIME ZONE 'Asia/Taipei', '2026-05-31 10:34:33'::timestamp AT TIME ZONE 'Asia/Taipei'),
  (125, 'LEGACY-0075-01', '75', 'store', 'conversion_out', 'posted', 'branch-002', NULL, '03', 'Migrated legacy movement 75: conversion_out', '2026-06-02 09:00:07'::timestamp AT TIME ZONE 'Asia/Taipei', '2026-06-02 09:00:07'::timestamp AT TIME ZONE 'Asia/Taipei', '2026-06-02 09:00:07'::timestamp AT TIME ZONE 'Asia/Taipei', '2026-06-02 09:00:07'::timestamp AT TIME ZONE 'Asia/Taipei'),
  (126, 'LEGACY-0075-02', '75', 'rental', 'conversion_in', 'posted', NULL, 'C002', '03', 'Migrated legacy movement 75: conversion_in', '2026-06-02 09:00:07'::timestamp AT TIME ZONE 'Asia/Taipei', '2026-06-02 09:00:07'::timestamp AT TIME ZONE 'Asia/Taipei', '2026-06-02 09:00:07'::timestamp AT TIME ZONE 'Asia/Taipei', '2026-06-02 09:00:07'::timestamp AT TIME ZONE 'Asia/Taipei'),
  (127, 'LEGACY-0076-01', '76', 'store', '進貨', 'posted', NULL, 'main', '02', 'Migrated legacy movement 76: 進貨', '2026-06-03 09:00:07'::timestamp AT TIME ZONE 'Asia/Taipei', '2026-06-03 09:00:07'::timestamp AT TIME ZONE 'Asia/Taipei', '2026-06-03 09:00:07'::timestamp AT TIME ZONE 'Asia/Taipei', '2026-06-03 09:00:07'::timestamp AT TIME ZONE 'Asia/Taipei'),
  (128, 'LEGACY-0076-02', '76', 'store', 'conversion_out', 'posted', 'main', NULL, '02', 'Migrated legacy movement 76: conversion_out', '2026-06-03 09:00:07'::timestamp AT TIME ZONE 'Asia/Taipei', '2026-06-03 09:00:07'::timestamp AT TIME ZONE 'Asia/Taipei', '2026-06-03 09:00:07'::timestamp AT TIME ZONE 'Asia/Taipei', '2026-06-03 09:00:07'::timestamp AT TIME ZONE 'Asia/Taipei'),
  (129, 'LEGACY-0076-03', '76', 'rental', 'conversion_in', 'posted', NULL, 'C004', '02', 'Migrated legacy movement 76: conversion_in', '2026-06-03 09:00:07'::timestamp AT TIME ZONE 'Asia/Taipei', '2026-06-03 09:00:07'::timestamp AT TIME ZONE 'Asia/Taipei', '2026-06-03 09:00:07'::timestamp AT TIME ZONE 'Asia/Taipei', '2026-06-03 09:00:07'::timestamp AT TIME ZONE 'Asia/Taipei'),
  (130, 'LEGACY-0076-04', '76', 'store', 'conversion_out', 'posted', 'branch-001', NULL, '02', 'Migrated legacy movement 76: conversion_out', '2026-06-03 09:00:07'::timestamp AT TIME ZONE 'Asia/Taipei', '2026-06-03 09:00:07'::timestamp AT TIME ZONE 'Asia/Taipei', '2026-06-03 09:00:07'::timestamp AT TIME ZONE 'Asia/Taipei', '2026-06-03 09:00:07'::timestamp AT TIME ZONE 'Asia/Taipei'),
  (131, 'LEGACY-0076-05', '76', 'rental', 'conversion_in', 'posted', NULL, 'C005', '02', 'Migrated legacy movement 76: conversion_in', '2026-06-03 09:00:07'::timestamp AT TIME ZONE 'Asia/Taipei', '2026-06-03 09:00:07'::timestamp AT TIME ZONE 'Asia/Taipei', '2026-06-03 09:00:07'::timestamp AT TIME ZONE 'Asia/Taipei', '2026-06-03 09:00:07'::timestamp AT TIME ZONE 'Asia/Taipei'),
  (132, 'LEGACY-0077-01', '77', 'rental', '損耗', 'posted', 'C004', NULL, '02', 'Migrated legacy movement 77: 損耗', '2026-06-03 09:47:20'::timestamp AT TIME ZONE 'Asia/Taipei', '2026-06-03 09:47:20'::timestamp AT TIME ZONE 'Asia/Taipei', '2026-06-03 09:47:20'::timestamp AT TIME ZONE 'Asia/Taipei', '2026-06-03 09:47:20'::timestamp AT TIME ZONE 'Asia/Taipei'),
  (133, 'LEGACY-0077-02', '77', 'rental', '損耗', 'posted', 'C001', NULL, '02', 'Migrated legacy movement 77: 損耗', '2026-06-03 09:47:20'::timestamp AT TIME ZONE 'Asia/Taipei', '2026-06-03 09:47:20'::timestamp AT TIME ZONE 'Asia/Taipei', '2026-06-03 09:47:20'::timestamp AT TIME ZONE 'Asia/Taipei', '2026-06-03 09:47:20'::timestamp AT TIME ZONE 'Asia/Taipei'),
  (134, 'LEGACY-0077-03', '77', 'store', '移轉', 'posted', 'main', 'branch-001', '02', 'Migrated legacy movement 77: 移轉', '2026-06-03 09:47:20'::timestamp AT TIME ZONE 'Asia/Taipei', '2026-06-03 09:47:20'::timestamp AT TIME ZONE 'Asia/Taipei', '2026-06-03 09:47:20'::timestamp AT TIME ZONE 'Asia/Taipei', '2026-06-03 09:47:20'::timestamp AT TIME ZONE 'Asia/Taipei'),
  (135, 'LEGACY-0078-01', '78', 'store', '進貨', 'posted', NULL, 'main', '01', 'Migrated legacy movement 78: 進貨', '2026-06-05 09:00:07'::timestamp AT TIME ZONE 'Asia/Taipei', '2026-06-05 09:00:07'::timestamp AT TIME ZONE 'Asia/Taipei', '2026-06-05 09:00:07'::timestamp AT TIME ZONE 'Asia/Taipei', '2026-06-05 09:00:07'::timestamp AT TIME ZONE 'Asia/Taipei'),
  (136, 'LEGACY-0079-01', '79', 'rental', '營地互轉', 'posted', 'C003', 'C006', '01', 'Migrated legacy movement 79: 營地互轉', '2026-06-05 09:47:20'::timestamp AT TIME ZONE 'Asia/Taipei', '2026-06-05 09:47:20'::timestamp AT TIME ZONE 'Asia/Taipei', '2026-06-05 09:47:20'::timestamp AT TIME ZONE 'Asia/Taipei', '2026-06-05 09:47:20'::timestamp AT TIME ZONE 'Asia/Taipei'),
  (137, 'LEGACY-0079-02', '79', 'store', '移轉', 'posted', 'branch-001', 'branch-003', '01', 'Migrated legacy movement 79: 移轉', '2026-06-05 09:47:20'::timestamp AT TIME ZONE 'Asia/Taipei', '2026-06-05 09:47:20'::timestamp AT TIME ZONE 'Asia/Taipei', '2026-06-05 09:47:20'::timestamp AT TIME ZONE 'Asia/Taipei', '2026-06-05 09:47:20'::timestamp AT TIME ZONE 'Asia/Taipei'),
  (138, 'LEGACY-0079-03', '79', 'store', 'conversion_out', 'posted', 'branch-003', NULL, '01', 'Migrated legacy movement 79: conversion_out', '2026-06-05 09:47:20'::timestamp AT TIME ZONE 'Asia/Taipei', '2026-06-05 09:47:20'::timestamp AT TIME ZONE 'Asia/Taipei', '2026-06-05 09:47:20'::timestamp AT TIME ZONE 'Asia/Taipei', '2026-06-05 09:47:20'::timestamp AT TIME ZONE 'Asia/Taipei'),
  (139, 'LEGACY-0079-04', '79', 'rental', 'conversion_in', 'posted', NULL, 'C004', '01', 'Migrated legacy movement 79: conversion_in', '2026-06-05 09:47:20'::timestamp AT TIME ZONE 'Asia/Taipei', '2026-06-05 09:47:20'::timestamp AT TIME ZONE 'Asia/Taipei', '2026-06-05 09:47:20'::timestamp AT TIME ZONE 'Asia/Taipei', '2026-06-05 09:47:20'::timestamp AT TIME ZONE 'Asia/Taipei'),
  (140, 'LEGACY-0080-01', '80', 'store', '進貨', 'posted', NULL, 'main', '03', 'Migrated legacy movement 80: 進貨', '2026-06-08 09:00:07'::timestamp AT TIME ZONE 'Asia/Taipei', '2026-06-08 09:00:07'::timestamp AT TIME ZONE 'Asia/Taipei', '2026-06-08 09:00:07'::timestamp AT TIME ZONE 'Asia/Taipei', '2026-06-08 09:00:07'::timestamp AT TIME ZONE 'Asia/Taipei'),
  (141, 'LEGACY-0080-02', '80', 'rental', '營地互轉', 'posted', 'C002', 'C006', '03', 'Migrated legacy movement 80: 營地互轉', '2026-06-08 09:00:07'::timestamp AT TIME ZONE 'Asia/Taipei', '2026-06-08 09:00:07'::timestamp AT TIME ZONE 'Asia/Taipei', '2026-06-08 09:00:07'::timestamp AT TIME ZONE 'Asia/Taipei', '2026-06-08 09:00:07'::timestamp AT TIME ZONE 'Asia/Taipei'),
  (142, 'LEGACY-0080-03', '80', 'store', 'conversion_out', 'posted', 'branch-003', NULL, '03', 'Migrated legacy movement 80: conversion_out', '2026-06-08 09:00:07'::timestamp AT TIME ZONE 'Asia/Taipei', '2026-06-08 09:00:07'::timestamp AT TIME ZONE 'Asia/Taipei', '2026-06-08 09:00:07'::timestamp AT TIME ZONE 'Asia/Taipei', '2026-06-08 09:00:07'::timestamp AT TIME ZONE 'Asia/Taipei'),
  (143, 'LEGACY-0080-04', '80', 'rental', 'conversion_in', 'posted', NULL, 'C003', '03', 'Migrated legacy movement 80: conversion_in', '2026-06-08 09:00:07'::timestamp AT TIME ZONE 'Asia/Taipei', '2026-06-08 09:00:07'::timestamp AT TIME ZONE 'Asia/Taipei', '2026-06-08 09:00:07'::timestamp AT TIME ZONE 'Asia/Taipei', '2026-06-08 09:00:07'::timestamp AT TIME ZONE 'Asia/Taipei'),
  (144, 'LEGACY-0081-01', '81', 'store', '損耗', 'posted', 'branch-002', NULL, '03', 'Migrated legacy movement 81: 損耗', '2026-06-08 09:47:20'::timestamp AT TIME ZONE 'Asia/Taipei', '2026-06-08 09:47:20'::timestamp AT TIME ZONE 'Asia/Taipei', '2026-06-08 09:47:20'::timestamp AT TIME ZONE 'Asia/Taipei', '2026-06-08 09:47:20'::timestamp AT TIME ZONE 'Asia/Taipei'),
  (145, 'LEGACY-0082-01', '82', 'store', 'conversion_out', 'posted', 'main', NULL, '03', 'Migrated legacy movement 82: conversion_out', '2026-06-09 09:00:07'::timestamp AT TIME ZONE 'Asia/Taipei', '2026-06-09 09:00:07'::timestamp AT TIME ZONE 'Asia/Taipei', '2026-06-09 09:00:07'::timestamp AT TIME ZONE 'Asia/Taipei', '2026-06-09 09:00:07'::timestamp AT TIME ZONE 'Asia/Taipei'),
  (146, 'LEGACY-0082-02', '82', 'rental', 'conversion_in', 'posted', NULL, 'C003', '03', 'Migrated legacy movement 82: conversion_in', '2026-06-09 09:00:07'::timestamp AT TIME ZONE 'Asia/Taipei', '2026-06-09 09:00:07'::timestamp AT TIME ZONE 'Asia/Taipei', '2026-06-09 09:00:07'::timestamp AT TIME ZONE 'Asia/Taipei', '2026-06-09 09:00:07'::timestamp AT TIME ZONE 'Asia/Taipei'),
  (147, 'LEGACY-0083-01', '83', 'store', '移轉', 'posted', 'branch-003', 'main', '01', 'Migrated legacy movement 83: 移轉', '2026-06-11 09:00:07'::timestamp AT TIME ZONE 'Asia/Taipei', '2026-06-11 09:00:07'::timestamp AT TIME ZONE 'Asia/Taipei', '2026-06-11 09:00:07'::timestamp AT TIME ZONE 'Asia/Taipei', '2026-06-11 09:00:07'::timestamp AT TIME ZONE 'Asia/Taipei'),
  (148, 'LEGACY-0084-01', '84', 'rental', '營地互轉', 'posted', 'C006', 'C004', '01', 'Migrated legacy movement 84: 營地互轉', '2026-06-13 09:00:07'::timestamp AT TIME ZONE 'Asia/Taipei', '2026-06-13 09:00:07'::timestamp AT TIME ZONE 'Asia/Taipei', '2026-06-13 09:00:07'::timestamp AT TIME ZONE 'Asia/Taipei', '2026-06-13 09:00:07'::timestamp AT TIME ZONE 'Asia/Taipei'),
  (149, 'LEGACY-0085-01', '85', 'store', '移轉', 'posted', 'branch-001', 'main', '02', 'Migrated legacy movement 85: 移轉', '2026-06-14 09:00:07'::timestamp AT TIME ZONE 'Asia/Taipei', '2026-06-14 09:00:07'::timestamp AT TIME ZONE 'Asia/Taipei', '2026-06-14 09:00:07'::timestamp AT TIME ZONE 'Asia/Taipei', '2026-06-14 09:00:07'::timestamp AT TIME ZONE 'Asia/Taipei'),
  (150, 'LEGACY-0086-01', '86', 'rental', '營地互轉', 'posted', 'C006', 'C003', '03', 'Migrated legacy movement 86: 營地互轉', '2026-06-15 09:00:07'::timestamp AT TIME ZONE 'Asia/Taipei', '2026-06-15 09:00:07'::timestamp AT TIME ZONE 'Asia/Taipei', '2026-06-15 09:00:07'::timestamp AT TIME ZONE 'Asia/Taipei', '2026-06-15 09:00:07'::timestamp AT TIME ZONE 'Asia/Taipei'),
  (151, 'LEGACY-0087-01', '87', 'store', 'conversion_out', 'posted', 'main', NULL, '01', 'Migrated legacy movement 87: conversion_out', '2026-06-16 09:00:07'::timestamp AT TIME ZONE 'Asia/Taipei', '2026-06-16 09:00:07'::timestamp AT TIME ZONE 'Asia/Taipei', '2026-06-16 09:00:07'::timestamp AT TIME ZONE 'Asia/Taipei', '2026-06-16 09:00:07'::timestamp AT TIME ZONE 'Asia/Taipei'),
  (152, 'LEGACY-0087-02', '87', 'rental', 'conversion_in', 'posted', NULL, 'C002', '01', 'Migrated legacy movement 87: conversion_in', '2026-06-16 09:00:07'::timestamp AT TIME ZONE 'Asia/Taipei', '2026-06-16 09:00:07'::timestamp AT TIME ZONE 'Asia/Taipei', '2026-06-16 09:00:07'::timestamp AT TIME ZONE 'Asia/Taipei', '2026-06-16 09:00:07'::timestamp AT TIME ZONE 'Asia/Taipei'),
  (153, 'LEGACY-0088-01', '88', 'store', 'conversion_out', 'posted', 'branch-002', NULL, '02', 'Migrated legacy movement 88: conversion_out', '2026-06-18 09:00:07'::timestamp AT TIME ZONE 'Asia/Taipei', '2026-06-18 09:00:07'::timestamp AT TIME ZONE 'Asia/Taipei', '2026-06-18 09:00:07'::timestamp AT TIME ZONE 'Asia/Taipei', '2026-06-18 09:00:07'::timestamp AT TIME ZONE 'Asia/Taipei'),
  (154, 'LEGACY-0088-02', '88', 'rental', 'conversion_in', 'posted', NULL, 'C003', '02', 'Migrated legacy movement 88: conversion_in', '2026-06-18 09:00:07'::timestamp AT TIME ZONE 'Asia/Taipei', '2026-06-18 09:00:07'::timestamp AT TIME ZONE 'Asia/Taipei', '2026-06-18 09:00:07'::timestamp AT TIME ZONE 'Asia/Taipei', '2026-06-18 09:00:07'::timestamp AT TIME ZONE 'Asia/Taipei'),
  (155, 'LEGACY-0089-01', '89', 'store', '移轉', 'posted', 'main', 'branch-002', '03', 'Migrated legacy movement 89: 移轉', '2026-06-20 09:00:07'::timestamp AT TIME ZONE 'Asia/Taipei', '2026-06-20 09:00:07'::timestamp AT TIME ZONE 'Asia/Taipei', '2026-06-20 09:00:07'::timestamp AT TIME ZONE 'Asia/Taipei', '2026-06-20 09:00:07'::timestamp AT TIME ZONE 'Asia/Taipei'),
  (156, 'LEGACY-0090-01', '90', 'rental', '進貨', 'posted', NULL, 'C001', '01', 'Migrated legacy movement 90: 進貨', '2026-06-21 09:00:07'::timestamp AT TIME ZONE 'Asia/Taipei', '2026-06-21 09:00:07'::timestamp AT TIME ZONE 'Asia/Taipei', '2026-06-21 09:00:07'::timestamp AT TIME ZONE 'Asia/Taipei', '2026-06-21 09:00:07'::timestamp AT TIME ZONE 'Asia/Taipei'),
  (157, 'LEGACY-0091-01', '91', 'store', '進貨', 'posted', NULL, 'main', '02', 'Migrated legacy movement 91: 進貨', '2026-06-22 09:00:07'::timestamp AT TIME ZONE 'Asia/Taipei', '2026-06-22 09:00:07'::timestamp AT TIME ZONE 'Asia/Taipei', '2026-06-22 09:00:07'::timestamp AT TIME ZONE 'Asia/Taipei', '2026-06-22 09:00:07'::timestamp AT TIME ZONE 'Asia/Taipei'),
  (158, 'LEGACY-0092-01', '92', 'store', '移轉', 'posted', 'branch-002', 'branch-001', '01', 'Migrated legacy movement 92: 移轉', '2026-06-22 09:47:20'::timestamp AT TIME ZONE 'Asia/Taipei', '2026-06-22 09:47:20'::timestamp AT TIME ZONE 'Asia/Taipei', '2026-06-22 09:47:20'::timestamp AT TIME ZONE 'Asia/Taipei', '2026-06-22 09:47:20'::timestamp AT TIME ZONE 'Asia/Taipei'),
  (159, 'LEGACY-0093-01', '93', 'store', '進貨', 'posted', NULL, 'main', '03', 'Migrated legacy movement 93: 進貨', '2026-06-23 09:00:07'::timestamp AT TIME ZONE 'Asia/Taipei', '2026-06-23 09:00:07'::timestamp AT TIME ZONE 'Asia/Taipei', '2026-06-23 09:00:07'::timestamp AT TIME ZONE 'Asia/Taipei', '2026-06-23 09:00:07'::timestamp AT TIME ZONE 'Asia/Taipei'),
  (160, 'LEGACY-0094-01', '94', 'store', '進貨', 'posted', NULL, 'main', '02', 'Migrated legacy movement 94: 進貨', '2026-06-24 09:00:07'::timestamp AT TIME ZONE 'Asia/Taipei', '2026-06-24 09:00:07'::timestamp AT TIME ZONE 'Asia/Taipei', '2026-06-24 09:00:07'::timestamp AT TIME ZONE 'Asia/Taipei', '2026-06-24 09:00:07'::timestamp AT TIME ZONE 'Asia/Taipei'),
  (161, 'LEGACY-0095-01', '95', 'store', '移轉', 'posted', 'main', 'branch-002', '02', 'Migrated legacy movement 95: 移轉', '2026-06-24 09:47:20'::timestamp AT TIME ZONE 'Asia/Taipei', '2026-06-24 09:47:20'::timestamp AT TIME ZONE 'Asia/Taipei', '2026-06-24 09:47:20'::timestamp AT TIME ZONE 'Asia/Taipei', '2026-06-24 09:47:20'::timestamp AT TIME ZONE 'Asia/Taipei'),
  (162, 'LEGACY-0096-01', '96', 'store', 'conversion_out', 'posted', 'main', NULL, '02', 'Migrated legacy movement 96: conversion_out', '2026-06-24 10:34:33'::timestamp AT TIME ZONE 'Asia/Taipei', '2026-06-24 10:34:33'::timestamp AT TIME ZONE 'Asia/Taipei', '2026-06-24 10:34:33'::timestamp AT TIME ZONE 'Asia/Taipei', '2026-06-24 10:34:33'::timestamp AT TIME ZONE 'Asia/Taipei'),
  (163, 'LEGACY-0096-02', '96', 'rental', 'conversion_in', 'posted', NULL, 'C005', '02', 'Migrated legacy movement 96: conversion_in', '2026-06-24 10:34:33'::timestamp AT TIME ZONE 'Asia/Taipei', '2026-06-24 10:34:33'::timestamp AT TIME ZONE 'Asia/Taipei', '2026-06-24 10:34:33'::timestamp AT TIME ZONE 'Asia/Taipei', '2026-06-24 10:34:33'::timestamp AT TIME ZONE 'Asia/Taipei'),
  (164, 'LEGACY-0098-01', '98', 'store', 'conversion_out', 'posted', 'branch-003', NULL, '01', 'Migrated legacy movement 98: conversion_out', '2026-06-27 09:00:07'::timestamp AT TIME ZONE 'Asia/Taipei', '2026-06-27 09:00:07'::timestamp AT TIME ZONE 'Asia/Taipei', '2026-06-27 09:00:07'::timestamp AT TIME ZONE 'Asia/Taipei', '2026-06-27 09:00:07'::timestamp AT TIME ZONE 'Asia/Taipei'),
  (165, 'LEGACY-0098-02', '98', 'rental', 'conversion_in', 'posted', NULL, 'C006', '01', 'Migrated legacy movement 98: conversion_in', '2026-06-27 09:00:07'::timestamp AT TIME ZONE 'Asia/Taipei', '2026-06-27 09:00:07'::timestamp AT TIME ZONE 'Asia/Taipei', '2026-06-27 09:00:07'::timestamp AT TIME ZONE 'Asia/Taipei', '2026-06-27 09:00:07'::timestamp AT TIME ZONE 'Asia/Taipei'),
  (166, 'LEGACY-0099-01', '99', 'store', '移轉', 'posted', 'branch-002', 'branch-003', '02', 'Migrated legacy movement 99: 移轉', '2026-06-28 09:00:07'::timestamp AT TIME ZONE 'Asia/Taipei', '2026-06-28 09:00:07'::timestamp AT TIME ZONE 'Asia/Taipei', '2026-06-28 09:00:07'::timestamp AT TIME ZONE 'Asia/Taipei', '2026-06-28 09:00:07'::timestamp AT TIME ZONE 'Asia/Taipei'),
  (167, 'LEGACY-0100-01', '100', 'store', '進貨', 'posted', NULL, 'main', '01', 'Migrated legacy movement 100: 進貨', '2026-06-28 09:47:20'::timestamp AT TIME ZONE 'Asia/Taipei', '2026-06-28 09:47:20'::timestamp AT TIME ZONE 'Asia/Taipei', '2026-06-28 09:47:20'::timestamp AT TIME ZONE 'Asia/Taipei', '2026-06-28 09:47:20'::timestamp AT TIME ZONE 'Asia/Taipei'),
  (168, 'LEGACY-0100-02', '100', 'store', 'conversion_out', 'posted', 'branch-002', NULL, '01', 'Migrated legacy movement 100: conversion_out', '2026-06-28 09:47:20'::timestamp AT TIME ZONE 'Asia/Taipei', '2026-06-28 09:47:20'::timestamp AT TIME ZONE 'Asia/Taipei', '2026-06-28 09:47:20'::timestamp AT TIME ZONE 'Asia/Taipei', '2026-06-28 09:47:20'::timestamp AT TIME ZONE 'Asia/Taipei'),
  (169, 'LEGACY-0100-03', '100', 'rental', 'conversion_in', 'posted', NULL, 'C003', '01', 'Migrated legacy movement 100: conversion_in', '2026-06-28 09:47:20'::timestamp AT TIME ZONE 'Asia/Taipei', '2026-06-28 09:47:20'::timestamp AT TIME ZONE 'Asia/Taipei', '2026-06-28 09:47:20'::timestamp AT TIME ZONE 'Asia/Taipei', '2026-06-28 09:47:20'::timestamp AT TIME ZONE 'Asia/Taipei'),
  (170, 'LEGACY-0100-04', '100', 'store', 'conversion_out', 'posted', 'branch-001', NULL, '01', 'Migrated legacy movement 100: conversion_out', '2026-06-28 09:47:20'::timestamp AT TIME ZONE 'Asia/Taipei', '2026-06-28 09:47:20'::timestamp AT TIME ZONE 'Asia/Taipei', '2026-06-28 09:47:20'::timestamp AT TIME ZONE 'Asia/Taipei', '2026-06-28 09:47:20'::timestamp AT TIME ZONE 'Asia/Taipei'),
  (171, 'LEGACY-0100-05', '100', 'rental', 'conversion_in', 'posted', NULL, 'C004', '01', 'Migrated legacy movement 100: conversion_in', '2026-06-28 09:47:20'::timestamp AT TIME ZONE 'Asia/Taipei', '2026-06-28 09:47:20'::timestamp AT TIME ZONE 'Asia/Taipei', '2026-06-28 09:47:20'::timestamp AT TIME ZONE 'Asia/Taipei', '2026-06-28 09:47:20'::timestamp AT TIME ZONE 'Asia/Taipei');

INSERT INTO store_inventory_movement_items (id, movement_id, inventory_domain, variant_id, sku_snapshot, item_name_snapshot, quantity) VALUES
  (1, 2, 'store', 'v-P019-0', 'v-P019-0', '營柱與營繩組（標準套組）', 4),
  (2, 5, 'store', 'v-P011-0', 'v-P011-0', 'Snow Peak 客廳帳（象牙白）', 10),
  (3, 6, 'store', 'v-P015-0', 'v-P015-0', '充電式頭燈（USB-C）', 11),
  (4, 7, 'store', 'v-P017-0', 'v-P017-0', '露營拖車（折疊式）', 4),
  (5, 10, 'store', 'v-P006-0', 'v-P006-0', 'Snow Peak 鈦合金杯組（鈦金屬原色）', 3),
  (6, 11, 'store', 'v-P005-0', 'v-P005-0', 'Coleman 氣化爐（標準版）', 2),
  (7, 14, 'store', 'v-P003-2', 'v-P003-2', '充氣式睡墊（L）', 6),
  (8, 19, 'store', 'v-P015-0', 'v-P015-0', '充電式頭燈（USB-C）', 2),
  (9, 20, 'store', 'v-P030-0', 'v-P030-0', '露營貼紙組（50入）', 11),
  (10, 22, 'store', 'v-P009-0', 'v-P009-0', '折疊桌椅組（鋁合金輕量版）', 1),
  (11, 26, 'store', 'v-P023-0', 'v-P023-0', '快煮鍋 1.5L（不鏽鋼）', 3),
  (12, 27, 'store', 'v-P017-0', 'v-P017-0', '露營拖車（折疊式）', 11),
  (13, 30, 'store', 'v-P016-0', 'v-P016-0', '65L 重裝背包（岩石灰）', 4),
  (14, 32, 'store', 'v-P008-1', 'v-P008-1', '防水登山背包（森林綠 / 45L）', 6),
  (15, 34, 'store', 'v-P028-0', 'v-P028-0', '折疊式焚火台（不鏽鋼）', 12),
  (16, 39, 'store', 'v-P023-0', 'v-P023-0', '快煮鍋 1.5L（不鏽鋼）', 4),
  (17, 42, 'store', 'v-P027-0', 'v-P027-0', '戶外淋浴袋（20L）', 10),
  (18, 46, 'store', 'v-P022-0', 'v-P022-0', '雙層防風外套（L號）', 5),
  (19, 47, 'store', 'v-P006-0', 'v-P006-0', 'Snow Peak 鈦合金杯組（鈦金屬原色）', 3),
  (20, 50, 'store', 'v-P014-0', 'v-P014-0', '高背月亮椅（軍綠）', 5),
  (21, 51, 'store', 'v-P023-0', 'v-P023-0', '快煮鍋 1.5L（不鏽鋼）', 10),
  (22, 58, 'store', 'v-P021-0', 'v-P021-0', '保冷冰桶 45L（深藍）', 2),
  (23, 59, 'store', 'v-P010-0', 'v-P010-0', '保溫壺 1L（消光黑）', 9),
  (24, 61, 'store', 'v-P027-0', 'v-P027-0', '戶外淋浴袋（20L）', 3),
  (25, 62, 'store', 'v-P029-0', 'v-P029-0', '防蚊帳篷內帳（通用型）', 2),
  (26, 64, 'store', 'v-P008-1', 'v-P008-1', '防水登山背包（森林綠 / 45L）', 1),
  (27, 66, 'store', 'v-P009-0', 'v-P009-0', '折疊桌椅組（鋁合金輕量版）', 2),
  (28, 67, 'store', 'v-P007-0', 'v-P007-0', 'LED 露營燈（暖白光）', 9),
  (29, 70, 'store', 'v-P026-0', 'v-P026-0', '輕量吊床（雙人）', 12),
  (30, 71, 'store', 'v-P011-0', 'v-P011-0', 'Snow Peak 客廳帳（象牙白）', 2),
  (31, 74, 'store', 'v-P011-0', 'v-P011-0', 'Snow Peak 客廳帳（象牙白）', 3),
  (32, 77, 'store', 'v-P004-0', 'v-P004-0', '羽絨睡袋（-10°C）', 2),
  (33, 78, 'store', 'v-P022-0', 'v-P022-0', '雙層防風外套（L號）', 1),
  (34, 80, 'store', 'v-P014-0', 'v-P014-0', '高背月亮椅（軍綠）', 11),
  (35, 85, 'store', 'v-P023-0', 'v-P023-0', '快煮鍋 1.5L（不鏽鋼）', 8),
  (36, 86, 'store', 'v-P030-0', 'v-P030-0', '露營貼紙組（50入）', 9),
  (37, 90, 'store', 'v-P005-0', 'v-P005-0', 'Coleman 氣化爐（標準版）', 6),
  (38, 91, 'store', 'v-P018-0', 'v-P018-0', '大型天幕（4x4m）', 8),
  (39, 99, 'store', 'v-P016-0', 'v-P016-0', '65L 重裝背包（岩石灰）', 2),
  (40, 101, 'store', 'v-P007-1', 'v-P007-1', 'LED 露營燈（冷白光）', 6),
  (41, 109, 'store', 'v-P028-0', 'v-P028-0', '折疊式焚火台（不鏽鋼）', 5),
  (42, 111, 'store', 'v-P008-1', 'v-P008-1', '防水登山背包（森林綠 / 45L）', 7),
  (43, 112, 'store', 'v-P025-0', 'v-P025-0', '防水戶外手錶（GPS版）', 11),
  (44, 116, 'store', 'v-P010-0', 'v-P010-0', '保溫壺 1L（消光黑）', 3),
  (45, 117, 'store', 'v-P021-0', 'v-P021-0', '保冷冰桶 45L（深藍）', 11),
  (46, 118, 'store', 'v-P023-0', 'v-P023-0', '快煮鍋 1.5L（不鏽鋼）', 10),
  (47, 120, 'store', 'v-P004-0', 'v-P004-0', '羽絨睡袋（-10°C）', 5),
  (48, 122, 'store', 'v-P009-0', 'v-P009-0', '折疊桌椅組（鋁合金輕量版）', 5),
  (49, 124, 'store', 'v-P022-0', 'v-P022-0', '雙層防風外套（L號）', 3),
  (50, 127, 'store', 'v-P029-0', 'v-P029-0', '防蚊帳篷內帳（通用型）', 8),
  (51, 134, 'store', 'v-P018-0', 'v-P018-0', '大型天幕（4x4m）', 9),
  (52, 135, 'store', 'v-P004-0', 'v-P004-0', '羽絨睡袋（-10°C）', 11),
  (53, 137, 'store', 'v-P003-2', 'v-P003-2', '充氣式睡墊（L）', 8),
  (54, 140, 'store', 'v-P007-0', 'v-P007-0', 'LED 露營燈（暖白光）', 5),
  (55, 144, 'store', 'v-P001-2', 'v-P001-2', 'Coleman 六人帳篷（太空灰）', 1),
  (56, 147, 'store', 'v-P019-0', 'v-P019-0', '營柱與營繩組（標準套組）', 4),
  (57, 149, 'store', 'v-P022-0', 'v-P022-0', '雙層防風外套（L號）', 7),
  (58, 155, 'store', 'v-P010-0', 'v-P010-0', '保溫壺 1L（消光黑）', 5),
  (59, 157, 'store', 'v-P021-0', 'v-P021-0', '保冷冰桶 45L（深藍）', 3),
  (60, 158, 'store', 'v-P018-0', 'v-P018-0', '大型天幕（4x4m）', 8),
  (61, 159, 'store', 'v-P015-0', 'v-P015-0', '充電式頭燈（USB-C）', 8),
  (62, 160, 'store', 'v-P025-0', 'v-P025-0', '防水戶外手錶（GPS版）', 11),
  (63, 161, 'store', 'v-P018-0', 'v-P018-0', '大型天幕（4x4m）', 3),
  (64, 166, 'store', 'v-P025-0', 'v-P025-0', '防水戶外手錶（GPS版）', 6),
  (65, 167, 'store', 'v-P014-0', 'v-P014-0', '高背月亮椅（軍綠）', 2);

INSERT INTO rental_inventory_movement_items (id, movement_id, inventory_domain, rental_sku_variant_id, sku_snapshot, item_name_snapshot, quantity) VALUES
  (1, 1, 'rental', 'v-P028-0', 'v-P028-0', '折疊式焚火台（不鏽鋼）', 1),
  (2, 3, 'rental', 'v-P008-1', 'v-P008-1', '防水登山背包（森林綠 / 45L）', 7),
  (3, 4, 'rental', 'v-P007-1', 'v-P007-1', 'LED 露營燈（冷白光）', 12),
  (4, 21, 'rental', 'v-P028-0', 'v-P028-0', '折疊式焚火台（不鏽鋼）', 5),
  (5, 23, 'rental', 'v-P028-0', 'v-P028-0', '折疊式焚火台（不鏽鋼）', 12),
  (6, 28, 'rental', 'v-P027-0', 'v-P027-0', '戶外淋浴袋（20L）', 8),
  (7, 29, 'rental', 'v-P011-0', 'v-P011-0', 'Snow Peak 客廳帳（象牙白）', 2),
  (8, 31, 'rental', 'v-P006-0', 'v-P006-0', 'Snow Peak 鈦合金杯組（鈦金屬原色）', 6),
  (9, 33, 'rental', 'v-P005-0', 'v-P005-0', 'Coleman 氣化爐（標準版）', 1),
  (10, 37, 'rental', 'v-P029-0', 'v-P029-0', '防蚊帳篷內帳（通用型）', 9),
  (11, 38, 'rental', 'v-P013-0', 'v-P013-0', '折疊蛋捲桌（胡桃木紋）', 1),
  (12, 45, 'rental', 'v-P022-0', 'v-P022-0', '雙層防風外套（L號）', 10),
  (13, 48, 'rental', 'v-P029-0', 'v-P029-0', '防蚊帳篷內帳（通用型）', 1),
  (14, 49, 'rental', 'v-P019-0', 'v-P019-0', '營柱與營繩組（標準套組）', 1),
  (15, 54, 'rental', 'v-P001-2', 'v-P001-2', 'Coleman 六人帳篷（太空灰）', 11),
  (16, 55, 'rental', 'v-P018-0', 'v-P018-0', '大型天幕（4x4m）', 1),
  (17, 60, 'rental', 'v-P021-0', 'v-P021-0', '保冷冰桶 45L（深藍）', 2),
  (18, 63, 'rental', 'v-P011-0', 'v-P011-0', 'Snow Peak 客廳帳（象牙白）', 2),
  (19, 65, 'rental', 'v-P025-0', 'v-P025-0', '防水戶外手錶（GPS版）', 7),
  (20, 72, 'rental', 'v-P016-0', 'v-P016-0', '65L 重裝背包（岩石灰）', 9),
  (21, 73, 'rental', 'v-P002-0', 'v-P002-0', 'MSR 超輕量帳篷（沙漠卡其）', 11),
  (22, 75, 'rental', 'v-P024-0', 'v-P024-0', '碳纖維登山杖（一對）', 2),
  (23, 76, 'rental', 'v-P014-0', 'v-P014-0', '高背月亮椅（軍綠）', 12),
  (24, 79, 'rental', 'v-P022-0', 'v-P022-0', '雙層防風外套（L號）', 1),
  (25, 81, 'rental', 'v-P013-0', 'v-P013-0', '折疊蛋捲桌（胡桃木紋）', 3),
  (26, 84, 'rental', 'v-P025-0', 'v-P025-0', '防水戶外手錶（GPS版）', 2),
  (27, 89, 'rental', 'v-P023-0', 'v-P023-0', '快煮鍋 1.5L（不鏽鋼）', 1),
  (28, 92, 'rental', 'v-P029-0', 'v-P029-0', '防蚊帳篷內帳（通用型）', 6),
  (29, 93, 'rental', 'v-P028-0', 'v-P028-0', '折疊式焚火台（不鏽鋼）', 1),
  (30, 96, 'rental', 'v-P009-0', 'v-P009-0', '折疊桌椅組（鋁合金輕量版）', 10),
  (31, 100, 'rental', 'v-P012-0', 'v-P012-0', '四季保暖睡袋（深藍 / M）', 6),
  (32, 106, 'rental', 'v-P021-0', 'v-P021-0', '保冷冰桶 45L（深藍）', 3),
  (33, 110, 'rental', 'v-P015-0', 'v-P015-0', '充電式頭燈（USB-C）', 10),
  (34, 115, 'rental', 'v-P014-0', 'v-P014-0', '高背月亮椅（軍綠）', 10),
  (35, 119, 'rental', 'v-P021-0', 'v-P021-0', '保冷冰桶 45L（深藍）', 9),
  (36, 121, 'rental', 'v-P027-0', 'v-P027-0', '戶外淋浴袋（20L）', 7),
  (37, 123, 'rental', 'v-P002-0', 'v-P002-0', 'MSR 超輕量帳篷（沙漠卡其）', 11),
  (38, 132, 'rental', 'v-P004-0', 'v-P004-0', '羽絨睡袋（-10°C）', 2),
  (39, 133, 'rental', 'v-P018-0', 'v-P018-0', '大型天幕（4x4m）', 1),
  (40, 136, 'rental', 'v-P028-0', 'v-P028-0', '折疊式焚火台（不鏽鋼）', 9),
  (41, 141, 'rental', 'v-P020-0', 'v-P020-0', '行動電源站（500Wh）', 8),
  (42, 148, 'rental', 'v-P013-0', 'v-P013-0', '折疊蛋捲桌（胡桃木紋）', 10),
  (43, 150, 'rental', 'v-P020-0', 'v-P020-0', '行動電源站（500Wh）', 7),
  (44, 156, 'rental', 'v-P012-0', 'v-P012-0', '四季保暖睡袋（深藍 / M）', 3);

INSERT INTO inventory_conversions (id, source_movement_id, destination_movement_id, source_variant_id, destination_rental_variant_id, source_location_id, destination_location_id, quantity, idempotency_key, created_at) VALUES
  (1, 8, 9, 'v-P003-2', 'v-P003-2', 'branch-003', 'C003', 4, 'legacy-4-item-0', '2026-03-10 09:47:20'::timestamp AT TIME ZONE 'Asia/Taipei'),
  (2, 12, 13, 'v-P025-0', 'v-P025-0', 'main', 'C002', 8, 'legacy-7-item-0', '2026-03-11 09:47:20'::timestamp AT TIME ZONE 'Asia/Taipei'),
  (3, 15, 16, 'v-P015-0', 'v-P015-0', 'main', 'C003', 11, 'legacy-8-item-0', '2026-03-13 09:00:07'::timestamp AT TIME ZONE 'Asia/Taipei'),
  (4, 17, 18, 'v-P016-0', 'v-P016-0', 'main', 'C006', 6, 'legacy-9-item-0', '2026-03-14 09:00:07'::timestamp AT TIME ZONE 'Asia/Taipei'),
  (5, 24, 25, 'v-P009-0', 'v-P009-0', 'branch-001', 'C005', 1, 'legacy-12-item-0', '2026-03-16 09:00:07'::timestamp AT TIME ZONE 'Asia/Taipei'),
  (6, 35, 36, 'v-P023-0', 'v-P023-0', 'branch-001', 'C002', 1, 'legacy-18-item-0', '2026-03-21 09:00:07'::timestamp AT TIME ZONE 'Asia/Taipei'),
  (7, 40, 41, 'v-P008-1', 'v-P008-1', 'main', 'C002', 12, 'legacy-20-item-0', '2026-03-26 09:00:07'::timestamp AT TIME ZONE 'Asia/Taipei'),
  (8, 43, 44, 'v-P020-0', 'v-P020-0', 'main', 'C005', 1, 'legacy-22-item-0', '2026-03-27 09:47:20'::timestamp AT TIME ZONE 'Asia/Taipei'),
  (9, 52, 53, 'v-P013-0', 'v-P013-0', 'branch-003', 'C005', 8, 'legacy-28-item-0', '2026-04-07 09:00:07'::timestamp AT TIME ZONE 'Asia/Taipei'),
  (10, 56, 57, 'v-P001-1', 'v-P001-1', 'branch-001', 'C003', 12, 'legacy-29-item-2', '2026-04-07 09:47:20'::timestamp AT TIME ZONE 'Asia/Taipei'),
  (11, 68, 69, 'v-P026-0', 'v-P026-0', 'branch-002', 'C002', 1, 'legacy-35-item-0', '2026-04-16 09:47:20'::timestamp AT TIME ZONE 'Asia/Taipei'),
  (12, 82, 83, 'v-P027-0', 'v-P027-0', 'branch-002', 'C002', 12, 'legacy-47-item-0', '2026-05-08 09:00:07'::timestamp AT TIME ZONE 'Asia/Taipei'),
  (13, 87, 88, 'v-P007-0', 'v-P007-0', 'branch-002', 'C002', 7, 'legacy-50-item-1', '2026-05-10 09:00:07'::timestamp AT TIME ZONE 'Asia/Taipei'),
  (14, 94, 95, 'v-P002-0', 'v-P002-0', 'branch-003', 'C003', 5, 'legacy-53-item-0', '2026-05-11 09:47:20'::timestamp AT TIME ZONE 'Asia/Taipei'),
  (15, 97, 98, 'v-P011-0', 'v-P011-0', 'main', 'C004', 9, 'legacy-55-item-0', '2026-05-13 09:00:07'::timestamp AT TIME ZONE 'Asia/Taipei'),
  (16, 102, 103, 'v-P027-0', 'v-P027-0', 'branch-001', 'C005', 1, 'legacy-59-item-0', '2026-05-19 09:00:07'::timestamp AT TIME ZONE 'Asia/Taipei'),
  (17, 104, 105, 'v-P027-0', 'v-P027-0', 'branch-001', 'C004', 6, 'legacy-60-item-0', '2026-05-20 09:00:07'::timestamp AT TIME ZONE 'Asia/Taipei'),
  (18, 107, 108, 'v-P028-0', 'v-P028-0', 'branch-003', 'C002', 12, 'legacy-62-item-0', '2026-05-24 09:00:07'::timestamp AT TIME ZONE 'Asia/Taipei'),
  (19, 113, 114, 'v-P028-0', 'v-P028-0', 'branch-001', 'C005', 12, 'legacy-66-item-0', '2026-05-26 11:21:46'::timestamp AT TIME ZONE 'Asia/Taipei'),
  (20, 125, 126, 'v-P012-1', 'v-P012-1', 'branch-002', 'C002', 5, 'legacy-75-item-0', '2026-06-02 09:00:07'::timestamp AT TIME ZONE 'Asia/Taipei'),
  (21, 128, 129, 'v-P012-1', 'v-P012-1', 'main', 'C004', 5, 'legacy-76-item-1', '2026-06-03 09:00:07'::timestamp AT TIME ZONE 'Asia/Taipei'),
  (22, 130, 131, 'v-P021-0', 'v-P021-0', 'branch-001', 'C005', 9, 'legacy-76-item-2', '2026-06-03 09:00:07'::timestamp AT TIME ZONE 'Asia/Taipei'),
  (23, 138, 139, 'v-P028-0', 'v-P028-0', 'branch-003', 'C004', 3, 'legacy-79-item-2', '2026-06-05 09:47:20'::timestamp AT TIME ZONE 'Asia/Taipei'),
  (24, 142, 143, 'v-P009-0', 'v-P009-0', 'branch-003', 'C003', 12, 'legacy-80-item-1', '2026-06-08 09:00:07'::timestamp AT TIME ZONE 'Asia/Taipei'),
  (25, 145, 146, 'v-P016-0', 'v-P016-0', 'main', 'C003', 1, 'legacy-82-item-0', '2026-06-09 09:00:07'::timestamp AT TIME ZONE 'Asia/Taipei'),
  (26, 151, 152, 'v-P011-0', 'v-P011-0', 'main', 'C002', 3, 'legacy-87-item-0', '2026-06-16 09:00:07'::timestamp AT TIME ZONE 'Asia/Taipei'),
  (27, 153, 154, 'v-P002-0', 'v-P002-0', 'branch-002', 'C003', 2, 'legacy-88-item-0', '2026-06-18 09:00:07'::timestamp AT TIME ZONE 'Asia/Taipei'),
  (28, 162, 163, 'v-P013-0', 'v-P013-0', 'main', 'C005', 10, 'legacy-96-item-0', '2026-06-24 10:34:33'::timestamp AT TIME ZONE 'Asia/Taipei'),
  (29, 164, 165, 'v-P029-0', 'v-P029-0', 'branch-003', 'C006', 4, 'legacy-98-item-0', '2026-06-27 09:00:07'::timestamp AT TIME ZONE 'Asia/Taipei'),
  (30, 168, 169, 'v-P015-0', 'v-P015-0', 'branch-002', 'C003', 10, 'legacy-100-item-0', '2026-06-28 09:47:20'::timestamp AT TIME ZONE 'Asia/Taipei'),
  (31, 170, 171, 'v-P005-0', 'v-P005-0', 'branch-001', 'C004', 1, 'legacy-100-item-2', '2026-06-28 09:47:20'::timestamp AT TIME ZONE 'Asia/Taipei');

INSERT INTO movement_migration_map (legacy_movement_id, legacy_item_ordinal, store_item_id, rental_item_id, conversion_id, quarantine_reason) VALUES
  ('1', 0, NULL, 1, NULL, NULL),
  ('2', 0, 1, NULL, NULL, NULL),
  ('3', 0, NULL, 2, NULL, NULL),
  ('3', 1, NULL, 3, NULL, NULL),
  ('3', 2, 2, NULL, NULL, NULL),
  ('4', 1, 3, NULL, NULL, NULL),
  ('4', 2, 4, NULL, NULL, NULL),
  ('4', 0, NULL, NULL, 1, NULL),
  ('5', 0, 5, NULL, NULL, NULL),
  ('6', 0, 6, NULL, NULL, NULL),
  ('7', 0, NULL, NULL, 2, NULL),
  ('8', 1, 7, NULL, NULL, NULL),
  ('8', 0, NULL, NULL, 3, NULL),
  ('9', 0, NULL, NULL, 4, NULL),
  ('10', 0, 8, NULL, NULL, NULL),
  ('11', 0, 9, NULL, NULL, NULL),
  ('11', 1, NULL, 4, NULL, NULL),
  ('12', 1, 10, NULL, NULL, NULL),
  ('12', 2, NULL, 5, NULL, NULL),
  ('12', 0, NULL, NULL, 5, NULL),
  ('13', 0, 11, NULL, NULL, NULL),
  ('13', 1, 12, NULL, NULL, NULL),
  ('14', 0, NULL, 6, NULL, NULL),
  ('15', 0, NULL, 7, NULL, NULL),
  ('15', 1, 13, NULL, NULL, NULL),
  ('15', 2, NULL, 8, NULL, NULL),
  ('16', 0, 14, NULL, NULL, NULL),
  ('17', 0, NULL, 9, NULL, NULL),
  ('18', 1, 15, NULL, NULL, NULL),
  ('18', 0, NULL, NULL, 6, NULL),
  ('19', 0, NULL, 10, NULL, NULL),
  ('20', 1, NULL, 11, NULL, NULL),
  ('20', 2, 16, NULL, NULL, NULL),
  ('20', 0, NULL, NULL, 7, NULL),
  ('21', 0, 17, NULL, NULL, NULL),
  ('22', 0, NULL, NULL, 8, NULL),
  ('23', 0, NULL, 12, NULL, NULL),
  ('23', 1, 18, NULL, NULL, NULL),
  ('23', 2, 19, NULL, NULL, NULL),
  ('24', 0, NULL, 13, NULL, NULL),
  ('25', 0, NULL, 14, NULL, NULL),
  ('26', 0, 20, NULL, NULL, NULL),
  ('27', 0, 21, NULL, NULL, NULL),
  ('28', 0, NULL, NULL, 9, NULL),
  ('29', 0, NULL, 15, NULL, NULL),
  ('29', 1, NULL, 16, NULL, NULL),
  ('29', 2, NULL, NULL, 10, NULL),
  ('30', 0, 22, NULL, NULL, NULL),
  ('31', 0, 23, NULL, NULL, NULL),
  ('31', 1, NULL, 17, NULL, NULL),
  ('31', 2, 24, NULL, NULL, NULL),
  ('32', 0, 25, NULL, NULL, NULL),
  ('32', 1, NULL, 18, NULL, NULL),
  ('32', 2, 26, NULL, NULL, NULL),
  ('33', 0, NULL, 19, NULL, NULL),
  ('33', 1, 27, NULL, NULL, NULL),
  ('34', 0, 28, NULL, NULL, NULL),
  ('35', 0, NULL, NULL, 11, NULL),
  ('36', 0, 29, NULL, NULL, NULL),
  ('37', 0, 30, NULL, NULL, NULL),
  ('38', 0, NULL, 20, NULL, NULL),
  ('39', 0, NULL, 21, NULL, NULL),
  ('40', 0, 31, NULL, NULL, NULL),
  ('41', 0, NULL, 22, NULL, NULL),
  ('42', 0, NULL, 23, NULL, NULL),
  ('42', 1, 32, NULL, NULL, NULL),
  ('43', 0, 33, NULL, NULL, NULL),
  ('44', 0, NULL, 24, NULL, NULL),
  ('45', 0, 34, NULL, NULL, NULL),
  ('46', 0, NULL, 25, NULL, NULL),
  ('47', 0, NULL, NULL, 12, NULL),
  ('48', 0, NULL, 26, NULL, NULL),
  ('49', 0, 35, NULL, NULL, NULL),
  ('50', 0, 36, NULL, NULL, NULL),
  ('50', 1, NULL, NULL, 13, NULL),
  ('51', 0, NULL, 27, NULL, NULL),
  ('51', 1, 37, NULL, NULL, NULL),
  ('52', 0, 38, NULL, NULL, NULL),
  ('52', 1, NULL, 28, NULL, NULL),
  ('53', 1, NULL, 29, NULL, NULL),
  ('53', 0, NULL, NULL, 14, NULL),
  ('54', 0, NULL, 30, NULL, NULL),
  ('55', 0, NULL, NULL, 15, NULL),
  ('56', 0, 39, NULL, NULL, NULL),
  ('57', 0, NULL, 31, NULL, NULL),
  ('58', 0, 40, NULL, NULL, NULL),
  ('59', 0, NULL, NULL, 16, NULL),
  ('60', 0, NULL, NULL, 17, NULL),
  ('61', 0, NULL, 32, NULL, NULL),
  ('62', 0, NULL, NULL, 18, NULL),
  ('63', 0, 41, NULL, NULL, NULL),
  ('63', 1, NULL, 33, NULL, NULL),
  ('64', 0, 42, NULL, NULL, NULL),
  ('65', 0, 43, NULL, NULL, NULL),
  ('66', 0, NULL, NULL, 19, NULL),
  ('67', 0, NULL, 34, NULL, NULL),
  ('68', 0, 44, NULL, NULL, NULL),
  ('69', 0, 45, NULL, NULL, NULL),
  ('70', 0, 46, NULL, NULL, NULL),
  ('70', 1, NULL, 35, NULL, NULL),
  ('70', 2, 47, NULL, NULL, NULL),
  ('71', 0, NULL, 36, NULL, NULL),
  ('72', 0, 48, NULL, NULL, NULL),
  ('73', 0, NULL, 37, NULL, NULL),
  ('74', 0, 49, NULL, NULL, NULL),
  ('75', 0, NULL, NULL, 20, NULL),
  ('76', 0, 50, NULL, NULL, NULL),
  ('76', 1, NULL, NULL, 21, NULL),
  ('76', 2, NULL, NULL, 22, NULL),
  ('77', 0, NULL, 38, NULL, NULL),
  ('77', 1, NULL, 39, NULL, NULL),
  ('77', 2, 51, NULL, NULL, NULL),
  ('78', 0, 52, NULL, NULL, NULL),
  ('79', 0, NULL, 40, NULL, NULL),
  ('79', 1, 53, NULL, NULL, NULL),
  ('79', 2, NULL, NULL, 23, NULL),
  ('80', 0, 54, NULL, NULL, NULL),
  ('80', 2, NULL, 41, NULL, NULL),
  ('80', 1, NULL, NULL, 24, NULL),
  ('81', 0, 55, NULL, NULL, NULL),
  ('82', 0, NULL, NULL, 25, NULL),
  ('83', 0, 56, NULL, NULL, NULL),
  ('84', 0, NULL, 42, NULL, NULL),
  ('85', 0, 57, NULL, NULL, NULL),
  ('86', 0, NULL, 43, NULL, NULL),
  ('87', 0, NULL, NULL, 26, NULL),
  ('88', 0, NULL, NULL, 27, NULL),
  ('89', 0, 58, NULL, NULL, NULL),
  ('90', 0, NULL, 44, NULL, NULL),
  ('91', 0, 59, NULL, NULL, NULL),
  ('92', 0, 60, NULL, NULL, NULL),
  ('93', 0, 61, NULL, NULL, NULL),
  ('94', 0, 62, NULL, NULL, NULL),
  ('95', 0, 63, NULL, NULL, NULL),
  ('96', 0, NULL, NULL, 28, NULL),
  ('97', 0, NULL, NULL, NULL, 'NO_RENTAL_VARIANT: P010/v-P010-0 cannot enter rental location C002'),
  ('98', 0, NULL, NULL, 29, NULL),
  ('99', 0, 64, NULL, NULL, NULL),
  ('100', 1, 65, NULL, NULL, NULL),
  ('100', 0, NULL, NULL, 30, NULL),
  ('100', 2, NULL, NULL, 31, NULL);

SELECT setval(pg_get_serial_sequence('zone_blocks_p5', 'id'), 2, true);
SELECT setval(pg_get_serial_sequence('campground_closures_p5', 'id'), 2, true);
SELECT setval(pg_get_serial_sequence('inventory_movements', 'id'), 171, true);
SELECT setval(pg_get_serial_sequence('store_inventory_movement_items', 'id'), 65, true);
SELECT setval(pg_get_serial_sequence('rental_inventory_movement_items', 'id'), 44, true);
SELECT setval(pg_get_serial_sequence('inventory_conversions', 'id'), 31, true);

