-- Generated by admin/scripts/generate-p6-backfill.cjs. Do not edit by hand.
SET TIME ZONE 'Asia/Taipei';

INSERT INTO migration.p6_review_source (id, payload) VALUES
  ('REV001', '{"id":"REV001","customerId":"U001","productId":"P001","orderId":null,"buyerName":"Amy Chen","buyerAvatar":"/assets/images/avatar-01.jpg","rating":5,"comment":"出貨快速，包裝完整，大推！","photos":[],"createdAt":"2026-03-05 10:20:00","productName":"Coleman 六人帳篷","variantId":"v-P001-0","sku":"v-P001-0"}'::jsonb),
  ('REV002', '{"id":"REV002","customerId":"U002","productId":"P002","orderId":null,"buyerName":"林美惠","buyerAvatar":"/assets/images/avatar-02.jpg","rating":4,"comment":"品質良好，物流稍慢但可理解。","photos":[],"createdAt":"2026-03-06 09:10:00","productName":"MSR 超輕量帳篷","variantId":"v-P002-0","sku":"v-P002-0"}'::jsonb),
  ('REV003', '{"id":"REV003","customerId":"U003","productId":"P003","orderId":null,"buyerName":"張志偉","buyerAvatar":"/assets/images/avatar-03.jpg","rating":3,"comment":"尚可，但與期待有些落差。","photos":[],"createdAt":"2026-03-07 16:58:00","productName":"充氣式睡墊","variantId":"v-P003-2","sku":"v-P003-2"}'::jsonb),
  ('REV004', '{"id":"REV004","customerId":"U032","productId":"P004","orderId":null,"buyerName":"鍾怡君","buyerAvatar":"/assets/images/avatar-03.jpg","rating":5,"comment":"露營必備，物超所值！","photos":[],"createdAt":"2026-03-08 12:47:00","productName":"羽絨睡袋","variantId":"v-P004-0","sku":"v-P004-0"}'::jsonb),
  ('REV005', '{"id":"REV005","customerId":"U004","productId":"P005","orderId":null,"buyerName":"黃淑芬","buyerAvatar":"/assets/images/avatar-01.jpg","rating":2,"comment":"顏色與圖片不符，有點失望。","photos":[],"createdAt":"2026-03-09 11:26:00","productName":"Coleman 氣化爐","variantId":"v-P005-0","sku":"v-P005-0"}'::jsonb),
  ('REV006', '{"id":"REV006","customerId":"U006","productId":"P006","orderId":null,"buyerName":"陳大華","buyerAvatar":"/assets/images/avatar-03.jpg","rating":4,"comment":"功能符合期待，性價比高。","photos":[],"createdAt":"2026-03-10 18:21:00","productName":"Snow Peak 鈦合金杯組","variantId":"v-P006-0","sku":"v-P006-0"}'::jsonb),
  ('REV007', '{"id":"REV007","customerId":"U018","productId":"P007","orderId":null,"buyerName":"曾雅雯","buyerAvatar":"/assets/images/avatar-01.jpg","rating":1,"comment":"收到瑕疵品，申請退換貨中。","photos":[],"createdAt":"2026-03-11 11:56:00","productName":"LED 露營燈","variantId":"v-P007-0","sku":"v-P007-0"}'::jsonb),
  ('REV008', '{"id":"REV008","customerId":"U048","productId":"P008","orderId":null,"buyerName":"鄧欣妤","buyerAvatar":"/assets/images/avatar-01.jpg","rating":4,"comment":"整體不錯，小瑕疵可接受。","photos":[],"createdAt":"2026-03-12 13:53:00","productName":"防水登山背包","variantId":"v-P008-1","sku":"v-P008-1"}'::jsonb),
  ('REV009', '{"id":"REV009","customerId":"U046","productId":"P009","orderId":null,"buyerName":"曹佩珊","buyerAvatar":"/assets/images/avatar-02.jpg","rating":1,"comment":"完全不符合描述，不推薦。","photos":[],"createdAt":"2026-03-13 09:42:00","productName":"折疊桌椅組","variantId":"v-P009-0","sku":"v-P009-0"}'::jsonb),
  ('REV010', '{"id":"REV010","customerId":"U008","productId":"P010","orderId":null,"buyerName":"吳建宏","buyerAvatar":"/assets/images/avatar-02.jpg","rating":5,"comment":"使用體驗極佳，會再回購。","photos":[],"createdAt":"2026-03-14 20:15:00","productName":"保溫壺 1L","variantId":"v-P010-0","sku":"v-P010-0"}'::jsonb),
  ('REV011', '{"id":"REV011","customerId":"U011","productId":"P011","orderId":null,"buyerName":"鄭文豪","buyerAvatar":"/assets/images/avatar-03.jpg","rating":4,"comment":"品質良好，物流稍慢但可理解。","photos":[],"createdAt":"2026-03-15 18:26:00","productName":"Snow Peak 客廳帳","variantId":"v-P011-0","sku":"v-P011-0"}'::jsonb),
  ('REV012', '{"id":"REV012","customerId":"U045","productId":"P012","orderId":null,"buyerName":"段家銘","buyerAvatar":"/assets/images/avatar-01.jpg","rating":4,"comment":"整體不錯，小瑕疵可接受。","photos":[],"createdAt":"2026-03-16 10:03:00","productName":"四季保暖睡袋","variantId":"v-P012-1","sku":"v-P012-1"}'::jsonb),
  ('REV013', '{"id":"REV013","customerId":"U037","productId":"P013","orderId":null,"buyerName":"韓宗翰","buyerAvatar":"/assets/images/avatar-02.jpg","rating":3,"comment":"品質普通，價格略高。","photos":[],"createdAt":"2026-03-17 08:42:00","productName":"折疊蛋捲桌","variantId":"v-P013-0","sku":"v-P013-0"}'::jsonb),
  ('REV014', '{"id":"REV014","customerId":"U030","productId":"P014","orderId":null,"buyerName":"簡惠如","buyerAvatar":"/assets/images/avatar-01.jpg","rating":5,"comment":"出貨快速，包裝完整，大推！","photos":[],"createdAt":"2026-03-18 19:24:00","productName":"高背月亮椅","variantId":"v-P014-0","sku":"v-P014-0"}'::jsonb),
  ('REV015', '{"id":"REV015","customerId":"U050","productId":"P015","orderId":null,"buyerName":"丁惠珍","buyerAvatar":"/assets/images/avatar-03.jpg","rating":4,"comment":"功能符合期待，性價比高。","photos":[],"createdAt":"2026-03-19 08:26:00","productName":"充電式頭燈","variantId":"v-P015-0","sku":"v-P015-0"}'::jsonb),
  ('REV016', '{"id":"REV016","customerId":"U015","productId":"P016","orderId":null,"buyerName":"洪偉傑","buyerAvatar":"/assets/images/avatar-01.jpg","rating":2,"comment":"材質比想像中薄，不太耐用。","photos":[],"createdAt":"2026-03-20 11:49:00","productName":"65L 重裝背包","variantId":"v-P016-0","sku":"v-P016-0"}'::jsonb),
  ('REV017', '{"id":"REV017","customerId":"U019","productId":"P017","orderId":null,"buyerName":"廖俊傑","buyerAvatar":"/assets/images/avatar-02.jpg","rating":5,"comment":"露營必備，物超所值！","photos":[],"createdAt":"2026-03-21 16:00:00","productName":"露營拖車","variantId":"v-P017-0","sku":"v-P017-0"}'::jsonb),
  ('REV018', '{"id":"REV018","customerId":"U017","productId":"P018","orderId":null,"buyerName":"邱冠宇","buyerAvatar":"/assets/images/avatar-03.jpg","rating":2,"comment":"顏色與圖片不符，有點失望。","photos":[],"createdAt":"2026-03-22 12:40:00","productName":"大型天幕","variantId":"v-P018-0","sku":"v-P018-0"}'::jsonb),
  ('REV019', '{"id":"REV019","customerId":"U011","productId":"P019","orderId":null,"buyerName":"鄭文豪","buyerAvatar":"/assets/images/avatar-03.jpg","rating":2,"comment":"顏色與圖片不符，有點失望。","photos":[],"createdAt":"2026-03-23 11:45:00","productName":"營柱與營繩組","variantId":"v-P019-0","sku":"v-P019-0"}'::jsonb),
  ('REV020', '{"id":"REV020","customerId":"U028","productId":"P020","orderId":null,"buyerName":"高詩涵","buyerAvatar":"/assets/images/avatar-02.jpg","rating":4,"comment":"整體不錯，小瑕疵可接受。","photos":[],"createdAt":"2026-03-24 14:30:00","productName":"行動電源站","variantId":"v-P020-0","sku":"v-P020-0"}'::jsonb),
  ('REV021', '{"id":"REV021","customerId":"U050","productId":"P021","orderId":null,"buyerName":"丁惠珍","buyerAvatar":"/assets/images/avatar-03.jpg","rating":5,"comment":"出貨快速，包裝完整，大推！","photos":[],"createdAt":"2026-03-25 19:22:00","productName":"保冷冰桶 45L","variantId":"v-P021-0","sku":"v-P021-0"}'::jsonb),
  ('REV022', '{"id":"REV022","customerId":"U009","productId":"P022","orderId":null,"buyerName":"劉雅婷","buyerAvatar":"/assets/images/avatar-03.jpg","rating":2,"comment":"材質比想像中薄，不太耐用。","photos":[],"createdAt":"2026-03-26 14:40:00","productName":"雙層防風外套","variantId":"v-P022-0","sku":"v-P022-0"}'::jsonb),
  ('REV023', '{"id":"REV023","customerId":"U041","productId":"P023","orderId":null,"buyerName":"程俊賢","buyerAvatar":"/assets/images/avatar-03.jpg","rating":5,"comment":"使用體驗極佳，會再回購。","photos":[],"createdAt":"2026-03-27 20:12:00","productName":"快煮鍋 1.5L","variantId":"v-P023-0","sku":"v-P023-0"}'::jsonb),
  ('REV024', '{"id":"REV024","customerId":"U049","productId":"P024","orderId":null,"buyerName":"許柏均","buyerAvatar":"/assets/images/avatar-02.jpg","rating":5,"comment":"出貨快速，包裝完整，大推！","photos":[],"createdAt":"2026-03-28 13:16:00","productName":"碳纖維登山杖","variantId":"v-P024-0","sku":"v-P024-0"}'::jsonb),
  ('REV025', '{"id":"REV025","customerId":"U045","productId":"P025","orderId":null,"buyerName":"段家銘","buyerAvatar":"/assets/images/avatar-01.jpg","rating":4,"comment":"整體不錯，小瑕疵可接受。","photos":[],"createdAt":"2026-03-29 10:03:00","productName":"防水戶外手錶","variantId":"v-P025-0","sku":"v-P025-0"}'::jsonb),
  ('REV026', '{"id":"REV026","customerId":"U024","productId":"P026","orderId":null,"buyerName":"莊淑惠","buyerAvatar":"/assets/images/avatar-01.jpg","rating":4,"comment":"品質良好，物流稍慢但可理解。","photos":[],"createdAt":"2026-03-30 09:10:00","productName":"輕量吊床","variantId":"v-P026-0","sku":"v-P026-0"}'::jsonb),
  ('REV027', '{"id":"REV027","customerId":"U038","productId":"P027","orderId":null,"buyerName":"唐美玲","buyerAvatar":"/assets/images/avatar-03.jpg","rating":3,"comment":"使用上沒大問題，包裝可再加強。","photos":[],"createdAt":"2026-04-01 21:10:00","productName":"戶外淋浴袋","variantId":"v-P027-0","sku":"v-P027-0"}'::jsonb),
  ('REV028', '{"id":"REV028","customerId":"U028","productId":"P028","orderId":null,"buyerName":"高詩涵","buyerAvatar":"/assets/images/avatar-02.jpg","rating":3,"comment":"品質普通，價格略高。","photos":[],"createdAt":"2026-04-02 11:42:00","productName":"折疊式焚火台","variantId":"v-P028-0","sku":"v-P028-0"}'::jsonb),
  ('REV029', '{"id":"REV029","customerId":"U021","productId":"P029","orderId":null,"buyerName":"徐柏翰","buyerAvatar":"/assets/images/avatar-01.jpg","rating":3,"comment":"使用上沒大問題，包裝可再加強。","photos":[],"createdAt":"2026-04-03 14:09:00","productName":"防蚊帳篷內帳","variantId":"v-P029-0","sku":"v-P029-0"}'::jsonb),
  ('REV030', '{"id":"REV030","customerId":"U042","productId":"P030","orderId":null,"buyerName":"傅淑芬","buyerAvatar":"/assets/images/avatar-01.jpg","rating":5,"comment":"品質超棒，非常滿意！","photos":[],"createdAt":"2026-04-04 17:04:00","productName":"露營貼紙組","variantId":"v-P030-0","sku":"v-P030-0"}'::jsonb),
  ('REV031', '{"id":"REV031","_seedTag":"summer-2026-v3","customerId":"U027","productId":"P001","orderId":208,"buyerName":"羅俊宏","buyerAvatar":"/assets/images/avatar-01.jpg","rating":5,"comment":"暑假出貨很快，帳篷品質很棒！","photos":[],"createdAt":"2026-07-10 10:00:00","productName":"Coleman 六人帳篷","variantId":"v-P001-0","sku":"v-P001-0"}'::jsonb),
  ('REV032', '{"id":"REV032","_seedTag":"summer-2026-v3","customerId":"U032","productId":"P008","orderId":null,"buyerName":"鍾怡君","buyerAvatar":"/assets/images/avatar-03.jpg","rating":4,"comment":"睡袋保暖效果佳，推薦秋冬使用。","photos":[],"createdAt":"2026-07-12 14:30:00","productName":"防水登山背包","variantId":"v-P008-0","sku":"v-P008-0"}'::jsonb),
  ('REV033', '{"id":"REV033","_seedTag":"summer-2026-v3","customerId":"U036","productId":"P024","orderId":null,"buyerName":"彭心怡","buyerAvatar":"/assets/images/avatar-01.jpg","rating":5,"comment":"登山杖輕量穩固，八月爬山必備。","photos":[],"createdAt":"2026-07-15 09:20:00","productName":"碳纖維登山杖","variantId":"v-P024-0","sku":"v-P024-0"}'::jsonb),
  ('REV034', '{"id":"REV034","_seedTag":"summer-2026-v3","customerId":"U043","productId":"P009","orderId":null,"buyerName":"范冠霖","buyerAvatar":"/assets/images/avatar-02.jpg","rating":4,"comment":"桌椅組收納方便，家庭露營很實用。","photos":[],"createdAt":"2026-07-25 16:00:00","productName":"折疊桌椅組","variantId":"v-P009-0","sku":"v-P009-0"}'::jsonb),
  ('REV035', '{"id":"REV035","_seedTag":"summer-2026-v3","customerId":"U047","productId":"P013","orderId":null,"buyerName":"袁宇翔","buyerAvatar":"/assets/images/avatar-03.jpg","rating":5,"comment":"八月促銷入手，CP 值很高！","photos":[],"createdAt":"2026-08-12 11:45:00","productName":"折疊蛋捲桌","variantId":"v-P013-0","sku":"v-P013-0"}'::jsonb),
  ('REV036', '{"id":"REV036","_seedTag":"summer-2026-v3","customerId":"U049","productId":"P016","orderId":null,"buyerName":"許柏均","buyerAvatar":"/assets/images/avatar-02.jpg","rating":4,"comment":"爐具火力足，中秋烤肉露營剛好。","photos":[],"createdAt":"2026-08-28 10:10:00","productName":"65L 重裝背包","variantId":"v-P016-0","sku":"v-P016-0"}'::jsonb),
  ('REV037', '{"id":"REV037","_seedTag":"summer-2026-v3","customerId":"U001","productId":"P019","orderId":null,"buyerName":"Amy Chen","buyerAvatar":"/assets/images/avatar-01.jpg","rating":5,"comment":"九月補貨到貨，包裝完整無損。","photos":[],"createdAt":"2026-09-05 15:00:00","productName":"營柱與營繩組","variantId":"v-P019-0","sku":"v-P019-0"}'::jsonb),
  ('REV038', '{"id":"REV038","_seedTag":"summer-2026-v3","customerId":"U003","productId":"P021","orderId":null,"buyerName":"張志偉","buyerAvatar":"/assets/images/avatar-03.jpg","rating":5,"comment":"秋季露營必備，質感很好。","photos":[],"createdAt":"2026-09-18 09:30:00","productName":"保冷冰桶 45L","variantId":"v-P021-0","sku":"v-P021-0"}'::jsonb);

INSERT INTO migration.p6_article_source (id, payload) VALUES
  ('art-001', '{"id":"art-001","title":"露營新手指南：如何選擇適合自己的帳篷","category":"新手教學","author":"Amy 露營教練","authorAvatar":"https://picsum.photos/seed/author1/40/40","publishedDate":"2026-03-15","readTime":8,"image":"https://picsum.photos/seed/article1/800/450","excerpt":"第一次露營，面對琳琅滿目的帳篷品牌和型號，你是否也感到茫然？本篇整理了選擇帳篷前必須考慮的 5 大關鍵因素，讓你第一次就買對！","tags":["新手","帳篷","購買指南"],"isFeatured":true,"relatedProducts":["P001","P010","P018"],"content":[{"type":"text","value":"帳篷是露營裝備中最重要的投資，選對了可以陪伴你走遍山林，選錯了可能讓你的露營體驗大打折扣。以下是我在帶過數百場露營課程後，整理出的五大選購關鍵。"},{"type":"heading","value":"1. 容納人數：不要只看標示"},{"type":"text","value":"帳篷標示的「2人帳」往往只是剛好塞下兩個睡袋的尺寸，幾乎沒有額外空間。建議有兩人使用時選擇「3人帳」，家庭露營（4人）則選「6人帳」，才能有舒適的移動空間。"},{"type":"product","productId":"P001"},{"type":"heading","value":"2. 防水係數：台灣多雨環境的必要考量"},{"type":"text","value":"台灣山區雨量充沛，建議選擇防水係數（耐水壓）至少 2000mm 以上的帳篷。如果常在高山露營，建議 3000mm 以上。外帳縫線部分務必確認是否有防水膠條處理。"},{"type":"heading","value":"3. 重量：你真的需要超輕嗎？"},{"type":"text","value":"輕量帳篷通常售價昂貴，如果只是車泊（汽車露營），1-2kg 的重量差異其實不重要。只有在需要長途徒步的場景，輕量化才是優先考量。"},{"type":"product","productId":"P010"},{"type":"heading","value":"4. 通風設計：悶熱才是夏天最大的敵人"},{"type":"text","value":"夏天露營，帳篷的通風比保暖更重要。尋找有前後通風口、內帳以網布為主的設計，可以有效降低帳內溫度，讓你在悶熱的夏夜也能舒適入眠。"},{"type":"heading","value":"5. 搭建難度：建議現場試搭"},{"type":"text","value":"購買前若可以在門市試搭是最理想的。網路購買時，可以搜尋 YouTube 搭建教學影片，評估是否在天黑、疲憊的狀態下也能搭建完成。"}]}'::jsonb),
  ('art-002', '{"id":"art-002","title":"2026 春季露營景點推薦：台灣最美五大營地","category":"景點推薦","author":"Tom 資深露友","authorAvatar":"https://picsum.photos/seed/author2/40/40","publishedDate":"2026-03-20","readTime":6,"image":"https://picsum.photos/seed/article2/800/450","excerpt":"春暖花開，正是露營的黃金季節！我們精選了台灣五個各具特色的營地，有夜景美景、有林間靜謐，更有親子友善設施，讓你週末說走就走。","tags":["景點","春季","台灣"],"isFeatured":false,"relatedProducts":["P007","P016"],"content":[{"type":"text","value":"春天是露營最舒適的季節，氣候宜人，蟲蟲還未大量出沒。以下是我今年走訪過的五個值得推薦的營地。"},{"type":"heading","value":"1. 合歡山頂高山帳篷區"},{"type":"text","value":"海拔 3275 公尺的合歡山，夜晚星空之美無與倫比。需要提前申請入場，裝備必須能應對低溫（夜晚可能低至 5°C 以下）。建議攜帶 -5°C 等級睡袋。"},{"type":"product","productId":"P004"},{"type":"heading","value":"2. 福隆海水浴場海景營地"},{"type":"text","value":"可以一邊聽海浪聲入眠的海景營地，交通便利（距台北約一小時），設施完善，適合親子家庭。建議攜帶大型天幕帳遮陽。"},{"type":"product","productId":"P018"}]}'::jsonb),
  ('art-003', '{"id":"art-003","title":"露營廚藝升級：如何用瓦斯爐做出星級料理","category":"生活技巧","author":"Jenny 美食露友","authorAvatar":"https://picsum.photos/seed/author3/40/40","publishedDate":"2026-04-01","readTime":10,"image":"https://picsum.photos/seed/article3/800/450","excerpt":"誰說戶外料理只能泡麵？只要準備對工具，在營地也能享受媲美餐廳的美食！本篇分享我最常用的 3 道戶外料理食譜和必備炊具清單。","tags":["料理","炊具","生活技巧"],"isFeatured":false,"relatedProducts":["P003","P012"],"content":[{"type":"text","value":"戶外料理是露營體驗中最有趣的部分之一。配合大自然的環境，即使是簡單的料理也會變得格外美味。"},{"type":"heading","value":"必備炊具清單"},{"type":"text","value":"入門露營廚師建議攜帶：輕量化瓦斯爐一台、1.5L 鋁合金鍋一只、折疊式砧板、不鏽鋼刀具組。進階版本則可以考慮鑄鐵鍋和瓦斯雙口爐。"},{"type":"product","productId":"P003"},{"type":"product","productId":"P012"},{"type":"heading","value":"食譜 1：一鍋鮮菇雞肉炊飯"},{"type":"text","value":"食材全部事先在家切好裝袋，到營地只需一個鍋子就能完成。洗米→加入雞腿塊、舞菇、醬油、味醂→大火煮滾→轉小火悶 15 分鐘，起鍋前撒上蔥花即可。"}]}'::jsonb),
  ('art-004', '{"id":"art-004","title":"登山健行裝備完全指南：從頭到腳的清單","category":"裝備評測","author":"Mark 登山嚮導","authorAvatar":"https://picsum.photos/seed/author4/40/40","publishedDate":"2026-04-10","readTime":12,"image":"https://picsum.photos/seed/article4/800/450","excerpt":"計畫人生第一次登山健行？這份從頭到腳的裝備清單，讓你出發前不遺漏任何重要裝備，同時避免過度購買造成背包超重。","tags":["登山","裝備","清單"],"isFeatured":true,"relatedProducts":["P002","P007","P009","P011"],"content":[{"type":"text","value":"登山前的裝備準備是整個旅程最重要的環節。以下依照重要性分類列出必備裝備。"},{"type":"heading","value":"十大必攜裝備（The Ten Essentials）"},{"type":"text","value":"這是登山界公認的安全基本裝備清單：導航工具、頭燈、防曬防護、急救用品、修繕工具、火種、緊急避難工具、食物、飲水、衣物備品。"},{"type":"product","productId":"P009"},{"type":"product","productId":"P002"}]}'::jsonb),
  ('art-005', '{"id":"art-005","title":"輕量化露營入門：如何讓背包重量低於 10kg","category":"新手教學","author":"Amy 露營教練","authorAvatar":"https://picsum.photos/seed/author1/40/40","publishedDate":"2026-04-20","readTime":9,"image":"https://picsum.photos/seed/article5/800/450","excerpt":"輕量化不代表要犧牲舒適度，更不需要花大錢換頂級裝備。透過聰明的裝備選擇和打包技巧，你也能讓背包重量大幅降低。","tags":["輕量化","裝備","背包"],"isFeatured":false,"relatedProducts":["P001","P008","P013"],"content":[{"type":"text","value":"輕量化露營（Ultralight Backpacking）近年越來越受到重視，因為減輕負重不只讓行走更輕鬆，更能讓你在路上欣賞更多風景。"},{"type":"heading","value":"「大三樣」是關鍵"},{"type":"text","value":"背包、帳篷、睡袋被稱為「大三樣」，佔了背包重量的 50-70%。優先投資輕量化的大三樣，效益最高。"},{"type":"product","productId":"P001"},{"type":"product","productId":"P013"}]}'::jsonb),
  ('art-006', '{"id":"art-006","title":"夏季防蟲防曬：戶外活動者的全季節保護攻略","category":"生活技巧","author":"Jenny 美食露友","authorAvatar":"https://picsum.photos/seed/author3/40/40","publishedDate":"2026-05-01","readTime":7,"image":"https://picsum.photos/seed/article6/800/450","excerpt":"夏季戶外活動最大的困擾莫過於蚊蟲叮咬和強烈日曬。本篇整理了實測有效的防蟲防曬策略，讓你夏天露營也能清爽舒適。","tags":["夏季","防蟲","防曬"],"isFeatured":false,"relatedProducts":["P007","P017"],"content":[{"type":"text","value":"夏天露營是很多人的夢想，但炎熱、蚊蟲和強烈紫外線常常成為阻礙。以下幾個策略可以有效提升夏日露營體驗。"},{"type":"heading","value":"防蟲三大法"},{"type":"text","value":"1. 選擇長袖排汗衣：既能防曬又能減少暴露肌膚。2. DEET 成分防蚊液：噴在衣服上效果更好。3. 天幕防蚊帳：讓烹飪和用餐空間完全隔絕蚊蟲。"},{"type":"product","productId":"P017"}]}'::jsonb);

INSERT INTO migration.p6_review_resolution (review_id, disposition, order_item_id, resolution_method, legacy_reason) VALUES
  ('REV001', 'legacy', NULL, 'NO_ORDER_ID', 'NO_ORDER_ID: source review cannot be tied to an authoritative purchase'),
  ('REV002', 'legacy', NULL, 'NO_ORDER_ID', 'NO_ORDER_ID: source review cannot be tied to an authoritative purchase'),
  ('REV003', 'legacy', NULL, 'NO_ORDER_ID', 'NO_ORDER_ID: source review cannot be tied to an authoritative purchase'),
  ('REV004', 'legacy', NULL, 'NO_ORDER_ID', 'NO_ORDER_ID: source review cannot be tied to an authoritative purchase'),
  ('REV005', 'legacy', NULL, 'NO_ORDER_ID', 'NO_ORDER_ID: source review cannot be tied to an authoritative purchase'),
  ('REV006', 'legacy', NULL, 'NO_ORDER_ID', 'NO_ORDER_ID: source review cannot be tied to an authoritative purchase'),
  ('REV007', 'legacy', NULL, 'NO_ORDER_ID', 'NO_ORDER_ID: source review cannot be tied to an authoritative purchase'),
  ('REV008', 'legacy', NULL, 'NO_ORDER_ID', 'NO_ORDER_ID: source review cannot be tied to an authoritative purchase'),
  ('REV009', 'legacy', NULL, 'NO_ORDER_ID', 'NO_ORDER_ID: source review cannot be tied to an authoritative purchase'),
  ('REV010', 'legacy', NULL, 'NO_ORDER_ID', 'NO_ORDER_ID: source review cannot be tied to an authoritative purchase'),
  ('REV011', 'legacy', NULL, 'NO_ORDER_ID', 'NO_ORDER_ID: source review cannot be tied to an authoritative purchase'),
  ('REV012', 'legacy', NULL, 'NO_ORDER_ID', 'NO_ORDER_ID: source review cannot be tied to an authoritative purchase'),
  ('REV013', 'legacy', NULL, 'NO_ORDER_ID', 'NO_ORDER_ID: source review cannot be tied to an authoritative purchase'),
  ('REV014', 'legacy', NULL, 'NO_ORDER_ID', 'NO_ORDER_ID: source review cannot be tied to an authoritative purchase'),
  ('REV015', 'legacy', NULL, 'NO_ORDER_ID', 'NO_ORDER_ID: source review cannot be tied to an authoritative purchase'),
  ('REV016', 'legacy', NULL, 'NO_ORDER_ID', 'NO_ORDER_ID: source review cannot be tied to an authoritative purchase'),
  ('REV017', 'legacy', NULL, 'NO_ORDER_ID', 'NO_ORDER_ID: source review cannot be tied to an authoritative purchase'),
  ('REV018', 'legacy', NULL, 'NO_ORDER_ID', 'NO_ORDER_ID: source review cannot be tied to an authoritative purchase'),
  ('REV019', 'legacy', NULL, 'NO_ORDER_ID', 'NO_ORDER_ID: source review cannot be tied to an authoritative purchase'),
  ('REV020', 'legacy', NULL, 'NO_ORDER_ID', 'NO_ORDER_ID: source review cannot be tied to an authoritative purchase'),
  ('REV021', 'legacy', NULL, 'NO_ORDER_ID', 'NO_ORDER_ID: source review cannot be tied to an authoritative purchase'),
  ('REV022', 'legacy', NULL, 'NO_ORDER_ID', 'NO_ORDER_ID: source review cannot be tied to an authoritative purchase'),
  ('REV023', 'legacy', NULL, 'NO_ORDER_ID', 'NO_ORDER_ID: source review cannot be tied to an authoritative purchase'),
  ('REV024', 'legacy', NULL, 'NO_ORDER_ID', 'NO_ORDER_ID: source review cannot be tied to an authoritative purchase'),
  ('REV025', 'legacy', NULL, 'NO_ORDER_ID', 'NO_ORDER_ID: source review cannot be tied to an authoritative purchase'),
  ('REV026', 'legacy', NULL, 'NO_ORDER_ID', 'NO_ORDER_ID: source review cannot be tied to an authoritative purchase'),
  ('REV027', 'legacy', NULL, 'NO_ORDER_ID', 'NO_ORDER_ID: source review cannot be tied to an authoritative purchase'),
  ('REV028', 'legacy', NULL, 'NO_ORDER_ID', 'NO_ORDER_ID: source review cannot be tied to an authoritative purchase'),
  ('REV029', 'legacy', NULL, 'NO_ORDER_ID', 'NO_ORDER_ID: source review cannot be tied to an authoritative purchase'),
  ('REV030', 'legacy', NULL, 'NO_ORDER_ID', 'NO_ORDER_ID: source review cannot be tied to an authoritative purchase'),
  ('REV031', 'formal', 418, 'EXACT_ORDER_CUSTOMER_PRODUCT_VARIANT', NULL),
  ('REV032', 'legacy', NULL, 'NO_ORDER_ID', 'NO_ORDER_ID: source review cannot be tied to an authoritative purchase'),
  ('REV033', 'legacy', NULL, 'NO_ORDER_ID', 'NO_ORDER_ID: source review cannot be tied to an authoritative purchase'),
  ('REV034', 'legacy', NULL, 'NO_ORDER_ID', 'NO_ORDER_ID: source review cannot be tied to an authoritative purchase'),
  ('REV035', 'legacy', NULL, 'NO_ORDER_ID', 'NO_ORDER_ID: source review cannot be tied to an authoritative purchase'),
  ('REV036', 'legacy', NULL, 'NO_ORDER_ID', 'NO_ORDER_ID: source review cannot be tied to an authoritative purchase'),
  ('REV037', 'legacy', NULL, 'NO_ORDER_ID', 'NO_ORDER_ID: source review cannot be tied to an authoritative purchase'),
  ('REV038', 'legacy', NULL, 'NO_ORDER_ID', 'NO_ORDER_ID: source review cannot be tied to an authoritative purchase');

INSERT INTO reviews_p6 (id, order_item_id, rating, comment, created_at) VALUES
  ('REV031', 418, 5, '暑假出貨很快，帳篷品質很棒！', '2026-07-10 10:00:00'::timestamp AT TIME ZONE 'Asia/Taipei');

INSERT INTO legacy_reviews (id, customer_id, product_id, variant_id, sku_snapshot, buyer_name_snapshot, buyer_avatar_snapshot, product_name_snapshot, rating, comment, created_at, legacy_reason) VALUES
  ('REV001', 'U001', 'P001', 'v-P001-0', 'v-P001-0', 'Amy Chen', '/assets/images/avatar-01.jpg', 'Coleman 六人帳篷', 5, '出貨快速，包裝完整，大推！', '2026-03-05 10:20:00'::timestamp AT TIME ZONE 'Asia/Taipei', 'NO_ORDER_ID: source review cannot be tied to an authoritative purchase'),
  ('REV002', 'U002', 'P002', 'v-P002-0', 'v-P002-0', '林美惠', '/assets/images/avatar-02.jpg', 'MSR 超輕量帳篷', 4, '品質良好，物流稍慢但可理解。', '2026-03-06 09:10:00'::timestamp AT TIME ZONE 'Asia/Taipei', 'NO_ORDER_ID: source review cannot be tied to an authoritative purchase'),
  ('REV003', 'U003', 'P003', 'v-P003-2', 'v-P003-2', '張志偉', '/assets/images/avatar-03.jpg', '充氣式睡墊', 3, '尚可，但與期待有些落差。', '2026-03-07 16:58:00'::timestamp AT TIME ZONE 'Asia/Taipei', 'NO_ORDER_ID: source review cannot be tied to an authoritative purchase'),
  ('REV004', 'U032', 'P004', 'v-P004-0', 'v-P004-0', '鍾怡君', '/assets/images/avatar-03.jpg', '羽絨睡袋', 5, '露營必備，物超所值！', '2026-03-08 12:47:00'::timestamp AT TIME ZONE 'Asia/Taipei', 'NO_ORDER_ID: source review cannot be tied to an authoritative purchase'),
  ('REV005', 'U004', 'P005', 'v-P005-0', 'v-P005-0', '黃淑芬', '/assets/images/avatar-01.jpg', 'Coleman 氣化爐', 2, '顏色與圖片不符，有點失望。', '2026-03-09 11:26:00'::timestamp AT TIME ZONE 'Asia/Taipei', 'NO_ORDER_ID: source review cannot be tied to an authoritative purchase'),
  ('REV006', 'U006', 'P006', 'v-P006-0', 'v-P006-0', '陳大華', '/assets/images/avatar-03.jpg', 'Snow Peak 鈦合金杯組', 4, '功能符合期待，性價比高。', '2026-03-10 18:21:00'::timestamp AT TIME ZONE 'Asia/Taipei', 'NO_ORDER_ID: source review cannot be tied to an authoritative purchase'),
  ('REV007', 'U018', 'P007', 'v-P007-0', 'v-P007-0', '曾雅雯', '/assets/images/avatar-01.jpg', 'LED 露營燈', 1, '收到瑕疵品，申請退換貨中。', '2026-03-11 11:56:00'::timestamp AT TIME ZONE 'Asia/Taipei', 'NO_ORDER_ID: source review cannot be tied to an authoritative purchase'),
  ('REV008', 'U048', 'P008', 'v-P008-1', 'v-P008-1', '鄧欣妤', '/assets/images/avatar-01.jpg', '防水登山背包', 4, '整體不錯，小瑕疵可接受。', '2026-03-12 13:53:00'::timestamp AT TIME ZONE 'Asia/Taipei', 'NO_ORDER_ID: source review cannot be tied to an authoritative purchase'),
  ('REV009', 'U046', 'P009', 'v-P009-0', 'v-P009-0', '曹佩珊', '/assets/images/avatar-02.jpg', '折疊桌椅組', 1, '完全不符合描述，不推薦。', '2026-03-13 09:42:00'::timestamp AT TIME ZONE 'Asia/Taipei', 'NO_ORDER_ID: source review cannot be tied to an authoritative purchase'),
  ('REV010', 'U008', 'P010', 'v-P010-0', 'v-P010-0', '吳建宏', '/assets/images/avatar-02.jpg', '保溫壺 1L', 5, '使用體驗極佳，會再回購。', '2026-03-14 20:15:00'::timestamp AT TIME ZONE 'Asia/Taipei', 'NO_ORDER_ID: source review cannot be tied to an authoritative purchase'),
  ('REV011', 'U011', 'P011', 'v-P011-0', 'v-P011-0', '鄭文豪', '/assets/images/avatar-03.jpg', 'Snow Peak 客廳帳', 4, '品質良好，物流稍慢但可理解。', '2026-03-15 18:26:00'::timestamp AT TIME ZONE 'Asia/Taipei', 'NO_ORDER_ID: source review cannot be tied to an authoritative purchase'),
  ('REV012', 'U045', 'P012', 'v-P012-1', 'v-P012-1', '段家銘', '/assets/images/avatar-01.jpg', '四季保暖睡袋', 4, '整體不錯，小瑕疵可接受。', '2026-03-16 10:03:00'::timestamp AT TIME ZONE 'Asia/Taipei', 'NO_ORDER_ID: source review cannot be tied to an authoritative purchase'),
  ('REV013', 'U037', 'P013', 'v-P013-0', 'v-P013-0', '韓宗翰', '/assets/images/avatar-02.jpg', '折疊蛋捲桌', 3, '品質普通，價格略高。', '2026-03-17 08:42:00'::timestamp AT TIME ZONE 'Asia/Taipei', 'NO_ORDER_ID: source review cannot be tied to an authoritative purchase'),
  ('REV014', 'U030', 'P014', 'v-P014-0', 'v-P014-0', '簡惠如', '/assets/images/avatar-01.jpg', '高背月亮椅', 5, '出貨快速，包裝完整，大推！', '2026-03-18 19:24:00'::timestamp AT TIME ZONE 'Asia/Taipei', 'NO_ORDER_ID: source review cannot be tied to an authoritative purchase'),
  ('REV015', 'U050', 'P015', 'v-P015-0', 'v-P015-0', '丁惠珍', '/assets/images/avatar-03.jpg', '充電式頭燈', 4, '功能符合期待，性價比高。', '2026-03-19 08:26:00'::timestamp AT TIME ZONE 'Asia/Taipei', 'NO_ORDER_ID: source review cannot be tied to an authoritative purchase'),
  ('REV016', 'U015', 'P016', 'v-P016-0', 'v-P016-0', '洪偉傑', '/assets/images/avatar-01.jpg', '65L 重裝背包', 2, '材質比想像中薄，不太耐用。', '2026-03-20 11:49:00'::timestamp AT TIME ZONE 'Asia/Taipei', 'NO_ORDER_ID: source review cannot be tied to an authoritative purchase'),
  ('REV017', 'U019', 'P017', 'v-P017-0', 'v-P017-0', '廖俊傑', '/assets/images/avatar-02.jpg', '露營拖車', 5, '露營必備，物超所值！', '2026-03-21 16:00:00'::timestamp AT TIME ZONE 'Asia/Taipei', 'NO_ORDER_ID: source review cannot be tied to an authoritative purchase'),
  ('REV018', 'U017', 'P018', 'v-P018-0', 'v-P018-0', '邱冠宇', '/assets/images/avatar-03.jpg', '大型天幕', 2, '顏色與圖片不符，有點失望。', '2026-03-22 12:40:00'::timestamp AT TIME ZONE 'Asia/Taipei', 'NO_ORDER_ID: source review cannot be tied to an authoritative purchase'),
  ('REV019', 'U011', 'P019', 'v-P019-0', 'v-P019-0', '鄭文豪', '/assets/images/avatar-03.jpg', '營柱與營繩組', 2, '顏色與圖片不符，有點失望。', '2026-03-23 11:45:00'::timestamp AT TIME ZONE 'Asia/Taipei', 'NO_ORDER_ID: source review cannot be tied to an authoritative purchase'),
  ('REV020', 'U028', 'P020', 'v-P020-0', 'v-P020-0', '高詩涵', '/assets/images/avatar-02.jpg', '行動電源站', 4, '整體不錯，小瑕疵可接受。', '2026-03-24 14:30:00'::timestamp AT TIME ZONE 'Asia/Taipei', 'NO_ORDER_ID: source review cannot be tied to an authoritative purchase'),
  ('REV021', 'U050', 'P021', 'v-P021-0', 'v-P021-0', '丁惠珍', '/assets/images/avatar-03.jpg', '保冷冰桶 45L', 5, '出貨快速，包裝完整，大推！', '2026-03-25 19:22:00'::timestamp AT TIME ZONE 'Asia/Taipei', 'NO_ORDER_ID: source review cannot be tied to an authoritative purchase'),
  ('REV022', 'U009', 'P022', 'v-P022-0', 'v-P022-0', '劉雅婷', '/assets/images/avatar-03.jpg', '雙層防風外套', 2, '材質比想像中薄，不太耐用。', '2026-03-26 14:40:00'::timestamp AT TIME ZONE 'Asia/Taipei', 'NO_ORDER_ID: source review cannot be tied to an authoritative purchase'),
  ('REV023', 'U041', 'P023', 'v-P023-0', 'v-P023-0', '程俊賢', '/assets/images/avatar-03.jpg', '快煮鍋 1.5L', 5, '使用體驗極佳，會再回購。', '2026-03-27 20:12:00'::timestamp AT TIME ZONE 'Asia/Taipei', 'NO_ORDER_ID: source review cannot be tied to an authoritative purchase'),
  ('REV024', 'U049', 'P024', 'v-P024-0', 'v-P024-0', '許柏均', '/assets/images/avatar-02.jpg', '碳纖維登山杖', 5, '出貨快速，包裝完整，大推！', '2026-03-28 13:16:00'::timestamp AT TIME ZONE 'Asia/Taipei', 'NO_ORDER_ID: source review cannot be tied to an authoritative purchase'),
  ('REV025', 'U045', 'P025', 'v-P025-0', 'v-P025-0', '段家銘', '/assets/images/avatar-01.jpg', '防水戶外手錶', 4, '整體不錯，小瑕疵可接受。', '2026-03-29 10:03:00'::timestamp AT TIME ZONE 'Asia/Taipei', 'NO_ORDER_ID: source review cannot be tied to an authoritative purchase'),
  ('REV026', 'U024', 'P026', 'v-P026-0', 'v-P026-0', '莊淑惠', '/assets/images/avatar-01.jpg', '輕量吊床', 4, '品質良好，物流稍慢但可理解。', '2026-03-30 09:10:00'::timestamp AT TIME ZONE 'Asia/Taipei', 'NO_ORDER_ID: source review cannot be tied to an authoritative purchase'),
  ('REV027', 'U038', 'P027', 'v-P027-0', 'v-P027-0', '唐美玲', '/assets/images/avatar-03.jpg', '戶外淋浴袋', 3, '使用上沒大問題，包裝可再加強。', '2026-04-01 21:10:00'::timestamp AT TIME ZONE 'Asia/Taipei', 'NO_ORDER_ID: source review cannot be tied to an authoritative purchase'),
  ('REV028', 'U028', 'P028', 'v-P028-0', 'v-P028-0', '高詩涵', '/assets/images/avatar-02.jpg', '折疊式焚火台', 3, '品質普通，價格略高。', '2026-04-02 11:42:00'::timestamp AT TIME ZONE 'Asia/Taipei', 'NO_ORDER_ID: source review cannot be tied to an authoritative purchase'),
  ('REV029', 'U021', 'P029', 'v-P029-0', 'v-P029-0', '徐柏翰', '/assets/images/avatar-01.jpg', '防蚊帳篷內帳', 3, '使用上沒大問題，包裝可再加強。', '2026-04-03 14:09:00'::timestamp AT TIME ZONE 'Asia/Taipei', 'NO_ORDER_ID: source review cannot be tied to an authoritative purchase'),
  ('REV030', 'U042', 'P030', 'v-P030-0', 'v-P030-0', '傅淑芬', '/assets/images/avatar-01.jpg', '露營貼紙組', 5, '品質超棒，非常滿意！', '2026-04-04 17:04:00'::timestamp AT TIME ZONE 'Asia/Taipei', 'NO_ORDER_ID: source review cannot be tied to an authoritative purchase'),
  ('REV032', 'U032', 'P008', 'v-P008-0', 'v-P008-0', '鍾怡君', '/assets/images/avatar-03.jpg', '防水登山背包', 4, '睡袋保暖效果佳，推薦秋冬使用。', '2026-07-12 14:30:00'::timestamp AT TIME ZONE 'Asia/Taipei', 'NO_ORDER_ID: source review cannot be tied to an authoritative purchase'),
  ('REV033', 'U036', 'P024', 'v-P024-0', 'v-P024-0', '彭心怡', '/assets/images/avatar-01.jpg', '碳纖維登山杖', 5, '登山杖輕量穩固，八月爬山必備。', '2026-07-15 09:20:00'::timestamp AT TIME ZONE 'Asia/Taipei', 'NO_ORDER_ID: source review cannot be tied to an authoritative purchase'),
  ('REV034', 'U043', 'P009', 'v-P009-0', 'v-P009-0', '范冠霖', '/assets/images/avatar-02.jpg', '折疊桌椅組', 4, '桌椅組收納方便，家庭露營很實用。', '2026-07-25 16:00:00'::timestamp AT TIME ZONE 'Asia/Taipei', 'NO_ORDER_ID: source review cannot be tied to an authoritative purchase'),
  ('REV035', 'U047', 'P013', 'v-P013-0', 'v-P013-0', '袁宇翔', '/assets/images/avatar-03.jpg', '折疊蛋捲桌', 5, '八月促銷入手，CP 值很高！', '2026-08-12 11:45:00'::timestamp AT TIME ZONE 'Asia/Taipei', 'NO_ORDER_ID: source review cannot be tied to an authoritative purchase'),
  ('REV036', 'U049', 'P016', 'v-P016-0', 'v-P016-0', '許柏均', '/assets/images/avatar-02.jpg', '65L 重裝背包', 4, '爐具火力足，中秋烤肉露營剛好。', '2026-08-28 10:10:00'::timestamp AT TIME ZONE 'Asia/Taipei', 'NO_ORDER_ID: source review cannot be tied to an authoritative purchase'),
  ('REV037', 'U001', 'P019', 'v-P019-0', 'v-P019-0', 'Amy Chen', '/assets/images/avatar-01.jpg', '營柱與營繩組', 5, '九月補貨到貨，包裝完整無損。', '2026-09-05 15:00:00'::timestamp AT TIME ZONE 'Asia/Taipei', 'NO_ORDER_ID: source review cannot be tied to an authoritative purchase'),
  ('REV038', 'U003', 'P021', 'v-P021-0', 'v-P021-0', '張志偉', '/assets/images/avatar-03.jpg', '保冷冰桶 45L', 5, '秋季露營必備，質感很好。', '2026-09-18 09:30:00'::timestamp AT TIME ZONE 'Asia/Taipei', 'NO_ORDER_ID: source review cannot be tied to an authoritative purchase');

-- review_photos: no source rows

-- legacy_review_photos: no source rows

INSERT INTO articles_p6 (id, title, category, author, author_avatar_url, published_at, summary, cover_image_url, reading_minutes, featured, status, created_at, updated_at) VALUES
  ('art-001', '露營新手指南：如何選擇適合自己的帳篷', '新手教學', 'Amy 露營教練', 'https://picsum.photos/seed/author1/40/40', '2026-03-15 00:00:00'::timestamp AT TIME ZONE 'Asia/Taipei', '第一次露營，面對琳琅滿目的帳篷品牌和型號，你是否也感到茫然？本篇整理了選擇帳篷前必須考慮的 5 大關鍵因素，讓你第一次就買對！', 'https://picsum.photos/seed/article1/800/450', 8, TRUE, 'published', '2026-03-15 00:00:00'::timestamp AT TIME ZONE 'Asia/Taipei', '2026-03-15 00:00:00'::timestamp AT TIME ZONE 'Asia/Taipei'),
  ('art-002', '2026 春季露營景點推薦：台灣最美五大營地', '景點推薦', 'Tom 資深露友', 'https://picsum.photos/seed/author2/40/40', '2026-03-20 00:00:00'::timestamp AT TIME ZONE 'Asia/Taipei', '春暖花開，正是露營的黃金季節！我們精選了台灣五個各具特色的營地，有夜景美景、有林間靜謐，更有親子友善設施，讓你週末說走就走。', 'https://picsum.photos/seed/article2/800/450', 6, FALSE, 'published', '2026-03-20 00:00:00'::timestamp AT TIME ZONE 'Asia/Taipei', '2026-03-20 00:00:00'::timestamp AT TIME ZONE 'Asia/Taipei'),
  ('art-003', '露營廚藝升級：如何用瓦斯爐做出星級料理', '生活技巧', 'Jenny 美食露友', 'https://picsum.photos/seed/author3/40/40', '2026-04-01 00:00:00'::timestamp AT TIME ZONE 'Asia/Taipei', '誰說戶外料理只能泡麵？只要準備對工具，在營地也能享受媲美餐廳的美食！本篇分享我最常用的 3 道戶外料理食譜和必備炊具清單。', 'https://picsum.photos/seed/article3/800/450', 10, FALSE, 'published', '2026-04-01 00:00:00'::timestamp AT TIME ZONE 'Asia/Taipei', '2026-04-01 00:00:00'::timestamp AT TIME ZONE 'Asia/Taipei'),
  ('art-004', '登山健行裝備完全指南：從頭到腳的清單', '裝備評測', 'Mark 登山嚮導', 'https://picsum.photos/seed/author4/40/40', '2026-04-10 00:00:00'::timestamp AT TIME ZONE 'Asia/Taipei', '計畫人生第一次登山健行？這份從頭到腳的裝備清單，讓你出發前不遺漏任何重要裝備，同時避免過度購買造成背包超重。', 'https://picsum.photos/seed/article4/800/450', 12, TRUE, 'published', '2026-04-10 00:00:00'::timestamp AT TIME ZONE 'Asia/Taipei', '2026-04-10 00:00:00'::timestamp AT TIME ZONE 'Asia/Taipei'),
  ('art-005', '輕量化露營入門：如何讓背包重量低於 10kg', '新手教學', 'Amy 露營教練', 'https://picsum.photos/seed/author1/40/40', '2026-04-20 00:00:00'::timestamp AT TIME ZONE 'Asia/Taipei', '輕量化不代表要犧牲舒適度，更不需要花大錢換頂級裝備。透過聰明的裝備選擇和打包技巧，你也能讓背包重量大幅降低。', 'https://picsum.photos/seed/article5/800/450', 9, FALSE, 'published', '2026-04-20 00:00:00'::timestamp AT TIME ZONE 'Asia/Taipei', '2026-04-20 00:00:00'::timestamp AT TIME ZONE 'Asia/Taipei'),
  ('art-006', '夏季防蟲防曬：戶外活動者的全季節保護攻略', '生活技巧', 'Jenny 美食露友', 'https://picsum.photos/seed/author3/40/40', '2026-05-01 00:00:00'::timestamp AT TIME ZONE 'Asia/Taipei', '夏季戶外活動最大的困擾莫過於蚊蟲叮咬和強烈日曬。本篇整理了實測有效的防蟲防曬策略，讓你夏天露營也能清爽舒適。', 'https://picsum.photos/seed/article6/800/450', 7, FALSE, 'published', '2026-05-01 00:00:00'::timestamp AT TIME ZONE 'Asia/Taipei', '2026-05-01 00:00:00'::timestamp AT TIME ZONE 'Asia/Taipei');

INSERT INTO article_tags (article_id, tag) VALUES
  ('art-001', '新手'),
  ('art-001', '帳篷'),
  ('art-001', '購買指南'),
  ('art-002', '景點'),
  ('art-002', '春季'),
  ('art-002', '台灣'),
  ('art-003', '料理'),
  ('art-003', '炊具'),
  ('art-003', '生活技巧'),
  ('art-004', '登山'),
  ('art-004', '裝備'),
  ('art-004', '清單'),
  ('art-005', '輕量化'),
  ('art-005', '裝備'),
  ('art-005', '背包'),
  ('art-006', '夏季'),
  ('art-006', '防蟲'),
  ('art-006', '防曬');

INSERT INTO article_content_blocks_p6 (id, article_id, sort_order, block_type, text_content, product_id) VALUES
  (1, 'art-001', 0, 'text', '帳篷是露營裝備中最重要的投資，選對了可以陪伴你走遍山林，選錯了可能讓你的露營體驗大打折扣。以下是我在帶過數百場露營課程後，整理出的五大選購關鍵。', NULL),
  (2, 'art-001', 1, 'heading', '1. 容納人數：不要只看標示', NULL),
  (3, 'art-001', 2, 'text', '帳篷標示的「2人帳」往往只是剛好塞下兩個睡袋的尺寸，幾乎沒有額外空間。建議有兩人使用時選擇「3人帳」，家庭露營（4人）則選「6人帳」，才能有舒適的移動空間。', NULL),
  (4, 'art-001', 3, 'product', NULL, 'P001'),
  (5, 'art-001', 4, 'heading', '2. 防水係數：台灣多雨環境的必要考量', NULL),
  (6, 'art-001', 5, 'text', '台灣山區雨量充沛，建議選擇防水係數（耐水壓）至少 2000mm 以上的帳篷。如果常在高山露營，建議 3000mm 以上。外帳縫線部分務必確認是否有防水膠條處理。', NULL),
  (7, 'art-001', 6, 'heading', '3. 重量：你真的需要超輕嗎？', NULL),
  (8, 'art-001', 7, 'text', '輕量帳篷通常售價昂貴，如果只是車泊（汽車露營），1-2kg 的重量差異其實不重要。只有在需要長途徒步的場景，輕量化才是優先考量。', NULL),
  (9, 'art-001', 8, 'product', NULL, 'P010'),
  (10, 'art-001', 9, 'heading', '4. 通風設計：悶熱才是夏天最大的敵人', NULL),
  (11, 'art-001', 10, 'text', '夏天露營，帳篷的通風比保暖更重要。尋找有前後通風口、內帳以網布為主的設計，可以有效降低帳內溫度，讓你在悶熱的夏夜也能舒適入眠。', NULL),
  (12, 'art-001', 11, 'heading', '5. 搭建難度：建議現場試搭', NULL),
  (13, 'art-001', 12, 'text', '購買前若可以在門市試搭是最理想的。網路購買時，可以搜尋 YouTube 搭建教學影片，評估是否在天黑、疲憊的狀態下也能搭建完成。', NULL),
  (14, 'art-002', 0, 'text', '春天是露營最舒適的季節，氣候宜人，蟲蟲還未大量出沒。以下是我今年走訪過的五個值得推薦的營地。', NULL),
  (15, 'art-002', 1, 'heading', '1. 合歡山頂高山帳篷區', NULL),
  (16, 'art-002', 2, 'text', '海拔 3275 公尺的合歡山，夜晚星空之美無與倫比。需要提前申請入場，裝備必須能應對低溫（夜晚可能低至 5°C 以下）。建議攜帶 -5°C 等級睡袋。', NULL),
  (17, 'art-002', 3, 'product', NULL, 'P004'),
  (18, 'art-002', 4, 'heading', '2. 福隆海水浴場海景營地', NULL),
  (19, 'art-002', 5, 'text', '可以一邊聽海浪聲入眠的海景營地，交通便利（距台北約一小時），設施完善，適合親子家庭。建議攜帶大型天幕帳遮陽。', NULL),
  (20, 'art-002', 6, 'product', NULL, 'P018'),
  (21, 'art-003', 0, 'text', '戶外料理是露營體驗中最有趣的部分之一。配合大自然的環境，即使是簡單的料理也會變得格外美味。', NULL),
  (22, 'art-003', 1, 'heading', '必備炊具清單', NULL),
  (23, 'art-003', 2, 'text', '入門露營廚師建議攜帶：輕量化瓦斯爐一台、1.5L 鋁合金鍋一只、折疊式砧板、不鏽鋼刀具組。進階版本則可以考慮鑄鐵鍋和瓦斯雙口爐。', NULL),
  (24, 'art-003', 3, 'product', NULL, 'P003'),
  (25, 'art-003', 4, 'product', NULL, 'P012'),
  (26, 'art-003', 5, 'heading', '食譜 1：一鍋鮮菇雞肉炊飯', NULL),
  (27, 'art-003', 6, 'text', '食材全部事先在家切好裝袋，到營地只需一個鍋子就能完成。洗米→加入雞腿塊、舞菇、醬油、味醂→大火煮滾→轉小火悶 15 分鐘，起鍋前撒上蔥花即可。', NULL),
  (28, 'art-004', 0, 'text', '登山前的裝備準備是整個旅程最重要的環節。以下依照重要性分類列出必備裝備。', NULL),
  (29, 'art-004', 1, 'heading', '十大必攜裝備（The Ten Essentials）', NULL),
  (30, 'art-004', 2, 'text', '這是登山界公認的安全基本裝備清單：導航工具、頭燈、防曬防護、急救用品、修繕工具、火種、緊急避難工具、食物、飲水、衣物備品。', NULL),
  (31, 'art-004', 3, 'product', NULL, 'P009'),
  (32, 'art-004', 4, 'product', NULL, 'P002'),
  (33, 'art-005', 0, 'text', '輕量化露營（Ultralight Backpacking）近年越來越受到重視，因為減輕負重不只讓行走更輕鬆，更能讓你在路上欣賞更多風景。', NULL),
  (34, 'art-005', 1, 'heading', '「大三樣」是關鍵', NULL),
  (35, 'art-005', 2, 'text', '背包、帳篷、睡袋被稱為「大三樣」，佔了背包重量的 50-70%。優先投資輕量化的大三樣，效益最高。', NULL),
  (36, 'art-005', 3, 'product', NULL, 'P001'),
  (37, 'art-005', 4, 'product', NULL, 'P013'),
  (38, 'art-006', 0, 'text', '夏天露營是很多人的夢想，但炎熱、蚊蟲和強烈紫外線常常成為阻礙。以下幾個策略可以有效提升夏日露營體驗。', NULL),
  (39, 'art-006', 1, 'heading', '防蟲三大法', NULL),
  (40, 'art-006', 2, 'text', '1. 選擇長袖排汗衣：既能防曬又能減少暴露肌膚。2. DEET 成分防蚊液：噴在衣服上效果更好。3. 天幕防蚊帳：讓烹飪和用餐空間完全隔絕蚊蟲。', NULL),
  (41, 'art-006', 3, 'product', NULL, 'P017');

INSERT INTO article_related_products_p6 (article_id, product_id, sort_order) VALUES
  ('art-001', 'P001', 0),
  ('art-001', 'P010', 1),
  ('art-001', 'P018', 2),
  ('art-002', 'P007', 0),
  ('art-002', 'P016', 1),
  ('art-003', 'P003', 0),
  ('art-003', 'P012', 1),
  ('art-004', 'P002', 0),
  ('art-004', 'P007', 1),
  ('art-004', 'P009', 2),
  ('art-004', 'P011', 3),
  ('art-005', 'P001', 0),
  ('art-005', 'P008', 1),
  ('art-005', 'P013', 2),
  ('art-006', 'P007', 0),
  ('art-006', 'P017', 1);

SELECT setval(pg_get_serial_sequence('article_content_blocks_p6', 'id'), 41, true);

-- Frozen expected source counts: {"sourceReviews":38,"formalReviews":1,"legacyReviews":37,"formalReviewPhotos":0,"legacyReviewPhotos":0,"replyPayloadRows":0,"articles":6,"articleTags":18,"articleBlocks":41,"textBlocks":18,"headingBlocks":12,"productBlocks":11,"relatedProducts":16,"ambiguousReviewMatches":0,"unclassifiedReviews":0}

